{
	"credit": "Made with Blockbench",
	"texture_size": [32, 32],
	"textures": {
		"1": "custom/weapons/bow/ironcrossbow",
		"particle": "custom/weapons/bow/ironcrossbow"
	},
	"elements": [
		{
			"from": [3.9875, 1.759, 3.94244],
			"to": [5.4875, 3.7965, 5.44244],
			"rotation": {"angle": -45, "axis": "y", "origin": [4.4875, 1.28452, 4.44244]},
			"faces": {
				"north": {"uv": [2, 7.5, 2.75, 8.5], "texture": "#1"},
				"east": {"uv": [3, 7.5, 3.75, 8.5], "texture": "#1"},
				"south": {"uv": [7.5, 4.5, 8.25, 5.5], "texture": "#1"},
				"west": {"uv": [5, 7.5, 5.75, 8.5], "texture": "#1"},
				"up": {"uv": [9.25, 6.25, 8.5, 5.5], "texture": "#1"},
				"down": {"uv": [9.25, 7, 8.5, 7.75], "texture": "#1"}
			}
		},
		{
			"from": [3.9875, 1.75952, 5.44244],
			"to": [4.9875, 2.75952, 8.94244],
			"rotation": {"angle": -45, "axis": "y", "origin": [4.4875, 1.25952, 4.44244]},
			"faces": {
				"north": {"uv": [6.5, 5.5, 7, 6], "texture": "#1"},
				"east": {"uv": [6, 1.5, 7.75, 2], "texture": "#1"},
				"south": {"uv": [8, 1.5, 8.5, 2], "texture": "#1"},
				"west": {"uv": [6.5, 4, 8.25, 4.5], "texture": "#1"},
				"up": {"uv": [0.5, 8.75, 0, 7], "texture": "#1"},
				"down": {"uv": [1, 7, 0.5, 8.75], "texture": "#1"}
			}
		},
		{
			"from": [0.70196, 2.25952, 6.93153],
			"to": [2.20196, 3.29702, 8.43153],
			"rotation": {"angle": 22.5, "axis": "y", "origin": [0.95196, 2.28452, 8.33153]},
			"faces": {
				"north": {"uv": [3, 9.5, 3.75, 10], "texture": "#1"},
				"east": {"uv": [9.5, 5.5, 10.25, 6], "texture": "#1"},
				"south": {"uv": [9.5, 6, 10.25, 6.5], "texture": "#1"},
				"west": {"uv": [7, 9.5, 7.75, 10], "texture": "#1"},
				"up": {"uv": [9.25, 8.75, 8.5, 8], "texture": "#1"},
				"down": {"uv": [0.75, 9, 0, 9.75], "texture": "#1"}
			}
		},
		{
			"from": [1.20196, 1.53452, 7.43153],
			"to": [1.70196, 4.03452, 7.93153],
			"rotation": {"angle": 22.5, "axis": "y", "origin": [0.95196, 2.28452, 8.33153]},
			"faces": {
				"north": {"uv": [7, 10, 7.25, 11.25], "texture": "#1"},
				"east": {"uv": [7.5, 10, 7.75, 11.25], "texture": "#1"},
				"south": {"uv": [8, 10, 8.25, 11.25], "texture": "#1"},
				"west": {"uv": [8.5, 10, 8.75, 11.25], "texture": "#1"},
				"up": {"uv": [11.25, 5.75, 11, 5.5], "texture": "#1"},
				"down": {"uv": [11.25, 6, 11, 6.25], "texture": "#1"}
			}
		},
		{
			"from": [3.9875, 3.29702, 5.44244],
			"to": [4.9875, 3.79702, 8.94244],
			"rotation": {"angle": -45, "axis": "y", "origin": [4.4875, 1.29702, 4.44244]},
			"faces": {
				"north": {"uv": [11, 1, 11.5, 1.25], "texture": "#1"},
				"east": {"uv": [9.5, 2, 11.25, 2.25], "texture": "#1"},
				"south": {"uv": [11, 3, 11.5, 3.25], "texture": "#1"},
				"west": {"uv": [9.5, 2.5, 11.25, 2.75], "texture": "#1"},
				"up": {"uv": [1.5, 8.75, 1, 7], "texture": "#1"},
				"down": {"uv": [4.5, 7, 4, 8.75], "texture": "#1"}
			}
		},
		{
			"from": [4.4875, 1.75952, 3.73534],
			"to": [6.5, 2.75952, 5.23534],
			"rotation": {"angle": 0, "axis": "y", "origin": [3, 0.75952, 3.73534]},
			"faces": {
				"north": {"uv": [9, 6.5, 10, 7], "texture": "#1"},
				"east": {"uv": [9.5, 7, 10.25, 7.5], "texture": "#1"},
				"south": {"uv": [7, 9, 8, 9.5], "texture": "#1"},
				"west": {"uv": [9.5, 7.5, 10.25, 8], "texture": "#1"},
				"up": {"uv": [8.5, 6.25, 7.5, 5.5], "texture": "#1"},
				"down": {"uv": [7, 7.5, 6, 8.25], "texture": "#1"}
			}
		},
		{
			"from": [9.5, 1.75952, 3.73534],
			"to": [11.5125, 2.75952, 5.23534],
			"rotation": {"angle": 0, "axis": "y", "origin": [13, 0.75952, 3.73534]},
			"faces": {
				"north": {"uv": [10, 6.5, 9, 7], "texture": "#1"},
				"east": {"uv": [10.25, 7.5, 9.5, 8], "texture": "#1"},
				"south": {"uv": [8, 9, 7, 9.5], "texture": "#1"},
				"west": {"uv": [10.25, 7, 9.5, 7.5], "texture": "#1"},
				"up": {"uv": [7.5, 6.25, 8.5, 5.5], "texture": "#1"},
				"down": {"uv": [6, 7.5, 7, 8.25], "texture": "#1"}
			}
		},
		{
			"from": [10.5125, 1.759, 3.94244],
			"to": [12.0125, 3.7965, 5.44244],
			"rotation": {"angle": 45, "axis": "y", "origin": [11.5125, 1.28452, 4.44244]},
			"faces": {
				"north": {"uv": [2.75, 7.5, 2, 8.5], "texture": "#1"},
				"east": {"uv": [5.75, 7.5, 5, 8.5], "texture": "#1"},
				"south": {"uv": [8.25, 4.5, 7.5, 5.5], "texture": "#1"},
				"west": {"uv": [3.75, 7.5, 3, 8.5], "texture": "#1"},
				"up": {"uv": [8.5, 6.25, 9.25, 5.5], "texture": "#1"},
				"down": {"uv": [8.5, 7, 9.25, 7.75], "texture": "#1"}
			}
		},
		{
			"from": [11.0125, 3.29702, 5.44244],
			"to": [12.0125, 3.79702, 8.94244],
			"rotation": {"angle": 45, "axis": "y", "origin": [11.5125, 1.29702, 4.44244]},
			"faces": {
				"north": {"uv": [11.5, 1, 11, 1.25], "texture": "#1"},
				"east": {"uv": [11.25, 2.5, 9.5, 2.75], "texture": "#1"},
				"south": {"uv": [11.5, 3, 11, 3.25], "texture": "#1"},
				"west": {"uv": [11.25, 2, 9.5, 2.25], "texture": "#1"},
				"up": {"uv": [1, 8.75, 1.5, 7], "texture": "#1"},
				"down": {"uv": [4, 7, 4.5, 8.75], "texture": "#1"}
			}
		},
		{
			"from": [11.0125, 1.75952, 5.44244],
			"to": [12.0125, 2.75952, 8.94244],
			"rotation": {"angle": 45, "axis": "y", "origin": [11.5125, 1.25952, 4.44244]},
			"faces": {
				"north": {"uv": [7, 5.5, 6.5, 6], "texture": "#1"},
				"east": {"uv": [8.25, 4, 6.5, 4.5], "texture": "#1"},
				"south": {"uv": [8.5, 1.5, 8, 2], "texture": "#1"},
				"west": {"uv": [7.75, 1.5, 6, 2], "texture": "#1"},
				"up": {"uv": [0, 8.75, 0.5, 7], "texture": "#1"},
				"down": {"uv": [0.5, 7, 1, 8.75], "texture": "#1"}
			}
		},
		{
			"from": [13.79804, 2.25952, 6.93153],
			"to": [15.29804, 3.29702, 8.43153],
			"rotation": {"angle": -22.5, "axis": "y", "origin": [15.04804, 2.28452, 8.33153]},
			"faces": {
				"north": {"uv": [3.75, 9.5, 3, 10], "texture": "#1"},
				"east": {"uv": [7.75, 9.5, 7, 10], "texture": "#1"},
				"south": {"uv": [10.25, 6, 9.5, 6.5], "texture": "#1"},
				"west": {"uv": [10.25, 5.5, 9.5, 6], "texture": "#1"},
				"up": {"uv": [8.5, 8.75, 9.25, 8], "texture": "#1"},
				"down": {"uv": [0, 9, 0.75, 9.75], "texture": "#1"}
			}
		},
		{
			"from": [14.29804, 1.53452, 7.43153],
			"to": [14.79804, 4.03452, 7.93153],
			"rotation": {"angle": -22.5, "axis": "y", "origin": [15.04804, 2.28452, 8.33153]},
			"faces": {
				"north": {"uv": [7.25, 10, 7, 11.25], "texture": "#1"},
				"east": {"uv": [8.75, 10, 8.5, 11.25], "texture": "#1"},
				"south": {"uv": [8.25, 10, 8, 11.25], "texture": "#1"},
				"west": {"uv": [7.75, 10, 7.5, 11.25], "texture": "#1"},
				"up": {"uv": [11, 5.75, 11.25, 5.5], "texture": "#1"},
				"down": {"uv": [11, 6, 11.25, 6.25], "texture": "#1"}
			}
		},
		{
			"from": [7, 1.25952, 3.73534],
			"to": [9, 2.75952, 6.23534],
			"rotation": {"angle": 0, "axis": "y", "origin": [3, 0.75952, 3.73534]},
			"faces": {
				"north": {"uv": [3, 8.5, 4, 9.25], "texture": "#1"},
				"east": {"uv": [2.5, 6.5, 3.75, 7.25], "texture": "#1"},
				"south": {"uv": [8.5, 4, 9.5, 4.75], "texture": "#1"},
				"west": {"uv": [6.5, 3, 7.75, 3.75], "texture": "#1"},
				"up": {"uv": [4, 4.25, 3, 3], "texture": "#1"},
				"down": {"uv": [5, 3, 4, 4.25], "texture": "#1"}
			}
		},
		{
			"from": [7.375, 2.25952, 6.23534],
			"to": [8.625, 3.25952, 10.73534],
			"rotation": {"angle": 22.5, "axis": "x", "origin": [8, 1.00952, 4.98534]},
			"faces": {
				"north": {"uv": [2, 10, 2.75, 10.5], "texture": "#1"},
				"east": {"uv": [6, 1, 8.25, 1.5], "texture": "#1"},
				"south": {"uv": [3, 10, 3.75, 10.5], "texture": "#1"},
				"west": {"uv": [1.5, 6, 3.75, 6.5], "texture": "#1"},
				"up": {"uv": [0.75, 4.25, 0, 2], "texture": "#1"},
				"down": {"uv": [1.75, 2, 1, 4.25], "texture": "#1"}
			}
		},
		{
			"from": [7, 1.73452, 6.23534],
			"to": [9, 2.75952, 8.73534],
			"rotation": {"angle": 0, "axis": "y", "origin": [3, 0.75952, 3.73534]},
			"faces": {
				"north": {"uv": [9.5, 0, 10.5, 0.5], "texture": "#1"},
				"east": {"uv": [5, 8.5, 6.25, 9], "texture": "#1"},
				"south": {"uv": [9.5, 0.5, 10.5, 1], "texture": "#1"},
				"west": {"uv": [8.5, 5, 9.75, 5.5], "texture": "#1"},
				"up": {"uv": [1, 5.75, 0, 4.5], "texture": "#1"},
				"down": {"uv": [2, 4.5, 1, 5.75], "texture": "#1"}
			}
		},
		{
			"from": [7.5, 1.75952, 3.36034],
			"to": [8.5, 3.25952, 8.73534],
			"rotation": {"angle": 0, "axis": "y", "origin": [3, 0.75952, 3.73534]},
			"faces": {
				"north": {"uv": [6.5, 4.5, 7, 5.25], "texture": "#1"},
				"east": {"uv": [0, 0, 2.75, 0.75], "texture": "#1"},
				"south": {"uv": [10, 3, 10.5, 3.75], "texture": "#1"},
				"west": {"uv": [0, 1, 2.75, 1.75], "texture": "#1"},
				"up": {"uv": [2.5, 5.75, 2, 3], "texture": "#1"},
				"down": {"uv": [3, 3, 2.5, 5.75], "texture": "#1"}
			}
		},
		{
			"from": [1.65, 3.28452, 7.57284],
			"to": [14.35, 3.28452, 7.94784],
			"rotation": {"angle": 0, "axis": "y", "origin": [3, 0.75952, 3.73534]},
			"faces": {
				"north": {"uv": [0, 0, 6.25, 0], "texture": "#1"},
				"east": {"uv": [0, 0, 0.25, 0], "texture": "#1"},
				"south": {"uv": [0, 0, 6.25, 0], "texture": "#1"},
				"west": {"uv": [0, 0, 0.25, 0], "texture": "#1"},
				"up": {"uv": [9.25, 0.25, 3, 0], "texture": "#1"},
				"down": {"uv": [9.25, 0.5, 3, 0.75], "texture": "#1"}
			}
		},
		{
			"from": [7, 1.25952, 8.73534],
			"to": [9, 3.25952, 11.23534],
			"rotation": {"angle": 0, "axis": "y", "origin": [3, 0.75952, 3.73534]},
			"faces": {
				"north": {"uv": [4, 6, 5, 7], "texture": "#1"},
				"east": {"uv": [3, 1, 4.25, 2], "texture": "#1"},
				"south": {"uv": [5, 6, 6, 7], "texture": "#1"},
				"west": {"uv": [4.5, 1, 5.75, 2], "texture": "#1"},
				"up": {"uv": [4, 5.75, 3, 4.5], "texture": "#1"},
				"down": {"uv": [5, 4.5, 4, 5.75], "texture": "#1"}
			}
		},
		{
			"from": [7, 2.25952, 11.23534],
			"to": [9, 3.25952, 13.23534],
			"rotation": {"angle": 0, "axis": "y", "origin": [3, 0.75952, 3.73534]},
			"faces": {
				"north": {"uv": [1, 9.5, 2, 10], "texture": "#1"},
				"east": {"uv": [9.5, 1, 10.5, 1.5], "texture": "#1"},
				"south": {"uv": [9.5, 1.5, 10.5, 2], "texture": "#1"},
				"west": {"uv": [2, 9.5, 3, 10], "texture": "#1"},
				"up": {"uv": [7, 7, 6, 6], "texture": "#1"},
				"down": {"uv": [2.5, 6.5, 1.5, 7.5], "texture": "#1"}
			}
		},
		{
			"from": [6.5, 1.25952, 3.23534],
			"to": [7, 3.25952, 5.73534],
			"rotation": {"angle": 0, "axis": "y", "origin": [12.5, 0.75952, 3.73534]},
			"faces": {
				"north": {"uv": [2, 10.5, 2.25, 11.5], "texture": "#1"},
				"east": {"uv": [5, 3, 6.25, 4], "texture": "#1"},
				"south": {"uv": [2.5, 10.5, 2.75, 11.5], "texture": "#1"},
				"west": {"uv": [5, 4, 6.25, 5], "texture": "#1"},
				"up": {"uv": [10.75, 1.25, 10.5, 0], "texture": "#1"},
				"down": {"uv": [0.75, 10.5, 0.5, 11.75], "texture": "#1"}
			}
		},
		{
			"from": [6.6875, 0.75952, 1.73534],
			"to": [7.1875, 1.25952, 3.77284],
			"rotation": {"angle": -22.5, "axis": "x", "origin": [6.75, 1.50952, 1.98534]},
			"faces": {
				"north": {"uv": [11, 9.5, 11.25, 9.75], "texture": "#1"},
				"east": {"uv": [10, 6.5, 11, 6.75], "texture": "#1"},
				"south": {"uv": [11, 10, 11.25, 10.25], "texture": "#1"},
				"west": {"uv": [10.5, 1.5, 11.5, 1.75], "texture": "#1"},
				"up": {"uv": [3.25, 11.5, 3, 10.5], "texture": "#1"},
				"down": {"uv": [10.75, 3, 10.5, 4], "texture": "#1"}
			}
		},
		{
			"from": [8.8125, 0.75952, 1.73534],
			"to": [9.3125, 1.25952, 3.77284],
			"rotation": {"angle": -22.5, "axis": "x", "origin": [9.25, 1.50952, 1.98534]},
			"faces": {
				"north": {"uv": [10.5, 11, 10.75, 11.25], "texture": "#1"},
				"east": {"uv": [3.5, 10.5, 4.5, 10.75], "texture": "#1"},
				"south": {"uv": [11, 10.5, 11.25, 10.75], "texture": "#1"},
				"west": {"uv": [4.5, 10.5, 5.5, 10.75], "texture": "#1"},
				"up": {"uv": [5.75, 11.5, 5.5, 10.5], "texture": "#1"},
				"down": {"uv": [10.75, 5.5, 10.5, 6.5], "texture": "#1"}
			}
		},
		{
			"from": [7.1875, 0.75952, 1.73534],
			"to": [8.8125, 1.25952, 2.23534],
			"rotation": {"angle": -22.5, "axis": "x", "origin": [9.25, 1.50952, 1.98534]},
			"faces": {
				"north": {"uv": [10.5, 7, 11.25, 7.25], "texture": "#1"},
				"east": {"uv": [11, 11, 11.25, 11.25], "texture": "#1"},
				"south": {"uv": [10.5, 7.5, 11.25, 7.75], "texture": "#1"},
				"west": {"uv": [11.5, 0, 11.75, 0.25], "texture": "#1"},
				"up": {"uv": [11.25, 8.25, 10.5, 8], "texture": "#1"},
				"down": {"uv": [11.25, 8.5, 10.5, 8.75], "texture": "#1"}
			}
		},
		{
			"from": [6.28186, 2.25952, 1.78867],
			"to": [6.78186, 3.25952, 3.28867],
			"rotation": {"angle": 22.5, "axis": "y", "origin": [6.75686, 2.50952, 2.71367]},
			"faces": {
				"north": {"uv": [4, 11, 4.25, 11.5], "texture": "#1"},
				"east": {"uv": [4, 10, 4.75, 10.5], "texture": "#1"},
				"south": {"uv": [4.5, 11, 4.75, 11.5], "texture": "#1"},
				"west": {"uv": [5, 10, 5.75, 10.5], "texture": "#1"},
				"up": {"uv": [10.75, 9.75, 10.5, 9], "texture": "#1"},
				"down": {"uv": [10.25, 10.5, 10, 11.25], "texture": "#1"}
			}
		},
		{
			"from": [9, 1.25952, 3.23534],
			"to": [9.5, 3.25952, 5.73534],
			"rotation": {"angle": 0, "axis": "y", "origin": [3.5, 0.75952, 3.73534]},
			"faces": {
				"north": {"uv": [6, 10.5, 6.25, 11.5], "texture": "#1"},
				"east": {"uv": [5, 5, 6.25, 6], "texture": "#1"},
				"south": {"uv": [6.5, 10.5, 6.75, 11.5], "texture": "#1"},
				"west": {"uv": [0, 6, 1.25, 7], "texture": "#1"},
				"up": {"uv": [1.25, 11.75, 1, 10.5], "texture": "#1"},
				"down": {"uv": [1.75, 10.5, 1.5, 11.75], "texture": "#1"}
			}
		},
		{
			"from": [9.225, 2.25952, 1.81034],
			"to": [9.725, 3.25952, 3.31034],
			"rotation": {"angle": -22.5, "axis": "y", "origin": [9.25, 2.50952, 2.73534]},
			"faces": {
				"north": {"uv": [5, 11, 5.25, 11.5], "texture": "#1"},
				"east": {"uv": [10, 5, 10.75, 5.5], "texture": "#1"},
				"south": {"uv": [11, 5, 11.25, 5.5], "texture": "#1"},
				"west": {"uv": [6, 10, 6.75, 10.5], "texture": "#1"},
				"up": {"uv": [10.75, 10.75, 10.5, 10], "texture": "#1"},
				"down": {"uv": [11.25, 0, 11, 0.75], "texture": "#1"}
			}
		}
	],
	"gui_light": "front",
	"display": {
		"thirdperson_righthand": {
			"translation": [0, 10.25, -2],
			"scale": [1.5, 1.5, 1.5]
		},
		"thirdperson_lefthand": {
			"translation": [0, 10.25, -2],
			"scale": [1.5, 1.5, 1.5]
		},
		"firstperson_righthand": {
			"rotation": [0, 5, 2],
			"translation": [-0.75, 7, 0],
			"scale": [1.5, 1.5, 1.5]
		},
		"firstperson_lefthand": {
			"rotation": [0, 5, 2],
			"translation": [-0.75, 7, 0],
			"scale": [1.5, 1.5, 1.5]
		},
		"ground": {
			"rotation": [10, 10, 0],
			"translation": [0, 9.5, 0],
			"scale": [1.5, 1.5, 1.5]
		},
		"gui": {
			"rotation": [90, 45, 0],
			"scale": [1.5, 1.5, 1.5]
		},
		"head": {
			"translation": [0, 29.5, 0],
			"scale": [4, 4, 4]
		},
		"fixed": {
			"rotation": [-90, 180, 0],
			"translation": [0, 0, -29.75],
			"scale": [4, 4, 4]
		}
	}
}