{
	"credit": "Made with Blockbench",
	"texture_size": [64, 64],
	"textures": {
		"1": "custom/weapons/bow/ironbow"
	},
	"elements": [
		{
			"from": [7.46123, 16.28541, 6.05755],
			"to": [8.54753, 17.3717, 7.14385],
			"rotation": {"angle": -45, "axis": "x", "origin": [14.70438, 11.92856, 13.3007]},
			"faces": {
				"north": {"uv": [5, 0, 5.5, 0.5], "texture": "#1"},
				"east": {"uv": [5, 0.5, 5.5, 1], "texture": "#1"},
				"south": {"uv": [5, 1, 5.5, 1.5], "texture": "#1"},
				"west": {"uv": [5, 1.5, 5.5, 2], "texture": "#1"},
				"up": {"uv": [5.5, 2.5, 5, 2], "texture": "#1"},
				"down": {"uv": [5.5, 2.5, 5, 3], "texture": "#1"}
			}
		},
		{
			"from": [8.00438, -0.225, 9.6534],
			"to": [8.00438, 16.225, 9.9034],
			"rotation": {"angle": 0, "axis": "y", "origin": [7.50438, 2, 3.8409]},
			"faces": {
				"north": {"uv": [0, 0, 0, 8.25], "texture": "#1"},
				"east": {"uv": [0, 0, 0.25, 8.25], "texture": "#1"},
				"south": {"uv": [0, 0, 0, 8.25], "texture": "#1"},
				"west": {"uv": [0.25, 0, 0.5, 8.25], "texture": "#1"},
				"up": {"uv": [0, 0.25, 0, 0], "texture": "#1"},
				"down": {"uv": [0, 0, 0, 0.25], "texture": "#1"}
			}
		},
		{
			"from": [8.00438, -0.225, 9.4284],
			"to": [8.00438, 16.225, 9.6784],
			"rotation": {"angle": 0, "axis": "y", "origin": [7.50438, 2, 3.8409]},
			"faces": {
				"north": {"uv": [0, 0, 0, 8.25], "texture": "#1"},
				"east": {"uv": [0.5, 0, 0.75, 8.25], "texture": "#1"},
				"south": {"uv": [0, 0, 0, 8.25], "texture": "#1"},
				"west": {"uv": [0.75, 0, 1, 8.25], "texture": "#1"},
				"up": {"uv": [0, 0.25, 0, 0], "texture": "#1"},
				"down": {"uv": [0, 0, 0, 0.25], "texture": "#1"}
			}
		},
		{
			"from": [7.46123, -1.37171, 6.05755],
			"to": [8.54753, -0.28541, 7.14385],
			"rotation": {"angle": 45, "axis": "x", "origin": [14.70438, 4.07145, 13.3007]},
			"faces": {
				"north": {"uv": [4.5, 2, 5, 2.5], "texture": "#1"},
				"east": {"uv": [4.5, 2.5, 5, 3], "texture": "#1"},
				"south": {"uv": [4.5, 3, 5, 3.5], "texture": "#1"},
				"west": {"uv": [4.5, 3.5, 5, 4], "texture": "#1"},
				"up": {"uv": [5, 4.5, 4.5, 4], "texture": "#1"},
				"down": {"uv": [5, 4.5, 4.5, 5], "texture": "#1"}
			}
		},
		{
			"from": [7.51938, 10.13699, 5.49396],
			"to": [8.50187, 12.08699, 6.49396],
			"rotation": {"angle": 22.5, "axis": "x", "origin": [8.00438, 11.82449, 6.29396]},
			"faces": {
				"north": {"uv": [3.5, 0, 4, 1], "texture": "#1"},
				"east": {"uv": [3.5, 1, 4, 2], "texture": "#1"},
				"south": {"uv": [3.5, 2, 4, 3], "texture": "#1"},
				"west": {"uv": [3.5, 3, 4, 4], "texture": "#1"},
				"up": {"uv": [3.5, 5.5, 3, 5], "texture": "#1"},
				"down": {"uv": [5.5, 3, 5, 3.5], "texture": "#1"}
			}
		},
		{
			"from": [7.50687, 9.21154, 4.64413],
			"to": [8.50438, 11.35603, 5.54491],
			"rotation": {"angle": -45, "axis": "x", "origin": [8.00438, 11.28103, 5.74413]},
			"faces": {
				"north": {"uv": [4, 0, 4.5, 1], "texture": "#1"},
				"east": {"uv": [4, 1, 4.5, 2], "texture": "#1"},
				"south": {"uv": [4, 2, 4.5, 3], "texture": "#1"},
				"west": {"uv": [4, 3, 4.5, 4], "texture": "#1"},
				"up": {"uv": [4, 5.5, 3.5, 5], "texture": "#1"},
				"down": {"uv": [5.5, 3.5, 5, 4], "texture": "#1"}
			}
		},
		{
			"from": [7.50438, 6.33931, 6.16662],
			"to": [8.50937, 9.67681, 7.06662],
			"rotation": {"angle": 0, "axis": "x", "origin": [8.00438, 10.11431, 5.99162]},
			"faces": {
				"north": {"uv": [1, 2.5, 1.5, 4.25], "texture": "#1"},
				"east": {"uv": [1.5, 2.5, 2, 4.25], "texture": "#1"},
				"south": {"uv": [2, 2.5, 2.5, 4.25], "texture": "#1"},
				"west": {"uv": [2.5, 2.5, 3, 4.25], "texture": "#1"},
				"up": {"uv": [4.5, 5.5, 4, 5], "texture": "#1"},
				"down": {"uv": [5.5, 4, 5, 4.5], "texture": "#1"}
			}
		},
		{
			"from": [7.52938, 12.08699, 6.04396],
			"to": [8.49687, 13.28699, 6.49396],
			"rotation": {"angle": 22.5, "axis": "x", "origin": [8.00438, 11.82449, 6.29396]},
			"faces": {
				"north": {"uv": [4.5, 5, 5, 5.5], "texture": "#1"},
				"east": {"uv": [5.5, 3.5, 5.75, 4], "texture": "#1"},
				"south": {"uv": [5, 4.5, 5.5, 5], "texture": "#1"},
				"west": {"uv": [4, 5.5, 4.25, 6], "texture": "#1"},
				"up": {"uv": [6, 4.25, 5.5, 4], "texture": "#1"},
				"down": {"uv": [4.75, 5.5, 4.25, 5.75], "texture": "#1"}
			}
		},
		{
			"from": [7.51938, 3.91301, 5.49396],
			"to": [8.50187, 5.86301, 6.49396],
			"rotation": {"angle": -22.5, "axis": "x", "origin": [8.00438, 4.17551, 6.29396]},
			"faces": {
				"north": {"uv": [3.5, 4, 4, 5], "texture": "#1"},
				"east": {"uv": [4, 4, 4.5, 5], "texture": "#1"},
				"south": {"uv": [1, 4.25, 1.5, 5.25], "texture": "#1"},
				"west": {"uv": [1.5, 4.25, 2, 5.25], "texture": "#1"},
				"up": {"uv": [5.5, 5.5, 5, 5], "texture": "#1"},
				"down": {"uv": [1.5, 5.25, 1, 5.75], "texture": "#1"}
			}
		},
		{
			"from": [7.52938, 2.71301, 6.04396],
			"to": [8.49687, 3.91301, 6.49396],
			"rotation": {"angle": -22.5, "axis": "x", "origin": [8.00438, 4.17551, 6.29396]},
			"faces": {
				"north": {"uv": [1.5, 5.25, 2, 5.75], "texture": "#1"},
				"east": {"uv": [5.5, 4.25, 5.75, 4.75], "texture": "#1"},
				"south": {"uv": [2, 5.25, 2.5, 5.75], "texture": "#1"},
				"west": {"uv": [4.75, 5.5, 5, 6], "texture": "#1"},
				"up": {"uv": [6, 5, 5.5, 4.75], "texture": "#1"},
				"down": {"uv": [5.5, 5.5, 5, 5.75], "texture": "#1"}
			}
		},
		{
			"from": [7.60437, 17.5, 7.7409],
			"to": [8.40438, 18.5, 8.0409],
			"rotation": {"angle": 45, "axis": "x", "origin": [8.00438, 15, 6.3409]},
			"faces": {
				"north": {"uv": [2.5, 5.25, 3, 5.75], "texture": "#1"},
				"east": {"uv": [5.5, 5, 5.75, 5.5], "texture": "#1"},
				"south": {"uv": [5.5, 0, 6, 0.5], "texture": "#1"},
				"west": {"uv": [5.5, 5.5, 5.75, 6], "texture": "#1"},
				"up": {"uv": [1.5, 6, 1, 5.75], "texture": "#1"},
				"down": {"uv": [2, 5.75, 1.5, 6], "texture": "#1"}
			}
		},
		{
			"from": [7.52437, 11.47144, 7.33089],
			"to": [8.49938, 16.4449, 7.83157],
			"rotation": {"angle": 45, "axis": "x", "origin": [8.00438, 13.9449, 7.58157]},
			"faces": {
				"north": {"uv": [1, 0, 1.5, 2.5], "texture": "#1"},
				"east": {"uv": [3, 0, 3.25, 2.5], "texture": "#1"},
				"south": {"uv": [1.5, 0, 2, 2.5], "texture": "#1"},
				"west": {"uv": [3, 2.5, 3.25, 5], "texture": "#1"},
				"up": {"uv": [2.5, 6, 2, 5.75], "texture": "#1"},
				"down": {"uv": [3, 5.75, 2.5, 6], "texture": "#1"}
			}
		},
		{
			"from": [7.50438, 18.5, 7.6409],
			"to": [8.50438, 19.5, 8.1409],
			"rotation": {"angle": 45, "axis": "x", "origin": [8.00438, 15, 6.3409]},
			"faces": {
				"north": {"uv": [5.5, 0.5, 6, 1], "texture": "#1"},
				"east": {"uv": [5.75, 3.5, 6, 4], "texture": "#1"},
				"south": {"uv": [5.5, 1, 6, 1.5], "texture": "#1"},
				"west": {"uv": [4.25, 5.75, 4.5, 6.25], "texture": "#1"},
				"up": {"uv": [6.25, 4.5, 5.75, 4.25], "texture": "#1"},
				"down": {"uv": [6.25, 4.5, 5.75, 4.75], "texture": "#1"}
			}
		},
		{
			"from": [7.50687, 4.64397, 4.64413],
			"to": [8.50438, 6.79986, 5.53352],
			"rotation": {"angle": 45, "axis": "x", "origin": [8.00438, 4.71897, 5.74413]},
			"faces": {
				"north": {"uv": [2, 4.25, 2.5, 5.25], "texture": "#1"},
				"east": {"uv": [2.5, 4.25, 3, 5.25], "texture": "#1"},
				"south": {"uv": [4.5, 0, 5, 1], "texture": "#1"},
				"west": {"uv": [4.5, 1, 5, 2], "texture": "#1"},
				"up": {"uv": [6, 2, 5.5, 1.5], "texture": "#1"},
				"down": {"uv": [6, 2, 5.5, 2.5], "texture": "#1"}
			}
		},
		{
			"from": [7.52437, -0.4449, 7.33089],
			"to": [8.49938, 4.52857, 7.83157],
			"rotation": {"angle": -45, "axis": "x", "origin": [8.00438, 2.0551, 7.58157]},
			"faces": {
				"north": {"uv": [2, 0, 2.5, 2.5], "texture": "#1"},
				"east": {"uv": [3.25, 0, 3.5, 2.5], "texture": "#1"},
				"south": {"uv": [2.5, 0, 3, 2.5], "texture": "#1"},
				"west": {"uv": [3.25, 2.5, 3.5, 5], "texture": "#1"},
				"up": {"uv": [5.5, 6, 5, 5.75], "texture": "#1"},
				"down": {"uv": [6.25, 5, 5.75, 5.25], "texture": "#1"}
			}
		},
		{
			"from": [7.60437, -2.5, 7.7409],
			"to": [8.40438, -1.5, 8.0409],
			"rotation": {"angle": -45, "axis": "x", "origin": [8.00438, 1, 6.3409]},
			"faces": {
				"north": {"uv": [5.5, 2.5, 6, 3], "texture": "#1"},
				"east": {"uv": [4.5, 5.75, 4.75, 6.25], "texture": "#1"},
				"south": {"uv": [3, 5.5, 3.5, 6], "texture": "#1"},
				"west": {"uv": [5.75, 5.25, 6, 5.75], "texture": "#1"},
				"up": {"uv": [6.25, 6, 5.75, 5.75], "texture": "#1"},
				"down": {"uv": [6.5, 0, 6, 0.25], "texture": "#1"}
			}
		},
		{
			"from": [7.50438, -3.5, 7.6409],
			"to": [8.50438, -2.5, 8.1409],
			"rotation": {"angle": -45, "axis": "x", "origin": [8.00438, 1, 6.3409]},
			"faces": {
				"north": {"uv": [5.5, 3, 6, 3.5], "texture": "#1"},
				"east": {"uv": [6, 0.25, 6.25, 0.75], "texture": "#1"},
				"south": {"uv": [3.5, 5.5, 4, 6], "texture": "#1"},
				"west": {"uv": [6, 0.75, 6.25, 1.25], "texture": "#1"},
				"up": {"uv": [1.5, 6.25, 1, 6], "texture": "#1"},
				"down": {"uv": [6.5, 1.25, 6, 1.5], "texture": "#1"}
			}
		}
	],
	"gui_light": "front",
	"display": {
		"thirdperson_righthand": {
			"translation": [0, -1.75, 3],
			"scale": [1.5, 1.5, 1.5]
		},
		"thirdperson_lefthand": {
			"translation": [0, -1.75, 3],
			"scale": [1.5, 1.5, 1.5]
		},
		"firstperson_righthand": {
			"rotation": [12, 6, 0],
			"translation": [2.75, 0, -2.25],
			"scale": [1.5, 1.5, 1.5]
		},
		"firstperson_lefthand": {
			"rotation": [12, 6, 0],
			"translation": [2.75, 0, -2.25],
			"scale": [1.5, 1.5, 1.5]
		},
		"ground": {
			"rotation": [80, 100, 0],
			"translation": [0, -0.25, 0],
			"scale": [1.5, 1.5, 1.5]
		},
		"gui": {
			"rotation": [90, 52, 90],
			"translation": [-1.5, 1.25, 0],
			"scale": [1.3, 1.3, 1.3]
		},
		"head": {
			"rotation": [180, 0, 0],
			"scale": [4, 4, 4]
		},
		"fixed": {
			"rotation": [0, 90, 0],
			"translation": [-3, 0, -1.5],
			"scale": [4, 4, 4]
		}
	},
	"groups": [
		{
			"name": "Iron Bow",
			"origin": [8.00438, 1, 6.3409],
			"color": 0,
			"nbt": "{}",
			"children": [0, 1, 2, 3, 4, 5, 6, 7, 8, 9, 10, 11, 12, 13, 14, 15, 16]
		}
	]
}