{
	"credit": "Made with Blockbench",
	"texture_size": [32, 32],
	"textures": {
		"1": "custom/weapons/bow/silverbow",
		"particle": "custom/weapons/bow/silverbow"
	},
	"elements": [
		{
			"from": [8.00438, -0.225, 9.6534],
			"to": [8.00438, 16.225, 9.9034],
			"rotation": {"angle": 0, "axis": "y", "origin": [7.50438, 2, 3.8409]},
			"faces": {
				"north": {"uv": [0, 0, 0, 8.25], "texture": "#1"},
				"east": {"uv": [0, 0, 0.25, 8.25], "texture": "#1"},
				"south": {"uv": [0, 0, 0, 8.25], "texture": "#1"},
				"west": {"uv": [0.5, 0, 0.75, 8.25], "texture": "#1"},
				"up": {"uv": [0, 0.25, 0, 0], "texture": "#1"},
				"down": {"uv": [0, 0, 0, 0.25], "texture": "#1"}
			}
		},
		{
			"from": [8.00438, -0.225, 9.4284],
			"to": [8.00438, 16.225, 9.6784],
			"rotation": {"angle": 0, "axis": "y", "origin": [7.50438, 2, 3.8409]},
			"faces": {
				"north": {"uv": [0, 0, 0, 8.25], "texture": "#1"},
				"east": {"uv": [1, 0, 1.25, 8.25], "texture": "#1"},
				"south": {"uv": [0, 0, 0, 8.25], "texture": "#1"},
				"west": {"uv": [1.5, 0, 1.75, 8.25], "texture": "#1"},
				"up": {"uv": [0, 0.25, 0, 0], "texture": "#1"},
				"down": {"uv": [0, 0, 0, 0.25], "texture": "#1"}
			}
		},
		{
			"from": [7.52, 16.28445, 4.97299],
			"to": [8.501, 17.10512, 6.95425],
			"rotation": {"angle": -45, "axis": "x", "origin": [14.70438, 11.92856, 13.3007]},
			"faces": {
				"north": {"uv": [3.5, 7, 4, 7.5], "texture": "#1"},
				"east": {"uv": [5, 4.5, 6, 5], "texture": "#1"},
				"south": {"uv": [4.5, 7, 5, 7.5], "texture": "#1"},
				"west": {"uv": [5, 5, 6, 5.5], "texture": "#1"},
				"up": {"uv": [6, 1, 5.5, 0], "texture": "#1"},
				"down": {"uv": [6, 1, 5.5, 2], "texture": "#1"}
			}
		},
		{
			"from": [7.51938, 10.13699, 5.49396],
			"to": [8.50187, 12.08699, 6.49396],
			"rotation": {"angle": 22.5, "axis": "x", "origin": [8.00438, 11.82449, 6.29396]},
			"faces": {
				"north": {"uv": [5.5, 3.5, 6, 4.5], "texture": "#1"},
				"east": {"uv": [4, 5.5, 4.5, 6.5], "texture": "#1"},
				"south": {"uv": [5, 5.5, 5.5, 6.5], "texture": "#1"},
				"west": {"uv": [5.5, 5.5, 6, 6.5], "texture": "#1"},
				"up": {"uv": [7.5, 5.5, 7, 5], "texture": "#1"},
				"down": {"uv": [7.5, 5.5, 7, 6], "texture": "#1"}
			}
		},
		{
			"from": [7.50687, 9.21154, 4.64413],
			"to": [8.50438, 11.35603, 5.54491],
			"rotation": {"angle": -45, "axis": "x", "origin": [8.00438, 11.28103, 5.74413]},
			"faces": {
				"north": {"uv": [6, 0, 6.5, 1], "texture": "#1"},
				"east": {"uv": [6, 1, 6.5, 2], "texture": "#1"},
				"south": {"uv": [6, 2, 6.5, 3], "texture": "#1"},
				"west": {"uv": [2.5, 6, 3, 7], "texture": "#1"},
				"up": {"uv": [6.5, 7.5, 6, 7], "texture": "#1"},
				"down": {"uv": [7.5, 6, 7, 6.5], "texture": "#1"}
			}
		},
		{
			"from": [7.50438, 6.33931, 6.16662],
			"to": [8.50937, 9.67681, 7.06662],
			"rotation": {"angle": 0, "axis": "x", "origin": [8.00438, 10.11431, 5.99162]},
			"faces": {
				"north": {"uv": [4, 1.5, 4.5, 3.25], "texture": "#1"},
				"east": {"uv": [4, 3.5, 4.5, 5.25], "texture": "#1"},
				"south": {"uv": [4.5, 1.5, 5, 3.25], "texture": "#1"},
				"west": {"uv": [3, 4.5, 3.5, 6.25], "texture": "#1"},
				"up": {"uv": [7.5, 7, 7, 6.5], "texture": "#1"},
				"down": {"uv": [7.5, 7, 7, 7.5], "texture": "#1"}
			}
		},
		{
			"from": [7.52938, 12.08699, 6.04396],
			"to": [8.49687, 13.28699, 6.49396],
			"rotation": {"angle": 22.5, "axis": "x", "origin": [8.00438, 11.82449, 6.29396]},
			"faces": {
				"north": {"uv": [7.5, 0, 8, 0.5], "texture": "#1"},
				"east": {"uv": [4, 8, 4.25, 8.5], "texture": "#1"},
				"south": {"uv": [7.5, 0.5, 8, 1], "texture": "#1"},
				"west": {"uv": [4.5, 8, 4.75, 8.5], "texture": "#1"},
				"up": {"uv": [8.5, 4.75, 8, 4.5], "texture": "#1"},
				"down": {"uv": [5.5, 8, 5, 8.25], "texture": "#1"}
			}
		},
		{
			"from": [7.51938, 3.91301, 5.49396],
			"to": [8.50187, 5.86301, 6.49396],
			"rotation": {"angle": -22.5, "axis": "x", "origin": [8.00438, 4.17551, 6.29396]},
			"faces": {
				"north": {"uv": [6, 3, 6.5, 4], "texture": "#1"},
				"east": {"uv": [6, 4, 6.5, 5], "texture": "#1"},
				"south": {"uv": [4.5, 6, 5, 7], "texture": "#1"},
				"west": {"uv": [6, 5, 6.5, 6], "texture": "#1"},
				"up": {"uv": [8, 1.5, 7.5, 1], "texture": "#1"},
				"down": {"uv": [8, 1.5, 7.5, 2], "texture": "#1"}
			}
		},
		{
			"from": [7.52938, 2.71301, 6.04396],
			"to": [8.49687, 3.91301, 6.49396],
			"rotation": {"angle": -22.5, "axis": "x", "origin": [8.00438, 4.17551, 6.29396]},
			"faces": {
				"north": {"uv": [2, 7.5, 2.5, 8], "texture": "#1"},
				"east": {"uv": [8, 5, 8.25, 5.5], "texture": "#1"},
				"south": {"uv": [7.5, 2, 8, 2.5], "texture": "#1"},
				"west": {"uv": [5.5, 8, 5.75, 8.5], "texture": "#1"},
				"up": {"uv": [8.5, 5.75, 8, 5.5], "texture": "#1"},
				"down": {"uv": [6.5, 8, 6, 8.25], "texture": "#1"}
			}
		},
		{
			"from": [7.60437, 17.5, 7.7409],
			"to": [8.40438, 18.5, 8.0409],
			"rotation": {"angle": 45, "axis": "x", "origin": [8.00438, 15, 6.3409]},
			"faces": {
				"north": {"uv": [2.5, 7.5, 3, 8], "texture": "#1"},
				"east": {"uv": [8, 6, 8.25, 6.5], "texture": "#1"},
				"south": {"uv": [7.5, 2.5, 8, 3], "texture": "#1"},
				"west": {"uv": [8, 6.5, 8.25, 7], "texture": "#1"},
				"up": {"uv": [7.5, 8.25, 7, 8], "texture": "#1"},
				"down": {"uv": [8, 8, 7.5, 8.25], "texture": "#1"}
			}
		},
		{
			"from": [7.52437, 11.47144, 7.33089],
			"to": [8.49938, 16.4449, 7.83157],
			"rotation": {"angle": 45, "axis": "x", "origin": [8.00438, 13.9449, 7.58157]},
			"faces": {
				"north": {"uv": [2, 0, 2.5, 2.5], "texture": "#1"},
				"east": {"uv": [3.5, 4.5, 3.75, 7], "texture": "#1"},
				"south": {"uv": [2.5, 0, 3, 2.5], "texture": "#1"},
				"west": {"uv": [4.5, 3.5, 4.75, 6], "texture": "#1"},
				"up": {"uv": [8.5, 7.75, 8, 7.5], "texture": "#1"},
				"down": {"uv": [8.5, 8, 8, 8.25], "texture": "#1"}
			}
		},
		{
			"from": [7.50438, 18.5, 7.6409],
			"to": [8.50438, 19.5, 8.1409],
			"rotation": {"angle": 45, "axis": "x", "origin": [8.00438, 15, 6.3409]},
			"faces": {
				"north": {"uv": [3, 7.5, 3.5, 8], "texture": "#1"},
				"east": {"uv": [0, 8.5, 0.25, 9], "texture": "#1"},
				"south": {"uv": [7.5, 3, 8, 3.5], "texture": "#1"},
				"west": {"uv": [8.5, 0, 8.75, 0.5], "texture": "#1"},
				"up": {"uv": [1, 8.75, 0.5, 8.5], "texture": "#1"},
				"down": {"uv": [9, 0.5, 8.5, 0.75], "texture": "#1"}
			}
		},
		{
			"from": [7.50687, 4.64397, 4.64413],
			"to": [8.50438, 6.79986, 5.53352],
			"rotation": {"angle": 45, "axis": "x", "origin": [8.00438, 4.71897, 5.74413]},
			"faces": {
				"north": {"uv": [6, 6, 6.5, 7], "texture": "#1"},
				"east": {"uv": [6.5, 0, 7, 1], "texture": "#1"},
				"south": {"uv": [6.5, 1, 7, 2], "texture": "#1"},
				"west": {"uv": [6.5, 2, 7, 3], "texture": "#1"},
				"up": {"uv": [4, 8, 3.5, 7.5], "texture": "#1"},
				"down": {"uv": [8, 3.5, 7.5, 4], "texture": "#1"}
			}
		},
		{
			"from": [7.52437, -0.4449, 7.33089],
			"to": [8.49938, 4.52857, 7.83157],
			"rotation": {"angle": -45, "axis": "x", "origin": [8.00438, 2.0551, 7.58157]},
			"faces": {
				"north": {"uv": [2, 2.5, 2.5, 5], "texture": "#1"},
				"east": {"uv": [5, 0, 5.25, 2.5], "texture": "#1"},
				"south": {"uv": [2.5, 2.5, 3, 5], "texture": "#1"},
				"west": {"uv": [2, 5, 2.25, 7.5], "texture": "#1"},
				"up": {"uv": [1.5, 8.75, 1, 8.5], "texture": "#1"},
				"down": {"uv": [9, 1, 8.5, 1.25], "texture": "#1"}
			}
		},
		{
			"from": [7.60437, -2.5, 7.7409],
			"to": [8.40438, -1.5, 8.0409],
			"rotation": {"angle": -45, "axis": "x", "origin": [8.00438, 1, 6.3409]},
			"faces": {
				"north": {"uv": [4, 7.5, 4.5, 8], "texture": "#1"},
				"east": {"uv": [1.5, 8.5, 1.75, 9], "texture": "#1"},
				"south": {"uv": [7.5, 4, 8, 4.5], "texture": "#1"},
				"west": {"uv": [8.5, 1.5, 8.75, 2], "texture": "#1"},
				"up": {"uv": [9, 2.25, 8.5, 2], "texture": "#1"},
				"down": {"uv": [3, 8.5, 2.5, 8.75], "texture": "#1"}
			}
		},
		{
			"from": [7.50438, -3.5, 7.6409],
			"to": [8.50438, -2.5, 8.1409],
			"rotation": {"angle": -45, "axis": "x", "origin": [8.00438, 1, 6.3409]},
			"faces": {
				"north": {"uv": [4.5, 7.5, 5, 8], "texture": "#1"},
				"east": {"uv": [8.5, 2.5, 8.75, 3], "texture": "#1"},
				"south": {"uv": [7.5, 4.5, 8, 5], "texture": "#1"},
				"west": {"uv": [3, 8.5, 3.25, 9], "texture": "#1"},
				"up": {"uv": [9, 3.75, 8.5, 3.5], "texture": "#1"},
				"down": {"uv": [4.5, 8.5, 4, 8.75], "texture": "#1"}
			}
		},
		{
			"from": [7.5194, 9.28225, 4.03382],
			"to": [8.5019, 10.18303, 6.17831],
			"rotation": {"angle": -22.5, "axis": "x", "origin": [8.00562, 9.23264, 5.10607]},
			"faces": {
				"north": {"uv": [5.5, 2, 6, 2.5], "texture": "#1"},
				"east": {"uv": [6.5, 3, 7.5, 3.5], "texture": "#1"},
				"south": {"uv": [7.5, 5, 8, 5.5], "texture": "#1"},
				"west": {"uv": [6.5, 3.5, 7.75, 4], "texture": "#1"},
				"up": {"uv": [3.5, 7.5, 3, 6.5], "texture": "#1"},
				"down": {"uv": [6.74412, 4.74125, 5.5, 4.5], "rotation": 90, "texture": "#1"}
			}
		},
		{
			"from": [7.5194, 5.81697, 4.03382],
			"to": [8.5019, 6.71775, 6.17831],
			"rotation": {"angle": 22.5, "axis": "x", "origin": [8.00562, 6.76736, 5.10607]},
			"faces": {
				"north": {"uv": [5.5, 2, 6, 2.5], "texture": "#1"},
				"east": {"uv": [5, 2.5, 6, 3], "texture": "#1"},
				"south": {"uv": [2.5, 7, 3, 7.5], "texture": "#1"},
				"west": {"uv": [5, 3, 6.1875, 3.5], "texture": "#1"},
				"up": {"uv": [5.5, 4.74125, 6.68162, 4.5], "rotation": 90, "texture": "#1"},
				"down": {"uv": [5.5, 3.5, 5, 4.5], "texture": "#1"}
			}
		},
		{
			"from": [7.52, -1.10512, 4.97299],
			"to": [8.501, -0.28445, 6.95425],
			"rotation": {"angle": 45, "axis": "x", "origin": [14.70438, 4.07145, 13.3007]},
			"faces": {
				"north": {"uv": [7.5, 5.5, 8, 6], "texture": "#1"},
				"east": {"uv": [6.5, 4, 7.5, 4.5], "texture": "#1"},
				"south": {"uv": [6, 7.5, 6.5, 8], "texture": "#1"},
				"west": {"uv": [6.5, 4.5, 7.5, 5], "texture": "#1"},
				"up": {"uv": [5.5, 7.5, 5, 6.5], "texture": "#1"},
				"down": {"uv": [7, 5, 6.5, 6], "texture": "#1"}
			}
		},
		{
			"name": "blade",
			"from": [7.6713, 9.0249, 3.74088],
			"to": [8.3273, 11.47812, 5.03838],
			"rotation": {"angle": 22.5, "axis": "x", "origin": [10.41646, 10.26401, 4.53338]},
			"faces": {
				"north": {"uv": [5.5, 6.5, 5.75, 7.75], "texture": "#1"},
				"east": {"uv": [3, 0, 3.75, 1.25], "texture": "#1"},
				"south": {"uv": [6.5, 6, 6.75, 7.25], "texture": "#1"},
				"west": {"uv": [3, 1.5, 3.75, 2.75], "texture": "#1"},
				"up": {"uv": [7.75, 6.75, 7.5, 6], "texture": "#1"},
				"down": {"uv": [6.75, 7.5, 6.5, 8.25], "texture": "#1"}
			}
		},
		{
			"name": "blade",
			"from": [7.671, 8.8225, 3.32701],
			"to": [8.328, 9.4225, 5.04273],
			"rotation": {"angle": 0, "axis": "y", "origin": [10.41562, 9.14075, 4.7505]},
			"faces": {
				"north": {"uv": [8.5, 4, 8.75, 4.25], "texture": "#1"},
				"east": {"uv": [7, 7.5, 7.75, 7.75], "texture": "#1"},
				"south": {"uv": [4.5, 8.5, 4.75, 8.75], "texture": "#1"},
				"west": {"uv": [7.5, 7, 8.25, 7.25], "texture": "#1"},
				"up": {"uv": [8.25, 0.75, 8, 0], "texture": "#1"},
				"down": {"uv": [8.25, 1, 8, 1.75], "texture": "#1"}
			}
		},
		{
			"name": "blade",
			"from": [7.671, 6.5775, 3.32701],
			"to": [8.328, 7.1775, 5.04273],
			"rotation": {"angle": 0, "axis": "y", "origin": [10.41562, 6.85925, 4.7505]},
			"faces": {
				"north": {"uv": [8.5, 4.5, 8.75, 4.75], "texture": "#1"},
				"east": {"uv": [2.5, 8, 3.25, 8.25], "texture": "#1"},
				"south": {"uv": [5, 8.5, 5.25, 8.75], "texture": "#1"},
				"west": {"uv": [8, 3, 8.75, 3.25], "texture": "#1"},
				"up": {"uv": [3.75, 8.75, 3.5, 8], "texture": "#1"},
				"down": {"uv": [8.25, 3.5, 8, 4.25], "texture": "#1"}
			}
		},
		{
			"name": "blade",
			"from": [7.6713, 4.52188, 3.74088],
			"to": [8.3273, 6.9751, 5.03838],
			"rotation": {"angle": -22.5, "axis": "x", "origin": [10.41646, 5.73599, 4.53338]},
			"faces": {
				"north": {"uv": [7, 0, 7.25, 1.25], "texture": "#1"},
				"east": {"uv": [3, 3, 3.75, 4.25], "texture": "#1"},
				"south": {"uv": [7, 1.5, 7.25, 2.75], "texture": "#1"},
				"west": {"uv": [4, 0, 4.75, 1.25], "texture": "#1"},
				"up": {"uv": [2.25, 8.75, 2, 8], "texture": "#1"},
				"down": {"uv": [8.25, 2, 8, 2.75], "texture": "#1"}
			}
		}
	],
	"gui_light": "front",
	"display": {
		"thirdperson_righthand": {
			"translation": [0, -1.75, 3],
			"scale": [1.5, 1.5, 1.5]
		},
		"thirdperson_lefthand": {
			"translation": [0, -1.75, 3],
			"scale": [1.5, 1.5, 1.5]
		},
		"firstperson_righthand": {
			"rotation": [12, 6, 0],
			"translation": [2.75, 0, -2.25],
			"scale": [1.5, 1.5, 1.5]
		},
		"firstperson_lefthand": {
			"rotation": [12, 6, 0],
			"translation": [2.75, 0, -2.25],
			"scale": [1.5, 1.5, 1.5]
		},
		"ground": {
			"rotation": [80, 100, 0],
			"translation": [0, -0.25, 0],
			"scale": [1.5, 1.5, 1.5]
		},
		"gui": {
			"rotation": [90, 52, -90],
			"translation": [-1.5, 1.25, 0],
			"scale": [1.3, 1.3, 1.3]
		},
		"head": {
			"rotation": [180, 0, 0],
			"scale": [4, 4, 4]
		},
		"fixed": {
			"rotation": [0, 90, 0],
			"translation": [-3, 0, -1.5],
			"scale": [4, 4, 4]
		}
	},
	"groups": [
		{
			"name": "group",
			"origin": [10.41562, 9.14075, 4.7505],
			"color": 0,
			"nbt": "{}",
			"children": [0, 1, 2, 3, 4, 5, 6, 7, 8, 9, 10, 11, 12, 13, 14, 15, 16, 17, 18, 19, 20, 21, 22]
		},
		{
			"name": "Silver Hammer",
			"origin": [8.70387, 5.31304, 7.99459],
			"color": 0,
			"nbt": "{}",
			"children": []
		}
	]
}