{
	"credit": "Made with Blockbench",
	"texture_size": [32, 32],
	"textures": {
		"3": "custom/weapons/bow/stonebow"
	},
	"elements": [
		{
			"from": [7.4743, 6.75557, 5.74042],
			"to": [8.4743, 9.25557, 6.74042],
			"rotation": {"angle": 0, "axis": "y", "origin": [7.47434, 2.00557, 4.89042]},
			"faces": {
				"north": {"uv": [3.5, 1.5, 4, 2.75], "texture": "#3"},
				"east": {"uv": [3.5, 3, 4, 4.25], "texture": "#3"},
				"south": {"uv": [4, 0, 4.5, 1.25], "texture": "#3"},
				"west": {"uv": [1, 4, 1.5, 5.25], "texture": "#3"},
				"up": {"uv": [5, 5.5, 4.5, 5], "texture": "#3"},
				"down": {"uv": [5.5, 4.5, 5, 5], "texture": "#3"}
			}
		},
		{
			"from": [7.97434, -1.2, 9.75217],
			"to": [7.97434, 17.2, 10.00217],
			"rotation": {"angle": 0, "axis": "y", "origin": [10.97434, 2, 6.78967]},
			"faces": {
				"north": {"uv": [0, 0, 0, 9.25], "texture": "#3"},
				"east": {"uv": [0.5, 0, 0.75, 9.25], "texture": "#3"},
				"south": {"uv": [0, 0, 0, 9.25], "texture": "#3"},
				"west": {"uv": [0.5, 0, 0.75, 9.25], "texture": "#3"},
				"up": {"uv": [0, 0.25, 0, 0], "texture": "#3"},
				"down": {"uv": [0, 0, 0, 0.25], "texture": "#3"}
			}
		},
		{
			"from": [7.47434, 10.6375, 8.50217],
			"to": [8.47434, 14.6375, 9.50217],
			"rotation": {"angle": 22.5, "axis": "x", "origin": [7.97434, 15, 7.28967]},
			"faces": {
				"north": {"uv": [1, 0, 1.5, 2], "texture": "#3"},
				"east": {"uv": [1.5, 0, 2, 2], "texture": "#3"},
				"south": {"uv": [2, 0, 2.5, 2], "texture": "#3"},
				"west": {"uv": [1, 2, 1.5, 4], "texture": "#3"},
				"up": {"uv": [4.5, 5, 4, 4.5], "texture": "#3"},
				"down": {"uv": [5.5, 0, 5, 0.5], "texture": "#3"}
			}
		},
		{
			"from": [7.474, 8.36786, 6.95217],
			"to": [8.475, 10.41786, 7.95217],
			"rotation": {"angle": 45, "axis": "x", "origin": [7.97434, 10.61786, 7.45217]},
			"faces": {
				"north": {"uv": [1.5, 4, 2, 5], "texture": "#3"},
				"east": {"uv": [4, 1.5, 4.5, 2.5], "texture": "#3"},
				"south": {"uv": [2, 4, 2.5, 5], "texture": "#3"},
				"west": {"uv": [2.5, 4, 3, 5], "texture": "#3"},
				"up": {"uv": [4.5, 5.5, 4, 5], "texture": "#3"},
				"down": {"uv": [5.5, 4, 5, 4.5], "texture": "#3"}
			}
		},
		{
			"from": [7.474, 5.58214, 6.95217],
			"to": [8.475, 7.63214, 7.95217],
			"rotation": {"angle": -45, "axis": "x", "origin": [7.97434, 5.38214, 7.45217]},
			"faces": {
				"north": {"uv": [4, 2.5, 4.5, 3.5], "texture": "#3"},
				"east": {"uv": [4, 3.5, 4.5, 4.5], "texture": "#3"},
				"south": {"uv": [4.5, 0, 5, 1], "texture": "#3"},
				"west": {"uv": [4.5, 1, 5, 2], "texture": "#3"},
				"up": {"uv": [5.5, 5.5, 5, 5], "texture": "#3"},
				"down": {"uv": [6, 0, 5.5, 0.5], "texture": "#3"}
			}
		},
		{
			"from": [7.57434, 17, 8.60217],
			"to": [8.37434, 18, 8.90217],
			"rotation": {"angle": 22.5, "axis": "x", "origin": [7.97434, 15, 7.28967]},
			"faces": {
				"north": {"uv": [5, 0.5, 5.5, 1], "texture": "#3"},
				"east": {"uv": [5.5, 4, 5.75, 4.5], "texture": "#3"},
				"south": {"uv": [5, 1, 5.5, 1.5], "texture": "#3"},
				"west": {"uv": [4.5, 5.5, 4.75, 6], "texture": "#3"},
				"up": {"uv": [6, 4.75, 5.5, 4.5], "texture": "#3"},
				"down": {"uv": [5.5, 5.5, 5, 5.75], "texture": "#3"}
			}
		},
		{
			"from": [7.47434, 14.6375, 8.50217],
			"to": [8.47434, 17, 9.00217],
			"rotation": {"angle": 22.5, "axis": "x", "origin": [7.97434, 15, 7.28967]},
			"faces": {
				"north": {"uv": [3, 0, 3.5, 1.25], "texture": "#3"},
				"east": {"uv": [4.5, 2, 4.75, 3.25], "texture": "#3"},
				"south": {"uv": [3, 1.5, 3.5, 2.75], "texture": "#3"},
				"west": {"uv": [3, 4.5, 3.25, 5.75], "texture": "#3"},
				"up": {"uv": [6, 5.25, 5.5, 5], "texture": "#3"},
				"down": {"uv": [6, 5.5, 5.5, 5.75], "texture": "#3"}
			}
		},
		{
			"from": [7.47434, 18, 8.50217],
			"to": [8.47434, 19, 9.00217],
			"rotation": {"angle": 22.5, "axis": "x", "origin": [7.97434, 15, 7.28967]},
			"faces": {
				"north": {"uv": [1.5, 5, 2, 5.5], "texture": "#3"},
				"east": {"uv": [6, 0, 6.25, 0.5], "texture": "#3"},
				"south": {"uv": [5, 1.5, 5.5, 2], "texture": "#3"},
				"west": {"uv": [6, 0.5, 6.25, 1], "texture": "#3"},
				"up": {"uv": [1.5, 6.25, 1, 6], "texture": "#3"},
				"down": {"uv": [6.5, 1, 6, 1.25], "texture": "#3"}
			}
		},
		{
			"from": [7.47434, 1.3625, 8.50217],
			"to": [8.47434, 5.3625, 9.50217],
			"rotation": {"angle": -22.5, "axis": "x", "origin": [7.97434, 1, 7.28967]},
			"faces": {
				"north": {"uv": [1.5, 2, 2, 4], "texture": "#3"},
				"east": {"uv": [2, 2, 2.5, 4], "texture": "#3"},
				"south": {"uv": [2.5, 0, 3, 2], "texture": "#3"},
				"west": {"uv": [2.5, 2, 3, 4], "texture": "#3"},
				"up": {"uv": [5.5, 3.5, 5, 3], "texture": "#3"},
				"down": {"uv": [5.5, 3.5, 5, 4], "texture": "#3"}
			}
		},
		{
			"from": [7.47434, -1, 8.50217],
			"to": [8.47434, 1.3625, 9.00217],
			"rotation": {"angle": -22.5, "axis": "x", "origin": [7.97434, 1, 7.28967]},
			"faces": {
				"north": {"uv": [3, 3, 3.5, 4.25], "texture": "#3"},
				"east": {"uv": [3.5, 4.5, 3.75, 5.75], "texture": "#3"},
				"south": {"uv": [3.5, 0, 4, 1.25], "texture": "#3"},
				"west": {"uv": [4.5, 3.5, 4.75, 4.75], "texture": "#3"},
				"up": {"uv": [4, 6.25, 3.5, 6], "texture": "#3"},
				"down": {"uv": [6.5, 3.5, 6, 3.75], "texture": "#3"}
			}
		},
		{
			"from": [7.57434, -2, 8.60217],
			"to": [8.37434, -1, 8.90217],
			"rotation": {"angle": -22.5, "axis": "x", "origin": [7.97434, 1, 7.28967]},
			"faces": {
				"north": {"uv": [2.5, 5, 3, 5.5], "texture": "#3"},
				"east": {"uv": [2.5, 6, 2.75, 6.5], "texture": "#3"},
				"south": {"uv": [5, 2.5, 5.5, 3], "texture": "#3"},
				"west": {"uv": [6, 2.5, 6.25, 3], "texture": "#3"},
				"up": {"uv": [3.5, 6.25, 3, 6], "texture": "#3"},
				"down": {"uv": [6.5, 3, 6, 3.25], "texture": "#3"}
			}
		},
		{
			"from": [7.47434, -3, 8.50217],
			"to": [8.47434, -2, 9.00217],
			"rotation": {"angle": -22.5, "axis": "x", "origin": [7.97434, 1, 7.28967]},
			"faces": {
				"north": {"uv": [2, 5, 2.5, 5.5], "texture": "#3"},
				"east": {"uv": [1.5, 6, 1.75, 6.5], "texture": "#3"},
				"south": {"uv": [5, 2, 5.5, 2.5], "texture": "#3"},
				"west": {"uv": [6, 1.5, 6.25, 2], "texture": "#3"},
				"up": {"uv": [2.5, 6.25, 2, 6], "texture": "#3"},
				"down": {"uv": [6.5, 2, 6, 2.25], "texture": "#3"}
			}
		},
		{
			"name": "pommel",
			"from": [7.3965, 0.34576, 7.984],
			"to": [8.6035, 1.55276, 9.191],
			"rotation": {"angle": -45, "axis": "x", "origin": [8, 0.94926, 0.5875]},
			"faces": {
				"north": {"uv": [5.5, 0.5, 6, 1], "texture": "#3"},
				"east": {"uv": [5.5, 3, 6, 3.5], "texture": "#3"},
				"south": {"uv": [5.5, 1, 6, 1.5], "texture": "#3"},
				"west": {"uv": [1.5, 5.5, 2, 6], "texture": "#3"},
				"up": {"uv": [6, 2, 5.5, 1.5], "texture": "#3"},
				"down": {"uv": [2.5, 5.5, 2, 6], "texture": "#3"}
			}
		},
		{
			"name": "pommel",
			"from": [7.3965, 8.79038, 5.64085],
			"to": [8.6035, 9.99738, 6.84785],
			"rotation": {"angle": 45, "axis": "x", "origin": [8, 9.39388, 6.24435]},
			"faces": {
				"north": {"uv": [5.5, 2, 6, 2.5], "texture": "#3"},
				"east": {"uv": [6, 3, 5.5, 3.5], "texture": "#3"},
				"south": {"uv": [5.5, 2.5, 6, 3], "texture": "#3"},
				"west": {"uv": [5.5, 3, 6, 3.5], "texture": "#3"},
				"up": {"uv": [6, 4, 5.5, 3.5], "texture": "#3"},
				"down": {"uv": [4.5, 5.5, 4, 6], "texture": "#3"}
			}
		}
	],
	"gui_light": "front",
	"display": {
		"thirdperson_righthand": {
			"translation": [0, -1.75, 3],
			"scale": [1.5, 1.5, 1.5]
		},
		"thirdperson_lefthand": {
			"translation": [0, -1.75, 3],
			"scale": [1.5, 1.5, 1.5]
		},
		"firstperson_righthand": {
			"rotation": [12, 6, 0],
			"translation": [2.75, 0, -2.25],
			"scale": [1.5, 1.5, 1.5]
		},
		"firstperson_lefthand": {
			"rotation": [12, 6, 0],
			"translation": [2.75, 0, -2.25],
			"scale": [1.5, 1.5, 1.5]
		},
		"ground": {
			"rotation": [80, 100, 0],
			"translation": [0, -0.25, 0],
			"scale": [1.5, 1.5, 1.5]
		},
		"gui": {
			"rotation": [90, 52, -90],
			"translation": [-1.5, 1.25, 0],
			"scale": [1.3, 1.3, 1.3]
		},
		"head": {
			"rotation": [180, 0, 0],
			"scale": [4, 4, 4]
		},
		"fixed": {
			"rotation": [0, 90, 0],
			"translation": [-3, 0, -1.5],
			"scale": [4, 4, 4]
		}
	},
	"groups": [
		0,
		1,
		2,
		3,
		4,
		5,
		6,
		7,
		8,
		9,
		10,
		11,
		{
			"name": "Stone Sword",
			"origin": [8.70894, 5.31305, 7.99826],
			"color": 0,
			"nbt": "{}",
			"children": [12, 13]
		}
	]
}