{
	"credit": "Made with Blockbench",
	"texture_size": [32, 32],
	"textures": {
		"7": "custom/weapons/bow/woodenbow"
	},
	"elements": [
		{
			"from": [7.474, 5.50557, 6.74042],
			"to": [8.475, 10.50557, 7.74042],
			"rotation": {"angle": 0, "axis": "y", "origin": [7.47434, 2.00557, 4.89042]},
			"faces": {
				"north": {"uv": [1, 0, 1.5, 2.5], "texture": "#7"},
				"east": {"uv": [1.5, 0, 2, 2.5], "texture": "#7"},
				"south": {"uv": [2, 0, 2.5, 2.5], "texture": "#7"},
				"west": {"uv": [2.5, 0, 3, 2.5], "texture": "#7"},
				"up": {"uv": [5, 2, 4.5, 1.5], "texture": "#7"},
				"down": {"uv": [2.5, 4.5, 2, 5], "texture": "#7"}
			}
		},
		{
			"from": [7.97434, -1.2, 9.75217],
			"to": [7.97434, 17.2, 10.00217],
			"rotation": {"angle": 0, "axis": "y", "origin": [10.97434, 2, 6.78967]},
			"faces": {
				"north": {"uv": [0, 0, 0, 9.25], "texture": "#7"},
				"east": {"uv": [0, 0, 0.25, 9.25], "texture": "#7"},
				"south": {"uv": [0, 0, 0, 9.25], "texture": "#7"},
				"west": {"uv": [0.5, 0, 0.75, 9.25], "texture": "#7"},
				"up": {"uv": [0, 0.25, 0, 0], "texture": "#7"},
				"down": {"uv": [0, 0, 0, 0.25], "texture": "#7"}
			}
		},
		{
			"from": [7.47434, 10.6375, 8.50217],
			"to": [8.47434, 14.6375, 9.50217],
			"rotation": {"angle": 22.5, "axis": "x", "origin": [7.97434, 15, 7.28967]},
			"faces": {
				"north": {"uv": [1, 2.5, 1.5, 4.5], "texture": "#7"},
				"east": {"uv": [1.5, 2.5, 2, 4.5], "texture": "#7"},
				"south": {"uv": [2, 2.5, 2.5, 4.5], "texture": "#7"},
				"west": {"uv": [2.5, 2.5, 3, 4.5], "texture": "#7"},
				"up": {"uv": [5, 2.5, 4.5, 2], "texture": "#7"},
				"down": {"uv": [3, 4.5, 2.5, 5], "texture": "#7"}
			}
		},
		{
			"from": [7.57434, 17, 8.60217],
			"to": [8.37434, 18, 8.90217],
			"rotation": {"angle": 22.5, "axis": "x", "origin": [7.97434, 15, 7.28967]},
			"faces": {
				"north": {"uv": [4.5, 2.5, 5, 3], "texture": "#7"},
				"east": {"uv": [2, 5, 2.25, 5.5], "texture": "#7"},
				"south": {"uv": [4.5, 3, 5, 3.5], "texture": "#7"},
				"west": {"uv": [5, 2, 5.25, 2.5], "texture": "#7"},
				"up": {"uv": [3, 5.25, 2.5, 5], "texture": "#7"},
				"down": {"uv": [5.5, 2.5, 5, 2.75], "texture": "#7"}
			}
		},
		{
			"from": [7.47434, 14.6375, 8.50217],
			"to": [8.47434, 17, 9.00217],
			"rotation": {"angle": 22.5, "axis": "x", "origin": [7.97434, 15, 7.28967]},
			"faces": {
				"north": {"uv": [4, 0, 4.5, 1.25], "texture": "#7"},
				"east": {"uv": [3.5, 4, 3.75, 5.25], "texture": "#7"},
				"south": {"uv": [4, 1.5, 4.5, 2.75], "texture": "#7"},
				"west": {"uv": [4.5, 0, 4.75, 1.25], "texture": "#7"},
				"up": {"uv": [5.5, 3.25, 5, 3], "texture": "#7"},
				"down": {"uv": [5.5, 3.5, 5, 3.75], "texture": "#7"}
			}
		},
		{
			"from": [7.47434, 18, 8.50217],
			"to": [8.47434, 19, 9.00217],
			"rotation": {"angle": 22.5, "axis": "x", "origin": [7.97434, 15, 7.28967]},
			"faces": {
				"north": {"uv": [4.5, 3.5, 5, 4], "texture": "#7"},
				"east": {"uv": [4, 5, 4.25, 5.5], "texture": "#7"},
				"south": {"uv": [4, 4.5, 4.5, 5], "texture": "#7"},
				"west": {"uv": [5, 4, 5.25, 4.5], "texture": "#7"},
				"up": {"uv": [5, 5.25, 4.5, 5], "texture": "#7"},
				"down": {"uv": [5.5, 4.5, 5, 4.75], "texture": "#7"}
			}
		},
		{
			"from": [7.47434, 1.3625, 8.50217],
			"to": [8.47434, 5.3625, 9.50217],
			"rotation": {"angle": -22.5, "axis": "x", "origin": [7.97434, 1, 7.28967]},
			"faces": {
				"north": {"uv": [3, 0, 3.5, 2], "texture": "#7"},
				"east": {"uv": [3, 2, 3.5, 4], "texture": "#7"},
				"south": {"uv": [3.5, 0, 4, 2], "texture": "#7"},
				"west": {"uv": [3.5, 2, 4, 4], "texture": "#7"},
				"up": {"uv": [5.5, 1.5, 5, 1], "texture": "#7"},
				"down": {"uv": [5.5, 1.5, 5, 2], "texture": "#7"}
			}
		},
		{
			"from": [7.47434, -1, 8.50217],
			"to": [8.47434, 1.3625, 9.00217],
			"rotation": {"angle": -22.5, "axis": "x", "origin": [7.97434, 1, 7.28967]},
			"faces": {
				"north": {"uv": [3, 4, 3.5, 5.25], "texture": "#7"},
				"east": {"uv": [1, 4.5, 1.25, 5.75], "texture": "#7"},
				"south": {"uv": [4, 3, 4.5, 4.25], "texture": "#7"},
				"west": {"uv": [1.5, 4.5, 1.75, 5.75], "texture": "#7"},
				"up": {"uv": [6, 2.75, 5.5, 2.5], "texture": "#7"},
				"down": {"uv": [3.5, 5.5, 3, 5.75], "texture": "#7"}
			}
		},
		{
			"from": [7.57434, -2, 8.60217],
			"to": [8.37434, -1, 8.90217],
			"rotation": {"angle": -22.5, "axis": "x", "origin": [7.97434, 1, 7.28967]},
			"faces": {
				"north": {"uv": [5, 0, 5.5, 0.5], "texture": "#7"},
				"east": {"uv": [5.5, 1.5, 5.75, 2], "texture": "#7"},
				"south": {"uv": [5, 0.5, 5.5, 1], "texture": "#7"},
				"west": {"uv": [2, 5.5, 2.25, 6], "texture": "#7"},
				"up": {"uv": [6, 2.25, 5.5, 2], "texture": "#7"},
				"down": {"uv": [3, 5.5, 2.5, 5.75], "texture": "#7"}
			}
		},
		{
			"from": [7.47434, -3, 8.50217],
			"to": [8.47434, -2, 9.00217],
			"rotation": {"angle": -22.5, "axis": "x", "origin": [7.97434, 1, 7.28967]},
			"faces": {
				"north": {"uv": [4.5, 4, 5, 4.5], "texture": "#7"},
				"east": {"uv": [5, 5, 5.25, 5.5], "texture": "#7"},
				"south": {"uv": [4.5, 4.5, 5, 5], "texture": "#7"},
				"west": {"uv": [5.5, 0, 5.75, 0.5], "texture": "#7"},
				"up": {"uv": [6, 0.75, 5.5, 0.5], "texture": "#7"},
				"down": {"uv": [6, 1, 5.5, 1.25], "texture": "#7"}
			}
		},
		{
			"name": "leaf3",
			"from": [7.99329, 10.5816, 5.61868],
			"to": [7.99329, 11.0816, 6.11868],
			"rotation": {"angle": 22.5, "axis": "x", "origin": [7.99329, 11.2545, 6.2251]},
			"faces": {
				"north": {"uv": [0, 0, 0, 0.25], "texture": "#7"},
				"east": {"uv": [5.5, 4, 5.75, 4.25], "texture": "#7"},
				"south": {"uv": [0, 0, 0, 0.25], "texture": "#7"},
				"west": {"uv": [4.5, 5.5, 4.75, 5.75], "texture": "#7"},
				"up": {"uv": [0, 0.25, 0, 0], "texture": "#7"},
				"down": {"uv": [0, 0, 0, 0.25], "texture": "#7"}
			}
		},
		{
			"name": "leaf2",
			"from": [7.99329, 11.3795, 6.52616],
			"to": [7.99329, 11.8795, 7.02616],
			"rotation": {"angle": -22.5, "axis": "x", "origin": [7.99329, 11.2545, 6.2251]},
			"faces": {
				"north": {"uv": [0, 0, 0, 0.25], "texture": "#7"},
				"east": {"uv": [5.5, 3.5, 5.75, 3.75], "texture": "#7"},
				"south": {"uv": [0, 0, 0, 0.25], "texture": "#7"},
				"west": {"uv": [4, 5.5, 4.25, 5.75], "texture": "#7"},
				"up": {"uv": [0, 0.25, 0, 0], "texture": "#7"},
				"down": {"uv": [0, 0, 0, 0.25], "texture": "#7"}
			}
		},
		{
			"name": "leaf1",
			"from": [7.99329, 10.3795, 6.02617],
			"to": [7.99329, 11.3795, 6.52617],
			"rotation": {"angle": -22.5, "axis": "x", "origin": [7.99329, 11.2545, 6.2251]},
			"faces": {
				"north": {"uv": [0, 0, 0, 0.5], "texture": "#7"},
				"east": {"uv": [5.5, 3, 5.75, 3.5], "texture": "#7"},
				"south": {"uv": [0, 0, 0, 0.5], "texture": "#7"},
				"west": {"uv": [3.5, 5.5, 3.75, 6], "texture": "#7"},
				"up": {"uv": [0, 0.25, 0, 0], "texture": "#7"},
				"down": {"uv": [0, 0, 0, 0.25], "texture": "#7"}
			}
		}
	],
	"gui_light": "front",
	"display": {
		"thirdperson_righthand": {
			"translation": [0, -1.75, 1.75],
			"scale": [1.5, 1.5, 1.5]
		},
		"thirdperson_lefthand": {
			"translation": [0, -1.75, 1.75],
			"scale": [1.5, 1.5, 1.5]
		},
		"firstperson_righthand": {
			"rotation": [12, 6, 0],
			"translation": [2.75, 0, -2.25],
			"scale": [1.5, 1.5, 1.5]
		},
		"firstperson_lefthand": {
			"rotation": [12, 6, 0],
			"translation": [2.75, 0, -2.25],
			"scale": [1.5, 1.5, 1.5]
		},
		"ground": {
			"rotation": [80, 100, 0],
			"translation": [0, -0.25, 0],
			"scale": [1.5, 1.5, 1.5]
		},
		"gui": {
			"rotation": [90, 52, -90],
			"translation": [-1.5, 1.25, 0],
			"scale": [1.3, 1.3, 1.3]
		},
		"head": {
			"rotation": [180, 0, 0],
			"scale": [4, 4, 4]
		},
		"fixed": {
			"rotation": [0, 90, 0],
			"translation": [-3, 0, -1.5],
			"scale": [4, 4, 4]
		}
	},
	"groups": [
		0,
		1,
		2,
		3,
		4,
		5,
		6,
		7,
		8,
		9,
		{
			"name": "Wood Hammer",
			"origin": [8.70387, 5.31304, 7.99459],
			"color": 0,
			"nbt": "{}",
			"children": [10, 11, 12]
		}
	]
}