{
	"credit": "Made with Blockbench",
	"texture_size": [64, 64],
	"textures": {
		"0": "custom/weapons/tome/stonetome",
		"particle": "custom/weapons/tome/stonetome"
	},
	"elements": [
		{
			"from": [1.35642, 0.20084, 2],
			"to": [8.35642, 1.20084, 14],
			"rotation": {"angle": -22.5, "axis": "z", "origin": [7.67336, 0.99634, 6.75045]},
			"faces": {
				"north": {"uv": [6.508, 1.008, 8.242, 1.242], "texture": "#0"},
				"south": {"uv": [6.508, 1.258, 8.242, 1.492], "texture": "#0"},
				"west": {"uv": [4.508, 5.258, 7.492, 5.492], "texture": "#0"},
				"up": {"uv": [1.742, 2.992, 0.008, 0.008], "texture": "#0"},
				"down": {"uv": [3.492, 0.008, 1.758, 2.992], "texture": "#0"}
			}
		},
		{
			"from": [2.85642, -0.29916, 6.5],
			"to": [5.85642, 0.70084, 9.5],
			"rotation": {"angle": -22.5, "axis": "z", "origin": [7.67336, 0.99634, 6.75045]},
			"faces": {
				"north": {"uv": [6.008, 6.508, 6.742, 6.742], "texture": "#0"},
				"east": {"uv": [6.758, 6.508, 7.492, 6.742], "texture": "#0"},
				"south": {"uv": [0.508, 6.758, 1.242, 6.992], "texture": "#0"},
				"west": {"uv": [0.508, 6.508, 1.242, 6.742], "texture": "#0"},
				"down": {"uv": [7.242, 0.258, 6.508, 0.992], "texture": "#0"}
			}
		},
		{
			"from": [7.59385, -0.04916, 2],
			"to": [14.59385, 0.95084, 14],
			"rotation": {"angle": 22.5, "axis": "z", "origin": [7.67336, 0.99634, 6.75045]},
			"faces": {
				"north": {"uv": [6.508, 1.508, 8.242, 1.742], "texture": "#0"},
				"east": {"uv": [4.508, 5.508, 7.492, 5.742], "texture": "#0"},
				"south": {"uv": [6.508, 1.758, 8.242, 1.992], "texture": "#0"},
				"up": {"uv": [1.742, 5.992, 0.008, 3.008], "texture": "#0"},
				"down": {"uv": [3.492, 3.008, 1.758, 5.992], "texture": "#0"}
			}
		},
		{
			"from": [7.59385, 0.95084, 3.0002],
			"to": [13.59385, 1.95084, 12.9992],
			"rotation": {"angle": 22.5, "axis": "z", "origin": [7.67336, 0.99634, 6.75045]},
			"faces": {
				"north": {"uv": [6.508, 2.008, 7.992, 2.242], "texture": "#0"},
				"east": {"uv": [0.008, 6.258, 2.492, 6.492], "texture": "#0"},
				"south": {"uv": [6.508, 2.258, 7.992, 2.492], "texture": "#0"},
				"up": {"uv": [4.992, 2.492, 3.508, 0.008], "texture": "#0"}
			}
		},
		{
			"from": [14.59385, -0.04916, 7],
			"to": [15.59385, -0.04916, 9],
			"rotation": {"angle": 22.5, "axis": "z", "origin": [7.67336, 0.99634, 6.75045]},
			"faces": {
				"up": {"uv": [2.492, 7.242, 2.258, 6.758], "texture": "#0"},
				"down": {"uv": [0.992, 7.008, 0.758, 7.492], "texture": "#0"}
			}
		},
		{
			"from": [2.35642, 1.20084, 2.9999],
			"to": [8.35642, 2.20084, 12.9999],
			"rotation": {"angle": -22.5, "axis": "z", "origin": [7.67336, 0.99634, 6.75045]},
			"faces": {
				"north": {"uv": [6.508, 2.508, 7.992, 2.742], "texture": "#0"},
				"east": {"uv": [0.008, 6.508, 2.492, 6.742], "texture": "#0"},
				"south": {"uv": [6.508, 2.758, 7.992, 2.992], "texture": "#0"},
				"west": {"uv": [6.508, 0.008, 8.992, 0.242], "texture": "#0"},
				"up": {"uv": [6.492, 2.492, 5.008, 0.008], "texture": "#0"}
			}
		},
		{
			"from": [5.35642, -1.79916, 1.9999],
			"to": [7.35642, 0.20084, 1.9999],
			"rotation": {"angle": -22.5, "axis": "z", "origin": [7.67336, 0.99634, 6.75045]},
			"faces": {
				"north": {"uv": [6.508, 4.508, 6.992, 4.992], "texture": "#0"},
				"south": {"uv": [5.258, 6.508, 5.742, 6.992], "texture": "#0"}
			}
		},
		{
			"from": [7, 0, 2.001],
			"to": [9, 1, 14.001],
			"rotation": {"angle": 0, "axis": "y", "origin": [7.67336, 0.99634, 6.75045]},
			"faces": {
				"north": {"uv": [2.508, 7.008, 2.992, 7.242], "texture": "#0"},
				"east": {"uv": [0.008, 6.008, 2.992, 6.242], "texture": "#0"},
				"south": {"uv": [3.008, 7.008, 3.492, 7.242], "texture": "#0"},
				"west": {"uv": [4.508, 6.008, 7.492, 6.242], "texture": "#0"},
				"up": {"uv": [3.992, 7.992, 3.508, 5.008], "texture": "#0"},
				"down": {"uv": [4.492, 5.008, 4.008, 7.992], "texture": "#0"}
			}
		},
		{
			"from": [6.5, -0.5, 11.001],
			"to": [9.5, 1.5, 12.001],
			"rotation": {"angle": 0, "axis": "y", "origin": [7.67336, 0.99634, 6.75045]},
			"faces": {
				"north": {"uv": [6.508, 3.008, 7.242, 3.492], "texture": "#0"},
				"east": {"uv": [2.008, 7.008, 2.242, 7.492], "texture": "#0"},
				"south": {"uv": [6.508, 3.508, 7.242, 3.992], "texture": "#0"},
				"west": {"uv": [4.508, 7.008, 4.742, 7.492], "texture": "#0"},
				"down": {"uv": [6.492, 6.758, 5.758, 6.992], "texture": "#0"}
			}
		},
		{
			"from": [6.5, -0.5, 4.001],
			"to": [9.5, 1.5, 5.001],
			"rotation": {"angle": 0, "axis": "y", "origin": [7.67336, 0.99634, 6.75045]},
			"faces": {
				"north": {"uv": [6.508, 4.008, 7.242, 4.492], "texture": "#0"},
				"east": {"uv": [7.008, 4.508, 7.242, 4.992], "texture": "#0"},
				"south": {"uv": [4.508, 6.508, 5.242, 6.992], "texture": "#0"},
				"west": {"uv": [4.758, 7.008, 4.992, 7.492], "texture": "#0"},
				"down": {"uv": [0.742, 7.008, 0.008, 7.242], "texture": "#0"}
			}
		}
	],
	"gui_light": "front",
	"display": {
		"thirdperson_righthand": {
			"rotation": [-90, 0, 180],
			"translation": [1, 5, 8]
		},
		"thirdperson_lefthand": {
			"rotation": [90, 180, 0],
			"translation": [-1, 5, 8]
		},
		"firstperson_righthand": {
			"rotation": [45, 157.5, -22.5],
			"translation": [4, 5, -4]
		},
		"firstperson_lefthand": {
			"rotation": [45, 157.5, -22.5],
			"translation": [4, 5, -4]
		},
		"ground": {
			"rotation": [-45, 0, 0],
			"translation": [0, 12, 0]
		},
		"gui": {
			"rotation": [-112.5, 22.5, -180],
			"translation": [0, 2, 0],
			"scale": [0.93, 0.93, 0.93]
		},
		"head": {
			"rotation": [-180, 0, 0],
			"translation": [0, -2, 0],
			"scale": [1.6, 1.6, 1.6]
		},
		"fixed": {
			"rotation": [-90, 0, 0],
			"translation": [0, 0, -16],
			"scale": [2, 2, 2]
		}
	},
	"groups": [
		{
			"name": "group",
			"origin": [8, 8, 8],
			"color": 0,
			"nbt": "{}",
			"children": [0, 1, 2, 3, 4, 5, 6, 7, 8, 9]
		}
	]
}