{
	"credit": "Made with Blockbench",
	"textures": {
		"0": "custom/ui/playermenu/coalition/buttons/archivistselected",
		"particle": "custom/ui/playermenu/coalition/buttons/archivistselected"
	},
	"elements": [
		{
			"name": "archivistselected_0",
			"from": [-7.53623, 16.23188, -8],
			"to": [23.53623, 32, -7.53623],
			"rotation": {"angle": 0, "axis": "y", "origin": [-8, 0, -8]},
			"faces": {
				"north": {"uv": [15.76812, 0, 0.23188, 16], "texture": "#0"},
				"east": {"uv": [15.53623, 0, 15.76812, 16], "texture": "#0"},
				"south": {"uv": [0.23188, 0, 15.76812, 16], "texture": "#0"},
				"west": {"uv": [0.23188, 0, 0.46377, 16], "texture": "#0"},
				"up": {"uv": [0.23188, 0, 15.76812, 0.47059], "texture": "#0"},
				"down": {"uv": [0.23188, 15.52941, 15.76812, 16], "texture": "#0"}
			}
		},
		{
			"name": "archivistselected_1",
			"from": [-8, 16.23188, -8],
			"to": [-7.53623, 31.53623, -7.53623],
			"rotation": {"angle": 0, "axis": "y", "origin": [-8, 0, -8]},
			"faces": {
				"north": {"uv": [0.23188, 0.47059, 0, 16], "texture": "#0"},
				"east": {"uv": [0, 0.47059, 0.23188, 16], "texture": "#0"},
				"south": {"uv": [0, 0.47059, 0.23188, 16], "texture": "#0"},
				"west": {"uv": [0, 0.47059, 0.23188, 16], "texture": "#0"},
				"up": {"uv": [0, 0.47059, 0.23188, 0.94118], "texture": "#0"},
				"down": {"uv": [0, 15.52941, 0.23188, 16], "texture": "#0"}
			}
		},
		{
			"name": "archivistselected_2",
			"from": [23.53623, 16.23188, -8],
			"to": [24, 31.53623, -7.53623],
			"rotation": {"angle": 0, "axis": "y", "origin": [-8, 0, -8]},
			"faces": {
				"north": {"uv": [16, 0.47059, 15.76812, 16], "texture": "#0"},
				"east": {"uv": [15.76812, 0.47059, 16, 16], "texture": "#0"},
				"south": {"uv": [15.76812, 0.47059, 16, 16], "texture": "#0"},
				"west": {"uv": [15.76812, 0.47059, 16, 16], "texture": "#0"},
				"up": {"uv": [15.76812, 0.47059, 16, 0.94118], "texture": "#0"},
				"down": {"uv": [15.76812, 15.52941, 16, 16], "texture": "#0"}
			}
		}
	],
	"gui_light": "front",
	"display": {
		"gui": {
			"translation": [27.5, -43.75, 0],
			"scale": [2.15625, 2.15625, 2.15625]
		}
	},
	"groups": [
		{
			"name": "archivistselected",
			"origin": [8, 8, 8],
			"color": 0,
			"nbt": "{}",
			"children": [0, 1, 2]
		}
	]
}