{
	"credit": "Made with Blockbench",
	"textures": {
		"0": "custom/ui/playermenu/coalition/reputation1",
		"particle": "custom/ui/playermenu/coalition/reputation1"
	},
	"elements": [
		{
			"name": "reputation1_0",
			"from": [7, 10, 4],
			"to": [9.5, 11.5, 4],
			"rotation": {"angle": 0, "axis": "y", "origin": [4, 4, 4]},
			"faces": {
				"north": {"uv": [16, 0, 0, 16], "texture": "#0"},
				"east": {"uv": [12.8, 0, 16, 16], "texture": "#0"},
				"south": {"uv": [0, 0, 16, 16], "texture": "#0"},
				"west": {"uv": [0, 0, 3.2, 16], "texture": "#0"},
				"up": {"uv": [0, 0, 16, 5.33333], "texture": "#0"},
				"down": {"uv": [0, 10.66667, 16, 16], "texture": "#0"}
			}
		},
		{
			"name": "reputation1_1",
			"from": [9.5, 10, 4],
			"to": [12, 11.5, 4],
			"rotation": {"angle": 0, "axis": "y", "origin": [4, 4, 4]},
			"faces": {
				"north": {"uv": [16, 0, 0, 16], "texture": "#0"},
				"east": {"uv": [12.8, 0, 16, 16], "texture": "#0"},
				"south": {"uv": [0, 0, 16, 16], "texture": "#0"},
				"west": {"uv": [0, 0, 3.2, 16], "texture": "#0"},
				"up": {"uv": [0, 0, 16, 5.33333], "texture": "#0"},
				"down": {"uv": [0, 10.66667, 16, 16], "texture": "#0"}
			}
		},
		{
			"name": "reputation2_2",
			"from": [12, 10, 4],
			"to": [14.5, 11.5, 4],
			"rotation": {"angle": 0, "axis": "y", "origin": [4, 4, 4]},
			"faces": {
				"north": {"uv": [16, 0, 0, 16], "texture": "#0"},
				"east": {"uv": [12.8, 0, 16, 16], "texture": "#0"},
				"south": {"uv": [0, 0, 16, 16], "texture": "#0"},
				"west": {"uv": [0, 0, 3.2, 16], "texture": "#0"},
				"up": {"uv": [0, 0, 16, 5.33333], "texture": "#0"},
				"down": {"uv": [0, 10.66667, 16, 16], "texture": "#0"}
			}
		},
		{
			"name": "reputation3_3",
			"from": [14.5, 10, 4],
			"to": [17, 11.5, 4],
			"rotation": {"angle": 0, "axis": "y", "origin": [4, 4, 4]},
			"faces": {
				"north": {"uv": [16, 0, 0, 16], "texture": "#0"},
				"east": {"uv": [12.8, 0, 16, 16], "texture": "#0"},
				"south": {"uv": [0, 0, 16, 16], "texture": "#0"},
				"west": {"uv": [0, 0, 3.2, 16], "texture": "#0"},
				"up": {"uv": [0, 0, 16, 5.33333], "texture": "#0"},
				"down": {"uv": [0, 10.66667, 16, 16], "texture": "#0"}
			}
		},
		{
			"name": "reputation4_4",
			"from": [17, 10, 4],
			"to": [19.5, 11.5, 4],
			"rotation": {"angle": 0, "axis": "y", "origin": [4, 4, 4]},
			"faces": {
				"north": {"uv": [16, 0, 0, 16], "texture": "#0"},
				"east": {"uv": [12.8, 0, 16, 16], "texture": "#0"},
				"south": {"uv": [0, 0, 16, 16], "texture": "#0"},
				"west": {"uv": [0, 0, 3.2, 16], "texture": "#0"},
				"up": {"uv": [0, 0, 16, 5.33333], "texture": "#0"},
				"down": {"uv": [0, 10.66667, 16, 16], "texture": "#0"}
			}
		},
		{
			"name": "reputation5_5",
			"from": [19.5, 10, 4],
			"to": [22, 11.5, 4],
			"rotation": {"angle": 0, "axis": "y", "origin": [4, 4, 4]},
			"faces": {
				"north": {"uv": [16, 0, 0, 16], "texture": "#0"},
				"east": {"uv": [12.8, 0, 16, 16], "texture": "#0"},
				"south": {"uv": [0, 0, 16, 16], "texture": "#0"},
				"west": {"uv": [0, 0, 3.2, 16], "texture": "#0"},
				"up": {"uv": [0, 0, 16, 5.33333], "texture": "#0"},
				"down": {"uv": [0, 10.66667, 16, 16], "texture": "#0"}
			}
		}
	],
	"gui_light": "front",
	"display": {
		"gui": {
			"translation": [-5, 0, 0],
			"scale": [2, 2, 2]
		}
	},
	"groups": [
		{
			"name": "reputation1",
			"origin": [8, 8, 8],
			"color": 0,
			"nbt": "{}",
			"children": [0, 1, 2, 3, 4, 5]
		}
	]
}