{
	"credit": "Made with Blockbench",
	"textures": {
		"0": "custom/ui/playermenu/coalition/reputation1",
		"particle": "custom/ui/playermenu/coalition/reputation1"
	},
	"elements": [
		{
			"name": "reputation1_0",
			"from": [1, 12, 0],
			"to": [6, 15, 0],
			"faces": {
				"north": {"uv": [16, 0, 0, 16], "texture": "#0"},
				"east": {"uv": [12.8, 0, 16, 16], "texture": "#0"},
				"south": {"uv": [0, 0, 16, 16], "texture": "#0"},
				"west": {"uv": [0, 0, 3.2, 16], "texture": "#0"},
				"up": {"uv": [0, 0, 16, 5.33333], "texture": "#0"},
				"down": {"uv": [0, 10.66667, 16, 16], "texture": "#0"}
			}
		}
	],
	"gui_light": "front",
	"display": {},
	"groups": [
		{
			"name": "reputation1",
			"origin": [8, 8, 8],
			"color": 0,
			"nbt": "{}",
			"children": [0]
		}
	]
}