{
	"credit": "Made with Blockbench",
	"texture_size": [16, 32],
	"textures": {
		"0": "custom/ui/dividerbottom",
		"particle": "custom/ui/dividerbottom"
	},
	"elements": [
		{
			"name": "dividerbottom_0",
			"from": [0, -7, 0],
			"to": [17, 12, 1],
			"faces": {
				"north": {"uv": [16, 0, 0, 11.5], "texture": "#0"},
				"east": {"uv": [15, 0, 16, 11.5], "texture": "#0"},
				"south": {"uv": [0, 0, 16, 11.5], "texture": "#0"},
				"west": {"uv": [0, 0, 1, 11.5], "texture": "#0"},
				"up": {"uv": [0, 0, 16, 0.5], "texture": "#0"},
				"down": {"uv": [0, 11, 16, 11.5], "texture": "#0"}
			}
		},
		{
			"name": "dividerbottom_1",
			"from": [1, -8, 0],
			"to": [16, -7, 1],
			"faces": {
				"north": {"uv": [15, 11.5, 1, 12], "texture": "#0"},
				"east": {"uv": [14, 11.5, 15, 12], "texture": "#0"},
				"south": {"uv": [1, 11.5, 15, 12], "texture": "#0"},
				"west": {"uv": [1, 11.5, 2, 12], "texture": "#0"},
				"up": {"uv": [1, 11.5, 15, 12], "texture": "#0"},
				"down": {"uv": [1, 11.5, 15, 12], "texture": "#0"}
			}
		},
		{
			"name": "dividerbottom_2",
			"from": [2, -9, 0],
			"to": [15, -8, 1],
			"faces": {
				"north": {"uv": [14, 12, 2, 12.5], "texture": "#0"},
				"east": {"uv": [13, 12, 14, 12.5], "texture": "#0"},
				"south": {"uv": [2, 12, 14, 12.5], "texture": "#0"},
				"west": {"uv": [2, 12, 3, 12.5], "texture": "#0"},
				"up": {"uv": [2, 12, 14, 12.5], "texture": "#0"},
				"down": {"uv": [2, 12, 14, 12.5], "texture": "#0"}
			}
		},
		{
			"name": "dividerbottom_3",
			"from": [3, -10, 0],
			"to": [14, -9, 1],
			"faces": {
				"north": {"uv": [13, 12.5, 3, 13], "texture": "#0"},
				"east": {"uv": [12, 12.5, 13, 13], "texture": "#0"},
				"south": {"uv": [3, 12.5, 13, 13], "texture": "#0"},
				"west": {"uv": [3, 12.5, 4, 13], "texture": "#0"},
				"up": {"uv": [3, 12.5, 13, 13], "texture": "#0"},
				"down": {"uv": [3, 12.5, 13, 13], "texture": "#0"}
			}
		},
		{
			"name": "dividerbottom_4",
			"from": [4, -11, 0],
			"to": [13, -10, 1],
			"faces": {
				"north": {"uv": [12, 13, 4, 13.5], "texture": "#0"},
				"east": {"uv": [11, 13, 12, 13.5], "texture": "#0"},
				"south": {"uv": [4, 13, 12, 13.5], "texture": "#0"},
				"west": {"uv": [4, 13, 5, 13.5], "texture": "#0"},
				"up": {"uv": [4, 13, 12, 13.5], "texture": "#0"},
				"down": {"uv": [4, 13, 12, 13.5], "texture": "#0"}
			}
		},
		{
			"name": "dividerbottom_5",
			"from": [5, -12, 0],
			"to": [12, -11, 1],
			"faces": {
				"north": {"uv": [11, 13.5, 5, 14], "texture": "#0"},
				"east": {"uv": [10, 13.5, 11, 14], "texture": "#0"},
				"south": {"uv": [5, 13.5, 11, 14], "texture": "#0"},
				"west": {"uv": [5, 13.5, 6, 14], "texture": "#0"},
				"up": {"uv": [5, 13.5, 11, 14], "texture": "#0"},
				"down": {"uv": [5, 13.5, 11, 14], "texture": "#0"}
			}
		},
		{
			"name": "dividerbottom_6",
			"from": [6, -13, 0],
			"to": [11, -12, 1],
			"faces": {
				"north": {"uv": [10, 14, 6, 14.5], "texture": "#0"},
				"east": {"uv": [9, 14, 10, 14.5], "texture": "#0"},
				"south": {"uv": [6, 14, 10, 14.5], "texture": "#0"},
				"west": {"uv": [6, 14, 7, 14.5], "texture": "#0"},
				"up": {"uv": [6, 14, 10, 14.5], "texture": "#0"},
				"down": {"uv": [6, 14, 10, 14.5], "texture": "#0"}
			}
		},
		{
			"name": "dividerbottom_7",
			"from": [7, -14, 0],
			"to": [10, -13, 1],
			"faces": {
				"north": {"uv": [9, 14.5, 7, 15], "texture": "#0"},
				"east": {"uv": [8, 14.5, 9, 15], "texture": "#0"},
				"south": {"uv": [7, 14.5, 9, 15], "texture": "#0"},
				"west": {"uv": [7, 14.5, 8, 15], "texture": "#0"},
				"up": {"uv": [7, 14.5, 9, 15], "texture": "#0"},
				"down": {"uv": [7, 14.5, 9, 15], "texture": "#0"}
			}
		}
	],
	"gui_light": "front",
	"display": {
		"gui": {
			"translation": [-1, 5, 0]
		}
	},
	"groups": [
		{
			"name": "dividerbottom",
			"origin": [8, 8, 8],
			"color": 0,
			"nbt": "{}",
			"children": [0, 1, 2, 3, 4, 5, 6, 7]
		}
	]
}