{
	"credit": "Made with Blockbench",
	"textures": {
		"0": "custom/ui/divider",
		"particle": "custom/ui/divider"
	},
	"elements": [
		{
			"name": "divider_0",
			"from": [0, 0, 0],
			"to": [17, 18, 1],
			"faces": {
				"north": {"uv": [16, 0, 0, 16], "texture": "#0"},
				"east": {"uv": [15, 0, 16, 16], "texture": "#0"},
				"south": {"uv": [0, 0, 16, 16], "texture": "#0"},
				"west": {"uv": [0, 0, 1, 16], "texture": "#0"},
				"up": {"uv": [0, 0, 16, 1], "texture": "#0"},
				"down": {"uv": [0, 15, 16, 16], "texture": "#0"}
			}
		}
	],
	"gui_light": "front",
	"display": {
		"gui": {
			"translation": [-1, -1, 0]
		}
	},
	"groups": [
		{
			"name": "divider",
			"origin": [8, 8, 8],
			"color": 0,
			"nbt": "{}",
			"children": [0]
		}
	]
}