{
	"credit": "Made with Blockbench",
	"textures": {
		"0": "custom/ui/rightarrow",
		"particle": "custom/ui/rightarrow"
	},
	"elements": [
		{
			"name": "rightarrow_0",
			"from": [2, 3, 7],
			"to": [5, 14, 8],
			"faces": {
				"north": {"uv": [5, 2, 2, 13], "texture": "#0"},
				"east": {"uv": [4, 2, 5, 13], "texture": "#0"},
				"south": {"uv": [2, 2, 5, 13], "texture": "#0"},
				"west": {"uv": [2, 2, 3, 13], "texture": "#0"},
				"up": {"uv": [2, 2, 5, 3], "texture": "#0"},
				"down": {"uv": [2, 12, 5, 13], "texture": "#0"}
			}
		},
		{
			"name": "rightarrow_1",
			"from": [5, 4, 7],
			"to": [7, 13, 8],
			"faces": {
				"north": {"uv": [7, 3, 5, 12], "texture": "#0"},
				"east": {"uv": [6, 3, 7, 12], "texture": "#0"},
				"south": {"uv": [5, 3, 7, 12], "texture": "#0"},
				"west": {"uv": [5, 3, 6, 12], "texture": "#0"},
				"up": {"uv": [5, 3, 7, 4], "texture": "#0"},
				"down": {"uv": [5, 11, 7, 12], "texture": "#0"}
			}
		},
		{
			"name": "rightarrow_2",
			"from": [7, 5, 7],
			"to": [9, 12, 8],
			"faces": {
				"north": {"uv": [9, 4, 7, 11], "texture": "#0"},
				"east": {"uv": [8, 4, 9, 11], "texture": "#0"},
				"south": {"uv": [7, 4, 9, 11], "texture": "#0"},
				"west": {"uv": [7, 4, 8, 11], "texture": "#0"},
				"up": {"uv": [7, 4, 9, 5], "texture": "#0"},
				"down": {"uv": [7, 10, 9, 11], "texture": "#0"}
			}
		},
		{
			"name": "rightarrow_3",
			"from": [9, 6, 7],
			"to": [11, 11, 8],
			"faces": {
				"north": {"uv": [11, 5, 9, 10], "texture": "#0"},
				"east": {"uv": [10, 5, 11, 10], "texture": "#0"},
				"south": {"uv": [9, 5, 11, 10], "texture": "#0"},
				"west": {"uv": [9, 5, 10, 10], "texture": "#0"},
				"up": {"uv": [9, 5, 11, 6], "texture": "#0"},
				"down": {"uv": [9, 9, 11, 10], "texture": "#0"}
			}
		},
		{
			"name": "rightarrow_4",
			"from": [11, 7, 7],
			"to": [13, 10, 8],
			"faces": {
				"north": {"uv": [13, 6, 11, 9], "texture": "#0"},
				"east": {"uv": [12, 6, 13, 9], "texture": "#0"},
				"south": {"uv": [11, 6, 13, 9], "texture": "#0"},
				"west": {"uv": [11, 6, 12, 9], "texture": "#0"},
				"up": {"uv": [11, 6, 13, 7], "texture": "#0"},
				"down": {"uv": [11, 8, 13, 9], "texture": "#0"}
			}
		},
		{
			"name": "rightarrow_5",
			"from": [13, 8, 7],
			"to": [14, 9, 8],
			"faces": {
				"north": {"uv": [14, 7, 13, 8], "texture": "#0"},
				"east": {"uv": [13, 7, 14, 8], "texture": "#0"},
				"south": {"uv": [13, 7, 14, 8], "texture": "#0"},
				"west": {"uv": [13, 7, 14, 8], "texture": "#0"},
				"up": {"uv": [13, 7, 14, 8], "texture": "#0"},
				"down": {"uv": [13, 7, 14, 8], "texture": "#0"}
			}
		}
	],
	"gui_light": "front",
	"display": {
		"thirdperson_righthand": {
			"translation": [0, 3, 1],
			"scale": [0.55, 0.55, 0.55]
		},
		"gui": {
			"translation": [-0.25, -0.5, 0]
		}
	},
	"groups": [
		{
			"name": "rightarrow",
			"origin": [8, 8, 8],
			"color": 0,
			"nbt": "{}",
			"children": [0, 1, 2, 3, 4, 5]
		}
	]
}