{
	"credit": "Made with Blockbench",
	"textures": {
		"0": "custom/ui/searchbutton",
		"particle": "custom/ui/searchbutton"
	},
	"elements": [
		{
			"name": "searchbutton_0",
			"from": [8, 15, 7],
			"to": [13, 16, 8],
			"faces": {
				"north": {"uv": [13, 0, 8, 1], "texture": "#0"},
				"east": {"uv": [12, 0, 13, 1], "texture": "#0"},
				"south": {"uv": [8, 0, 13, 1], "texture": "#0"},
				"west": {"uv": [8, 0, 9, 1], "texture": "#0"},
				"up": {"uv": [8, 0, 13, 1], "texture": "#0"},
				"down": {"uv": [8, 0, 13, 1], "texture": "#0"}
			}
		},
		{
			"name": "searchbutton_1",
			"from": [6, 14, 7],
			"to": [9, 15, 8],
			"faces": {
				"north": {"uv": [9, 1, 6, 2], "texture": "#0"},
				"east": {"uv": [8, 1, 9, 2], "texture": "#0"},
				"south": {"uv": [6, 1, 9, 2], "texture": "#0"},
				"west": {"uv": [6, 1, 7, 2], "texture": "#0"},
				"up": {"uv": [6, 1, 9, 2], "texture": "#0"},
				"down": {"uv": [6, 1, 9, 2], "texture": "#0"}
			}
		},
		{
			"name": "searchbutton_2",
			"from": [12, 14, 7],
			"to": [15, 15, 8],
			"faces": {
				"north": {"uv": [15, 1, 12, 2], "texture": "#0"},
				"east": {"uv": [14, 1, 15, 2], "texture": "#0"},
				"south": {"uv": [12, 1, 15, 2], "texture": "#0"},
				"west": {"uv": [12, 1, 13, 2], "texture": "#0"},
				"up": {"uv": [12, 1, 15, 2], "texture": "#0"},
				"down": {"uv": [12, 1, 15, 2], "texture": "#0"}
			}
		},
		{
			"name": "searchbutton_3",
			"from": [6, 12, 7],
			"to": [7, 14, 8],
			"faces": {
				"north": {"uv": [7, 2, 6, 4], "texture": "#0"},
				"east": {"uv": [6, 2, 7, 4], "texture": "#0"},
				"south": {"uv": [6, 2, 7, 4], "texture": "#0"},
				"west": {"uv": [6, 2, 7, 4], "texture": "#0"},
				"up": {"uv": [6, 2, 7, 3], "texture": "#0"},
				"down": {"uv": [6, 3, 7, 4], "texture": "#0"}
			}
		},
		{
			"name": "searchbutton_4",
			"from": [9, 13, 7],
			"to": [12, 14, 8],
			"faces": {
				"north": {"uv": [12, 2, 9, 3], "texture": "#0"},
				"east": {"uv": [11, 2, 12, 3], "texture": "#0"},
				"south": {"uv": [9, 2, 12, 3], "texture": "#0"},
				"west": {"uv": [9, 2, 10, 3], "texture": "#0"},
				"up": {"uv": [9, 2, 12, 3], "texture": "#0"},
				"down": {"uv": [9, 2, 12, 3], "texture": "#0"}
			}
		},
		{
			"name": "searchbutton_5",
			"from": [14, 12, 7],
			"to": [15, 14, 8],
			"faces": {
				"north": {"uv": [15, 2, 14, 4], "texture": "#0"},
				"east": {"uv": [14, 2, 15, 4], "texture": "#0"},
				"south": {"uv": [14, 2, 15, 4], "texture": "#0"},
				"west": {"uv": [14, 2, 15, 4], "texture": "#0"},
				"up": {"uv": [14, 2, 15, 3], "texture": "#0"},
				"down": {"uv": [14, 3, 15, 4], "texture": "#0"}
			}
		},
		{
			"name": "searchbutton_6",
			"from": [5, 8, 7],
			"to": [6, 13, 8],
			"faces": {
				"north": {"uv": [6, 3, 5, 8], "texture": "#0"},
				"east": {"uv": [5, 3, 6, 8], "texture": "#0"},
				"south": {"uv": [5, 3, 6, 8], "texture": "#0"},
				"west": {"uv": [5, 3, 6, 8], "texture": "#0"},
				"up": {"uv": [5, 3, 6, 4], "texture": "#0"},
				"down": {"uv": [5, 7, 6, 8], "texture": "#0"}
			}
		},
		{
			"name": "searchbutton_7",
			"from": [8, 12, 7],
			"to": [9, 13, 8],
			"faces": {
				"north": {"uv": [9, 3, 8, 4], "texture": "#0"},
				"east": {"uv": [8, 3, 9, 4], "texture": "#0"},
				"south": {"uv": [8, 3, 9, 4], "texture": "#0"},
				"west": {"uv": [8, 3, 9, 4], "texture": "#0"},
				"up": {"uv": [8, 3, 9, 4], "texture": "#0"},
				"down": {"uv": [8, 3, 9, 4], "texture": "#0"}
			}
		},
		{
			"name": "searchbutton_8",
			"from": [15, 8, 7],
			"to": [16, 13, 8],
			"faces": {
				"north": {"uv": [16, 3, 15, 8], "texture": "#0"},
				"east": {"uv": [15, 3, 16, 8], "texture": "#0"},
				"south": {"uv": [15, 3, 16, 8], "texture": "#0"},
				"west": {"uv": [15, 3, 16, 8], "texture": "#0"},
				"up": {"uv": [15, 3, 16, 4], "texture": "#0"},
				"down": {"uv": [15, 7, 16, 8], "texture": "#0"}
			}
		},
		{
			"name": "searchbutton_9",
			"from": [7, 9, 7],
			"to": [8, 12, 8],
			"faces": {
				"north": {"uv": [8, 4, 7, 7], "texture": "#0"},
				"east": {"uv": [7, 4, 8, 7], "texture": "#0"},
				"south": {"uv": [7, 4, 8, 7], "texture": "#0"},
				"west": {"uv": [7, 4, 8, 7], "texture": "#0"},
				"up": {"uv": [7, 4, 8, 5], "texture": "#0"},
				"down": {"uv": [7, 6, 8, 7], "texture": "#0"}
			}
		},
		{
			"name": "searchbutton_10",
			"from": [6, 4, 7],
			"to": [7, 9, 8],
			"faces": {
				"north": {"uv": [7, 7, 6, 12], "texture": "#0"},
				"east": {"uv": [6, 7, 7, 12], "texture": "#0"},
				"south": {"uv": [6, 7, 7, 12], "texture": "#0"},
				"west": {"uv": [6, 7, 7, 12], "texture": "#0"},
				"up": {"uv": [6, 7, 7, 8], "texture": "#0"},
				"down": {"uv": [6, 11, 7, 12], "texture": "#0"}
			}
		},
		{
			"name": "searchbutton_11",
			"from": [14, 6, 7],
			"to": [15, 9, 8],
			"faces": {
				"north": {"uv": [15, 7, 14, 10], "texture": "#0"},
				"east": {"uv": [14, 7, 15, 10], "texture": "#0"},
				"south": {"uv": [14, 7, 15, 10], "texture": "#0"},
				"west": {"uv": [14, 7, 15, 10], "texture": "#0"},
				"up": {"uv": [14, 7, 15, 8], "texture": "#0"},
				"down": {"uv": [14, 9, 15, 10], "texture": "#0"}
			}
		},
		{
			"name": "searchbutton_12",
			"from": [4, 3, 7],
			"to": [6, 7, 8],
			"faces": {
				"north": {"uv": [6, 9, 4, 13], "texture": "#0"},
				"east": {"uv": [5, 9, 6, 13], "texture": "#0"},
				"south": {"uv": [4, 9, 6, 13], "texture": "#0"},
				"west": {"uv": [4, 9, 5, 13], "texture": "#0"},
				"up": {"uv": [4, 9, 6, 10], "texture": "#0"},
				"down": {"uv": [4, 12, 6, 13], "texture": "#0"}
			}
		},
		{
			"name": "searchbutton_13",
			"from": [7, 6, 7],
			"to": [9, 7, 8],
			"faces": {
				"north": {"uv": [9, 9, 7, 10], "texture": "#0"},
				"east": {"uv": [8, 9, 9, 10], "texture": "#0"},
				"south": {"uv": [7, 9, 9, 10], "texture": "#0"},
				"west": {"uv": [7, 9, 8, 10], "texture": "#0"},
				"up": {"uv": [7, 9, 9, 10], "texture": "#0"},
				"down": {"uv": [7, 9, 9, 10], "texture": "#0"}
			}
		},
		{
			"name": "searchbutton_14",
			"from": [12, 6, 7],
			"to": [14, 7, 8],
			"faces": {
				"north": {"uv": [14, 9, 12, 10], "texture": "#0"},
				"east": {"uv": [13, 9, 14, 10], "texture": "#0"},
				"south": {"uv": [12, 9, 14, 10], "texture": "#0"},
				"west": {"uv": [12, 9, 13, 10], "texture": "#0"},
				"up": {"uv": [12, 9, 14, 10], "texture": "#0"},
				"down": {"uv": [12, 9, 14, 10], "texture": "#0"}
			}
		},
		{
			"name": "searchbutton_15",
			"from": [3, 1, 7],
			"to": [4, 6, 8],
			"faces": {
				"north": {"uv": [4, 10, 3, 15], "texture": "#0"},
				"east": {"uv": [3, 10, 4, 15], "texture": "#0"},
				"south": {"uv": [3, 10, 4, 15], "texture": "#0"},
				"west": {"uv": [3, 10, 4, 15], "texture": "#0"},
				"up": {"uv": [3, 10, 4, 11], "texture": "#0"},
				"down": {"uv": [3, 14, 4, 15], "texture": "#0"}
			}
		},
		{
			"name": "searchbutton_16",
			"from": [8, 5, 7],
			"to": [13, 6, 8],
			"faces": {
				"north": {"uv": [13, 10, 8, 11], "texture": "#0"},
				"east": {"uv": [12, 10, 13, 11], "texture": "#0"},
				"south": {"uv": [8, 10, 13, 11], "texture": "#0"},
				"west": {"uv": [8, 10, 9, 11], "texture": "#0"},
				"up": {"uv": [8, 10, 13, 11], "texture": "#0"},
				"down": {"uv": [8, 10, 13, 11], "texture": "#0"}
			}
		},
		{
			"name": "searchbutton_17",
			"from": [2, 0, 7],
			"to": [3, 5, 8],
			"faces": {
				"north": {"uv": [3, 11, 2, 16], "texture": "#0"},
				"east": {"uv": [2, 11, 3, 16], "texture": "#0"},
				"south": {"uv": [2, 11, 3, 16], "texture": "#0"},
				"west": {"uv": [2, 11, 3, 16], "texture": "#0"},
				"up": {"uv": [2, 11, 3, 12], "texture": "#0"},
				"down": {"uv": [2, 15, 3, 16], "texture": "#0"}
			}
		},
		{
			"name": "searchbutton_18",
			"from": [1, 0, 7],
			"to": [2, 4, 8],
			"faces": {
				"north": {"uv": [2, 12, 1, 16], "texture": "#0"},
				"east": {"uv": [1, 12, 2, 16], "texture": "#0"},
				"south": {"uv": [1, 12, 2, 16], "texture": "#0"},
				"west": {"uv": [1, 12, 2, 16], "texture": "#0"},
				"up": {"uv": [1, 12, 2, 13], "texture": "#0"},
				"down": {"uv": [1, 15, 2, 16], "texture": "#0"}
			}
		},
		{
			"name": "searchbutton_19",
			"from": [0, 0, 7],
			"to": [1, 3, 8],
			"faces": {
				"north": {"uv": [1, 13, 0, 16], "texture": "#0"},
				"east": {"uv": [0, 13, 1, 16], "texture": "#0"},
				"south": {"uv": [0, 13, 1, 16], "texture": "#0"},
				"west": {"uv": [0, 13, 1, 16], "texture": "#0"},
				"up": {"uv": [0, 13, 1, 14], "texture": "#0"},
				"down": {"uv": [0, 15, 1, 16], "texture": "#0"}
			}
		},
		{
			"name": "searchbutton_20",
			"from": [4, 2, 7],
			"to": [5, 3, 8],
			"faces": {
				"north": {"uv": [5, 13, 4, 14], "texture": "#0"},
				"east": {"uv": [4, 13, 5, 14], "texture": "#0"},
				"south": {"uv": [4, 13, 5, 14], "texture": "#0"},
				"west": {"uv": [4, 13, 5, 14], "texture": "#0"},
				"up": {"uv": [4, 13, 5, 14], "texture": "#0"},
				"down": {"uv": [4, 13, 5, 14], "texture": "#0"}
			}
		}
	],
	"gui_light": "front",
	"display": {
		"thirdperson_righthand": {
			"translation": [0, 3, 1],
			"scale": [0.55, 0.55, 0.55]
		}
	},
	"groups": [
		{
			"name": "searchbutton",
			"origin": [8, 8, 8],
			"color": 0,
			"nbt": "{}",
			"children": [0, 1, 2, 3, 4, 5, 6, 7, 8, 9, 10, 11, 12, 13, 14, 15, 16, 17, 18, 19, 20]
		}
	]
}