{
	"credit": "Made with Blockbench",
	"textures": {
		"0": "custom/ui/settingsbutton",
		"particle": "custom/ui/settingsbutton"
	},
	"elements": [
		{
			"name": "SettingsButton_0",
			"from": [8, 13.33333, 8],
			"to": [9.33333, 16, 9.33333],
			"faces": {
				"north": {"uv": [9.33333, 0, 8, 2.90909], "texture": "#0"},
				"east": {"uv": [8, 0, 9.33333, 2.90909], "texture": "#0"},
				"south": {"uv": [8, 0, 9.33333, 2.90909], "texture": "#0"},
				"west": {"uv": [8, 0, 9.33333, 2.90909], "texture": "#0"},
				"up": {"uv": [8, 0, 9.33333, 1.45455], "texture": "#0"},
				"down": {"uv": [8, 1.45455, 9.33333, 2.90909], "texture": "#0"}
			}
		},
		{
			"name": "SettingsButton_1",
			"from": [10.66667, 13.33333, 8],
			"to": [12, 16, 9.33333],
			"faces": {
				"north": {"uv": [12, 0, 10.66667, 2.90909], "texture": "#0"},
				"east": {"uv": [10.66667, 0, 12, 2.90909], "texture": "#0"},
				"south": {"uv": [10.66667, 0, 12, 2.90909], "texture": "#0"},
				"west": {"uv": [10.66667, 0, 12, 2.90909], "texture": "#0"},
				"up": {"uv": [10.66667, 0, 12, 1.45455], "texture": "#0"},
				"down": {"uv": [10.66667, 1.45455, 12, 2.90909], "texture": "#0"}
			}
		},
		{
			"name": "SettingsButton_2",
			"from": [5.33333, 13.33333, 8],
			"to": [6.66667, 14.66667, 9.33333],
			"faces": {
				"north": {"uv": [6.66667, 1.45455, 5.33333, 2.90909], "texture": "#0"},
				"east": {"uv": [5.33333, 1.45455, 6.66667, 2.90909], "texture": "#0"},
				"south": {"uv": [5.33333, 1.45455, 6.66667, 2.90909], "texture": "#0"},
				"west": {"uv": [5.33333, 1.45455, 6.66667, 2.90909], "texture": "#0"},
				"up": {"uv": [5.33333, 1.45455, 6.66667, 2.90909], "texture": "#0"},
				"down": {"uv": [5.33333, 1.45455, 6.66667, 2.90909], "texture": "#0"}
			}
		},
		{
			"name": "SettingsButton_3",
			"from": [9.33333, 10.66667, 8],
			"to": [10.66667, 14.66667, 9.33333],
			"faces": {
				"north": {"uv": [10.66667, 1.45455, 9.33333, 5.81818], "texture": "#0"},
				"east": {"uv": [9.33333, 1.45455, 10.66667, 5.81818], "texture": "#0"},
				"south": {"uv": [9.33333, 1.45455, 10.66667, 5.81818], "texture": "#0"},
				"west": {"uv": [9.33333, 1.45455, 10.66667, 5.81818], "texture": "#0"},
				"up": {"uv": [9.33333, 1.45455, 10.66667, 2.90909], "texture": "#0"},
				"down": {"uv": [9.33333, 4.36364, 10.66667, 5.81818], "texture": "#0"}
			}
		},
		{
			"name": "SettingsButton_4",
			"from": [13.33333, 13.33333, 8],
			"to": [14.66667, 14.66667, 9.33333],
			"faces": {
				"north": {"uv": [14.66667, 1.45455, 13.33333, 2.90909], "texture": "#0"},
				"east": {"uv": [13.33333, 1.45455, 14.66667, 2.90909], "texture": "#0"},
				"south": {"uv": [13.33333, 1.45455, 14.66667, 2.90909], "texture": "#0"},
				"west": {"uv": [13.33333, 1.45455, 14.66667, 2.90909], "texture": "#0"},
				"up": {"uv": [13.33333, 1.45455, 14.66667, 2.90909], "texture": "#0"},
				"down": {"uv": [13.33333, 1.45455, 14.66667, 2.90909], "texture": "#0"}
			}
		},
		{
			"name": "SettingsButton_5",
			"from": [6.66667, 12, 8],
			"to": [8, 13.33333, 9.33333],
			"faces": {
				"north": {"uv": [8, 2.90909, 6.66667, 4.36364], "texture": "#0"},
				"east": {"uv": [6.66667, 2.90909, 8, 4.36364], "texture": "#0"},
				"south": {"uv": [6.66667, 2.90909, 8, 4.36364], "texture": "#0"},
				"west": {"uv": [6.66667, 2.90909, 8, 4.36364], "texture": "#0"},
				"up": {"uv": [6.66667, 2.90909, 8, 4.36364], "texture": "#0"},
				"down": {"uv": [6.66667, 2.90909, 8, 4.36364], "texture": "#0"}
			}
		},
		{
			"name": "SettingsButton_6",
			"from": [12, 12, 8],
			"to": [13.33333, 13.33333, 9.33333],
			"faces": {
				"north": {"uv": [13.33333, 2.90909, 12, 4.36364], "texture": "#0"},
				"east": {"uv": [12, 2.90909, 13.33333, 4.36364], "texture": "#0"},
				"south": {"uv": [12, 2.90909, 13.33333, 4.36364], "texture": "#0"},
				"west": {"uv": [12, 2.90909, 13.33333, 4.36364], "texture": "#0"},
				"up": {"uv": [12, 2.90909, 13.33333, 4.36364], "texture": "#0"},
				"down": {"uv": [12, 2.90909, 13.33333, 4.36364], "texture": "#0"}
			}
		},
		{
			"name": "SettingsButton_7",
			"from": [4, 10.66667, 8],
			"to": [6.66667, 12, 9.33333],
			"faces": {
				"north": {"uv": [6.66667, 4.36364, 4, 5.81818], "texture": "#0"},
				"east": {"uv": [5.33333, 4.36364, 6.66667, 5.81818], "texture": "#0"},
				"south": {"uv": [4, 4.36364, 6.66667, 5.81818], "texture": "#0"},
				"west": {"uv": [4, 4.36364, 5.33333, 5.81818], "texture": "#0"},
				"up": {"uv": [4, 4.36364, 6.66667, 5.81818], "texture": "#0"},
				"down": {"uv": [4, 4.36364, 6.66667, 5.81818], "texture": "#0"}
			}
		},
		{
			"name": "SettingsButton_8",
			"from": [13.33333, 10.66667, 8],
			"to": [16, 12, 9.33333],
			"faces": {
				"north": {"uv": [16, 4.36364, 13.33333, 5.81818], "texture": "#0"},
				"east": {"uv": [14.66667, 4.36364, 16, 5.81818], "texture": "#0"},
				"south": {"uv": [13.33333, 4.36364, 16, 5.81818], "texture": "#0"},
				"west": {"uv": [13.33333, 4.36364, 14.66667, 5.81818], "texture": "#0"},
				"up": {"uv": [13.33333, 4.36364, 16, 5.81818], "texture": "#0"},
				"down": {"uv": [13.33333, 4.36364, 16, 5.81818], "texture": "#0"}
			}
		},
		{
			"name": "SettingsButton_9",
			"from": [5.33333, 9.33333, 8],
			"to": [9.33333, 10.66667, 9.33333],
			"faces": {
				"north": {"uv": [9.33333, 5.81818, 5.33333, 7.27273], "texture": "#0"},
				"east": {"uv": [8, 5.81818, 9.33333, 7.27273], "texture": "#0"},
				"south": {"uv": [5.33333, 5.81818, 9.33333, 7.27273], "texture": "#0"},
				"west": {"uv": [5.33333, 5.81818, 6.66667, 7.27273], "texture": "#0"},
				"up": {"uv": [5.33333, 5.81818, 9.33333, 7.27273], "texture": "#0"},
				"down": {"uv": [5.33333, 5.81818, 9.33333, 7.27273], "texture": "#0"}
			}
		},
		{
			"name": "SettingsButton_10",
			"from": [10.66667, 9.33333, 8],
			"to": [14.66667, 10.66667, 9.33333],
			"faces": {
				"north": {"uv": [14.66667, 5.81818, 10.66667, 7.27273], "texture": "#0"},
				"east": {"uv": [13.33333, 5.81818, 14.66667, 7.27273], "texture": "#0"},
				"south": {"uv": [10.66667, 5.81818, 14.66667, 7.27273], "texture": "#0"},
				"west": {"uv": [10.66667, 5.81818, 12, 7.27273], "texture": "#0"},
				"up": {"uv": [10.66667, 5.81818, 14.66667, 7.27273], "texture": "#0"},
				"down": {"uv": [10.66667, 5.81818, 14.66667, 7.27273], "texture": "#0"}
			}
		},
		{
			"name": "SettingsButton_11",
			"from": [4, 8, 8],
			"to": [6.66667, 9.33333, 9.33333],
			"faces": {
				"north": {"uv": [6.66667, 7.27273, 4, 8.72727], "texture": "#0"},
				"east": {"uv": [5.33333, 7.27273, 6.66667, 8.72727], "texture": "#0"},
				"south": {"uv": [4, 7.27273, 6.66667, 8.72727], "texture": "#0"},
				"west": {"uv": [4, 7.27273, 5.33333, 8.72727], "texture": "#0"},
				"up": {"uv": [4, 7.27273, 6.66667, 8.72727], "texture": "#0"},
				"down": {"uv": [4, 7.27273, 6.66667, 8.72727], "texture": "#0"}
			}
		},
		{
			"name": "SettingsButton_12",
			"from": [9.33333, 5.33333, 8],
			"to": [10.66667, 9.33333, 9.33333],
			"faces": {
				"north": {"uv": [10.66667, 7.27273, 9.33333, 11.63636], "texture": "#0"},
				"east": {"uv": [9.33333, 7.27273, 10.66667, 11.63636], "texture": "#0"},
				"south": {"uv": [9.33333, 7.27273, 10.66667, 11.63636], "texture": "#0"},
				"west": {"uv": [9.33333, 7.27273, 10.66667, 11.63636], "texture": "#0"},
				"up": {"uv": [9.33333, 7.27273, 10.66667, 8.72727], "texture": "#0"},
				"down": {"uv": [9.33333, 10.18182, 10.66667, 11.63636], "texture": "#0"}
			}
		},
		{
			"name": "SettingsButton_13",
			"from": [13.33333, 8, 8],
			"to": [16, 9.33333, 9.33333],
			"faces": {
				"north": {"uv": [16, 7.27273, 13.33333, 8.72727], "texture": "#0"},
				"east": {"uv": [14.66667, 7.27273, 16, 8.72727], "texture": "#0"},
				"south": {"uv": [13.33333, 7.27273, 16, 8.72727], "texture": "#0"},
				"west": {"uv": [13.33333, 7.27273, 14.66667, 8.72727], "texture": "#0"},
				"up": {"uv": [13.33333, 7.27273, 16, 8.72727], "texture": "#0"},
				"down": {"uv": [13.33333, 7.27273, 16, 8.72727], "texture": "#0"}
			}
		},
		{
			"name": "SettingsButton_14",
			"from": [0, 6.66667, 8],
			"to": [1.33333, 8, 9.33333],
			"faces": {
				"north": {"uv": [1.33333, 8.72727, 0, 10.18182], "texture": "#0"},
				"east": {"uv": [0, 8.72727, 1.33333, 10.18182], "texture": "#0"},
				"south": {"uv": [0, 8.72727, 1.33333, 10.18182], "texture": "#0"},
				"west": {"uv": [0, 8.72727, 1.33333, 10.18182], "texture": "#0"},
				"up": {"uv": [0, 8.72727, 1.33333, 10.18182], "texture": "#0"},
				"down": {"uv": [0, 8.72727, 1.33333, 10.18182], "texture": "#0"}
			}
		},
		{
			"name": "SettingsButton_15",
			"from": [2.66667, 5.33333, 8],
			"to": [4, 8, 9.33333],
			"faces": {
				"north": {"uv": [4, 8.72727, 2.66667, 11.63636], "texture": "#0"},
				"east": {"uv": [2.66667, 8.72727, 4, 11.63636], "texture": "#0"},
				"south": {"uv": [2.66667, 8.72727, 4, 11.63636], "texture": "#0"},
				"west": {"uv": [2.66667, 8.72727, 4, 11.63636], "texture": "#0"},
				"up": {"uv": [2.66667, 8.72727, 4, 10.18182], "texture": "#0"},
				"down": {"uv": [2.66667, 10.18182, 4, 11.63636], "texture": "#0"}
			}
		},
		{
			"name": "SettingsButton_16",
			"from": [5.33333, 6.66667, 8],
			"to": [8, 8, 9.33333],
			"faces": {
				"north": {"uv": [8, 8.72727, 5.33333, 10.18182], "texture": "#0"},
				"east": {"uv": [6.66667, 8.72727, 8, 10.18182], "texture": "#0"},
				"south": {"uv": [5.33333, 8.72727, 8, 10.18182], "texture": "#0"},
				"west": {"uv": [5.33333, 8.72727, 6.66667, 10.18182], "texture": "#0"},
				"up": {"uv": [5.33333, 8.72727, 8, 10.18182], "texture": "#0"},
				"down": {"uv": [5.33333, 8.72727, 8, 10.18182], "texture": "#0"}
			}
		},
		{
			"name": "SettingsButton_17",
			"from": [12, 6.66667, 8],
			"to": [13.33333, 8, 9.33333],
			"faces": {
				"north": {"uv": [13.33333, 8.72727, 12, 10.18182], "texture": "#0"},
				"east": {"uv": [12, 8.72727, 13.33333, 10.18182], "texture": "#0"},
				"south": {"uv": [12, 8.72727, 13.33333, 10.18182], "texture": "#0"},
				"west": {"uv": [12, 8.72727, 13.33333, 10.18182], "texture": "#0"},
				"up": {"uv": [12, 8.72727, 13.33333, 10.18182], "texture": "#0"},
				"down": {"uv": [12, 8.72727, 13.33333, 10.18182], "texture": "#0"}
			}
		},
		{
			"name": "SettingsButton_18",
			"from": [1.33333, 2.66667, 8],
			"to": [2.66667, 6.66667, 9.33333],
			"faces": {
				"north": {"uv": [2.66667, 10.18182, 1.33333, 14.54545], "texture": "#0"},
				"east": {"uv": [1.33333, 10.18182, 2.66667, 14.54545], "texture": "#0"},
				"south": {"uv": [1.33333, 10.18182, 2.66667, 14.54545], "texture": "#0"},
				"west": {"uv": [1.33333, 10.18182, 2.66667, 14.54545], "texture": "#0"},
				"up": {"uv": [1.33333, 10.18182, 2.66667, 11.63636], "texture": "#0"},
				"down": {"uv": [1.33333, 13.09091, 2.66667, 14.54545], "texture": "#0"}
			}
		},
		{
			"name": "SettingsButton_19",
			"from": [4, 4, 8],
			"to": [6.66667, 6.66667, 9.33333],
			"faces": {
				"north": {"uv": [6.66667, 10.18182, 4, 13.09091], "texture": "#0"},
				"east": {"uv": [5.33333, 10.18182, 6.66667, 13.09091], "texture": "#0"},
				"south": {"uv": [4, 10.18182, 6.66667, 13.09091], "texture": "#0"},
				"west": {"uv": [4, 10.18182, 5.33333, 13.09091], "texture": "#0"},
				"up": {"uv": [4, 10.18182, 6.66667, 11.63636], "texture": "#0"},
				"down": {"uv": [4, 11.63636, 6.66667, 13.09091], "texture": "#0"}
			}
		},
		{
			"name": "SettingsButton_20",
			"from": [8, 4, 8],
			"to": [9.33333, 6.66667, 9.33333],
			"faces": {
				"north": {"uv": [9.33333, 10.18182, 8, 13.09091], "texture": "#0"},
				"east": {"uv": [8, 10.18182, 9.33333, 13.09091], "texture": "#0"},
				"south": {"uv": [8, 10.18182, 9.33333, 13.09091], "texture": "#0"},
				"west": {"uv": [8, 10.18182, 9.33333, 13.09091], "texture": "#0"},
				"up": {"uv": [8, 10.18182, 9.33333, 11.63636], "texture": "#0"},
				"down": {"uv": [8, 11.63636, 9.33333, 13.09091], "texture": "#0"}
			}
		},
		{
			"name": "SettingsButton_21",
			"from": [10.66667, 4, 8],
			"to": [12, 6.66667, 9.33333],
			"faces": {
				"north": {"uv": [12, 10.18182, 10.66667, 13.09091], "texture": "#0"},
				"east": {"uv": [10.66667, 10.18182, 12, 13.09091], "texture": "#0"},
				"south": {"uv": [10.66667, 10.18182, 12, 13.09091], "texture": "#0"},
				"west": {"uv": [10.66667, 10.18182, 12, 13.09091], "texture": "#0"},
				"up": {"uv": [10.66667, 10.18182, 12, 11.63636], "texture": "#0"},
				"down": {"uv": [10.66667, 11.63636, 12, 13.09091], "texture": "#0"}
			}
		},
		{
			"name": "SettingsButton_22",
			"from": [13.33333, 5.33333, 8],
			"to": [14.66667, 6.66667, 9.33333],
			"faces": {
				"north": {"uv": [14.66667, 10.18182, 13.33333, 11.63636], "texture": "#0"},
				"east": {"uv": [13.33333, 10.18182, 14.66667, 11.63636], "texture": "#0"},
				"south": {"uv": [13.33333, 10.18182, 14.66667, 11.63636], "texture": "#0"},
				"west": {"uv": [13.33333, 10.18182, 14.66667, 11.63636], "texture": "#0"},
				"up": {"uv": [13.33333, 10.18182, 14.66667, 11.63636], "texture": "#0"},
				"down": {"uv": [13.33333, 10.18182, 14.66667, 11.63636], "texture": "#0"}
			}
		},
		{
			"name": "SettingsButton_23",
			"from": [0, 4, 8],
			"to": [1.33333, 5.33333, 9.33333],
			"faces": {
				"north": {"uv": [1.33333, 11.63636, 0, 13.09091], "texture": "#0"},
				"east": {"uv": [0, 11.63636, 1.33333, 13.09091], "texture": "#0"},
				"south": {"uv": [0, 11.63636, 1.33333, 13.09091], "texture": "#0"},
				"west": {"uv": [0, 11.63636, 1.33333, 13.09091], "texture": "#0"},
				"up": {"uv": [0, 11.63636, 1.33333, 13.09091], "texture": "#0"},
				"down": {"uv": [0, 11.63636, 1.33333, 13.09091], "texture": "#0"}
			}
		},
		{
			"name": "SettingsButton_24",
			"from": [2.66667, 2.66667, 8],
			"to": [5.33333, 4, 9.33333],
			"faces": {
				"north": {"uv": [5.33333, 13.09091, 2.66667, 14.54545], "texture": "#0"},
				"east": {"uv": [4, 13.09091, 5.33333, 14.54545], "texture": "#0"},
				"south": {"uv": [2.66667, 13.09091, 5.33333, 14.54545], "texture": "#0"},
				"west": {"uv": [2.66667, 13.09091, 4, 14.54545], "texture": "#0"},
				"up": {"uv": [2.66667, 13.09091, 5.33333, 14.54545], "texture": "#0"},
				"down": {"uv": [2.66667, 13.09091, 5.33333, 14.54545], "texture": "#0"}
			}
		},
		{
			"name": "SettingsButton_25",
			"from": [0, 1.33333, 8],
			"to": [1.33333, 2.66667, 9.33333],
			"faces": {
				"north": {"uv": [1.33333, 14.54545, 0, 16], "texture": "#0"},
				"east": {"uv": [0, 14.54545, 1.33333, 16], "texture": "#0"},
				"south": {"uv": [0, 14.54545, 1.33333, 16], "texture": "#0"},
				"west": {"uv": [0, 14.54545, 1.33333, 16], "texture": "#0"},
				"up": {"uv": [0, 14.54545, 1.33333, 16], "texture": "#0"},
				"down": {"uv": [0, 14.54545, 1.33333, 16], "texture": "#0"}
			}
		},
		{
			"name": "SettingsButton_26",
			"from": [2.66667, 1.33333, 8],
			"to": [4, 2.66667, 9.33333],
			"faces": {
				"north": {"uv": [4, 14.54545, 2.66667, 16], "texture": "#0"},
				"east": {"uv": [2.66667, 14.54545, 4, 16], "texture": "#0"},
				"south": {"uv": [2.66667, 14.54545, 4, 16], "texture": "#0"},
				"west": {"uv": [2.66667, 14.54545, 4, 16], "texture": "#0"},
				"up": {"uv": [2.66667, 14.54545, 4, 16], "texture": "#0"},
				"down": {"uv": [2.66667, 14.54545, 4, 16], "texture": "#0"}
			}
		},
		{
			"name": "SettingsButton_27",
			"from": [5.33333, 1.33333, 8],
			"to": [6.66667, 2.66667, 9.33333],
			"faces": {
				"north": {"uv": [6.66667, 14.54545, 5.33333, 16], "texture": "#0"},
				"east": {"uv": [5.33333, 14.54545, 6.66667, 16], "texture": "#0"},
				"south": {"uv": [5.33333, 14.54545, 6.66667, 16], "texture": "#0"},
				"west": {"uv": [5.33333, 14.54545, 6.66667, 16], "texture": "#0"},
				"up": {"uv": [5.33333, 14.54545, 6.66667, 16], "texture": "#0"},
				"down": {"uv": [5.33333, 14.54545, 6.66667, 16], "texture": "#0"}
			}
		}
	],
	"gui_light": "front",
	"display": {
		"thirdperson_righthand": {
			"translation": [0, 3, 1],
			"scale": [0.55, 0.55, 0.55]
		},
		"thirdperson_lefthand": {
			"translation": [0, 3, 1],
			"scale": [0.55, 0.55, 0.55]
		},
		"firstperson_righthand": {
			"rotation": [0, -90, 25],
			"translation": [1.13, 3.2, 1.13],
			"scale": [0.68, 0.68, 0.68]
		},
		"firstperson_lefthand": {
			"rotation": [0, -90, 25],
			"translation": [1.13, 3.2, 1.13],
			"scale": [0.68, 0.68, 0.68]
		},
		"ground": {
			"translation": [0, 2, 0],
			"scale": [0.5, 0.5, 0.5]
		},
		"gui": {
			"translation": [0, -2, 0],
			"scale": [0.75, 0.75, 0.75]
		},
		"head": {
			"rotation": [0, 180, 0],
			"translation": [0, 13, 7]
		},
		"fixed": {
			"rotation": [0, 180, 0]
		}
	},
	"groups": [
		{
			"name": "SettingsButton",
			"origin": [8, 8, 8],
			"color": 0,
			"nbt": "{}",
			"children": [0, 1, 2, 3, 4, 5, 6, 7, 8, 9, 10, 11, 12, 13, 14, 15, 16, 17, 18, 19, 20, 21, 22, 23, 24, 25, 26, 27]
		}
	]
}