{
	"credit": "Made with Blockbench",
	"textures": {
		"0": "custom/ui/playermenu/misc/arrow",
		"particle": "custom/ui/playermenu/misc/arrow"
	},
	"elements": [
		{
			"name": "arrow_0",
			"from": [6, 4, 0],
			"to": [8, 12, 1],
			"faces": {
				"north": {"uv": [8, 4, 6, 12], "texture": "#0"},
				"east": {"uv": [7, 4, 8, 12], "texture": "#0"},
				"south": {"uv": [6, 4, 8, 12], "texture": "#0"},
				"west": {"uv": [6, 4, 7, 12], "texture": "#0"},
				"up": {"uv": [6, 4, 8, 5], "texture": "#0"},
				"down": {"uv": [6, 11, 8, 12], "texture": "#0"}
			}
		},
		{
			"name": "arrow_1",
			"from": [8, 5, 0],
			"to": [9, 11, 1],
			"faces": {
				"north": {"uv": [9, 5, 8, 11], "texture": "#0"},
				"east": {"uv": [8, 5, 9, 11], "texture": "#0"},
				"south": {"uv": [8, 5, 9, 11], "texture": "#0"},
				"west": {"uv": [8, 5, 9, 11], "texture": "#0"},
				"up": {"uv": [8, 5, 9, 6], "texture": "#0"},
				"down": {"uv": [8, 10, 9, 11], "texture": "#0"}
			}
		},
		{
			"name": "arrow_2",
			"from": [9, 6, 0],
			"to": [10, 10, 1],
			"faces": {
				"north": {"uv": [10, 6, 9, 10], "texture": "#0"},
				"east": {"uv": [9, 6, 10, 10], "texture": "#0"},
				"south": {"uv": [9, 6, 10, 10], "texture": "#0"},
				"west": {"uv": [9, 6, 10, 10], "texture": "#0"},
				"up": {"uv": [9, 6, 10, 7], "texture": "#0"},
				"down": {"uv": [9, 9, 10, 10], "texture": "#0"}
			}
		},
		{
			"name": "arrow_3",
			"from": [10, 7, 0],
			"to": [11, 9, 1],
			"faces": {
				"north": {"uv": [11, 7, 10, 9], "texture": "#0"},
				"east": {"uv": [10, 7, 11, 9], "texture": "#0"},
				"south": {"uv": [10, 7, 11, 9], "texture": "#0"},
				"west": {"uv": [10, 7, 11, 9], "texture": "#0"},
				"up": {"uv": [10, 7, 11, 8], "texture": "#0"},
				"down": {"uv": [10, 8, 11, 9], "texture": "#0"}
			}
		}
	],
	"gui_light": "front",
	"display": {},
	"groups": [
		{
			"name": "arrow",
			"origin": [8, 8, 8],
			"color": 0,
			"nbt": "{}",
			"children": [0, 1, 2, 3]
		}
	]
}