{
	"credit": "Made with Blockbench",
	"textures": {
		"0": "custom/ui/playermenu/misc/unknown",
		"particle": "custom/ui/playermenu/misc/unknown"
	},
	"elements": [
		{
			"name": "unknown_0",
			"from": [6, 11, 0],
			"to": [10, 13, 1],
			"faces": {
				"north": {"uv": [10, 3, 6, 5], "texture": "#0"},
				"east": {"uv": [9, 3, 10, 5], "texture": "#0"},
				"south": {"uv": [6, 3, 10, 5], "texture": "#0"},
				"west": {"uv": [6, 3, 7, 5], "texture": "#0"},
				"up": {"uv": [6, 3, 10, 4], "texture": "#0"},
				"down": {"uv": [6, 4, 10, 5], "texture": "#0"}
			}
		},
		{
			"name": "unknown_1",
			"from": [5, 9, 0],
			"to": [6, 12, 1],
			"faces": {
				"north": {"uv": [6, 4, 5, 7], "texture": "#0"},
				"east": {"uv": [5, 4, 6, 7], "texture": "#0"},
				"south": {"uv": [5, 4, 6, 7], "texture": "#0"},
				"west": {"uv": [5, 4, 6, 7], "texture": "#0"},
				"up": {"uv": [5, 4, 6, 5], "texture": "#0"},
				"down": {"uv": [5, 6, 6, 7], "texture": "#0"}
			}
		},
		{
			"name": "unknown_2",
			"from": [10, 8, 0],
			"to": [11, 12, 1],
			"faces": {
				"north": {"uv": [11, 4, 10, 8], "texture": "#0"},
				"east": {"uv": [10, 4, 11, 8], "texture": "#0"},
				"south": {"uv": [10, 4, 11, 8], "texture": "#0"},
				"west": {"uv": [10, 4, 11, 8], "texture": "#0"},
				"up": {"uv": [10, 4, 11, 5], "texture": "#0"},
				"down": {"uv": [10, 7, 11, 8], "texture": "#0"}
			}
		},
		{
			"name": "unknown_3",
			"from": [6, 9, 0],
			"to": [7, 11, 1],
			"faces": {
				"north": {"uv": [7, 5, 6, 7], "texture": "#0"},
				"east": {"uv": [6, 5, 7, 7], "texture": "#0"},
				"south": {"uv": [6, 5, 7, 7], "texture": "#0"},
				"west": {"uv": [6, 5, 7, 7], "texture": "#0"},
				"up": {"uv": [6, 5, 7, 6], "texture": "#0"},
				"down": {"uv": [6, 6, 7, 7], "texture": "#0"}
			}
		},
		{
			"name": "unknown_4",
			"from": [9, 7, 0],
			"to": [10, 11, 1],
			"faces": {
				"north": {"uv": [10, 5, 9, 9], "texture": "#0"},
				"east": {"uv": [9, 5, 10, 9], "texture": "#0"},
				"south": {"uv": [9, 5, 10, 9], "texture": "#0"},
				"west": {"uv": [9, 5, 10, 9], "texture": "#0"},
				"up": {"uv": [9, 5, 10, 6], "texture": "#0"},
				"down": {"uv": [9, 8, 10, 9], "texture": "#0"}
			}
		},
		{
			"name": "unknown_5",
			"from": [8, 6, 0],
			"to": [9, 9, 1],
			"faces": {
				"north": {"uv": [9, 7, 8, 10], "texture": "#0"},
				"east": {"uv": [8, 7, 9, 10], "texture": "#0"},
				"south": {"uv": [8, 7, 9, 10], "texture": "#0"},
				"west": {"uv": [8, 7, 9, 10], "texture": "#0"},
				"up": {"uv": [8, 7, 9, 8], "texture": "#0"},
				"down": {"uv": [8, 9, 9, 10], "texture": "#0"}
			}
		},
		{
			"name": "unknown_6",
			"from": [7, 6, 0],
			"to": [8, 8, 1],
			"faces": {
				"north": {"uv": [8, 8, 7, 10], "texture": "#0"},
				"east": {"uv": [7, 8, 8, 10], "texture": "#0"},
				"south": {"uv": [7, 8, 8, 10], "texture": "#0"},
				"west": {"uv": [7, 8, 8, 10], "texture": "#0"},
				"up": {"uv": [7, 8, 8, 9], "texture": "#0"},
				"down": {"uv": [7, 9, 8, 10], "texture": "#0"}
			}
		},
		{
			"name": "unknown_7",
			"from": [7, 3, 0],
			"to": [9, 5, 1],
			"faces": {
				"north": {"uv": [9, 11, 7, 13], "texture": "#0"},
				"east": {"uv": [8, 11, 9, 13], "texture": "#0"},
				"south": {"uv": [7, 11, 9, 13], "texture": "#0"},
				"west": {"uv": [7, 11, 8, 13], "texture": "#0"},
				"up": {"uv": [7, 11, 9, 12], "texture": "#0"},
				"down": {"uv": [7, 12, 9, 13], "texture": "#0"}
			}
		}
	],
	"gui_light": "front",
	"display": {},
	"groups": [
		{
			"name": "unknown",
			"origin": [8, 8, 8],
			"color": 0,
			"nbt": "{}",
			"children": [0, 1, 2, 3, 4, 5, 6, 7]
		}
	]
}