{
	"credit": "Made with Blockbench",
	"texture_size": [8, 8],
	"textures": {
		"0": "custom/environment/coinpiles/coin1",
		"1": "custom/environment/coinpiles/coin2",
		"2": "custom/environment/coinpiles/coin3",
		"3": "custom/environment/coinpiles/coin4",
		"4": "custom/environment/coinpiles/coin5",
		"5": "custom/environment/coinpiles/coin6",
		"particle": "custom/environment/coinpiles/coin1"
	},
	"elements": [
		{
			"from": [4.52217, 0, -0.59097],
			"to": [8.52217, 3.75, 3.40903],
			"rotation": {"angle": 22.5, "axis": "y", "origin": [6.52217, 2.5, 6.40903]},
			"faces": {
				"north": {"uv": [4, 8, 7, 11], "texture": "#1"},
				"east": {"uv": [4, 8, 7, 11], "texture": "#1"},
				"south": {"uv": [4, 8, 7, 11], "texture": "#1"},
				"west": {"uv": [4, 8, 7, 11], "texture": "#1"},
				"up": {"uv": [0, 3, 3, 0], "rotation": 180, "texture": "#0"},
				"down": {"uv": [3, 0, 0, 3], "rotation": 270, "texture": "#0"}
			}
		},
		{
			"from": [10.16159, 0, 3.21143],
			"to": [14.16159, 2.5, 7.21143],
			"rotation": {"angle": -22.5, "axis": "y", "origin": [12.16159, 0.625, 4.46143]},
			"faces": {
				"north": {"uv": [4, 8, 7, 10], "texture": "#1"},
				"east": {"uv": [4, 8, 7, 10], "texture": "#1"},
				"south": {"uv": [4, 8, 7, 10], "texture": "#1"},
				"west": {"uv": [4, 8, 7, 10], "texture": "#1"},
				"up": {"uv": [3, 3, 0, 0], "rotation": 180, "texture": "#0"},
				"down": {"uv": [3, 0, 0, 3], "rotation": 270, "texture": "#0"}
			}
		},
		{
			"from": [11.65249, 0, 20.7982],
			"to": [15.65249, 1.25, 24.7982],
			"rotation": {"angle": -45, "axis": "y", "origin": [16.65249, 0.625, 9.2982]},
			"faces": {
				"north": {"uv": [12, 2, 15, 3], "texture": "#0"},
				"east": {"uv": [12, 2, 15, 3], "texture": "#0"},
				"south": {"uv": [12, 2, 15, 3], "texture": "#0"},
				"west": {"uv": [12, 2, 15, 3], "texture": "#0"},
				"up": {"uv": [3, 3, 0, 0], "rotation": 180, "texture": "#0"},
				"down": {"uv": [3, 0, 0, 3], "rotation": 270, "texture": "#0"}
			}
		},
		{
			"from": [1.40249, 0, 16.5482],
			"to": [3.90249, 0.625, 19.0482],
			"rotation": {"angle": -45, "axis": "y", "origin": [16.65249, 0.625, 9.2982]},
			"faces": {
				"north": {"uv": [7, 8, 9.5, 8.5], "texture": "#3"},
				"east": {"uv": [0, 9, 2.5, 9.5], "texture": "#3"},
				"south": {"uv": [9, 0, 11.5, 0.5], "texture": "#3"},
				"west": {"uv": [9, 1, 11.5, 1.5], "texture": "#3"},
				"up": {"uv": [5.5, 8.5, 3, 6], "texture": "#3"},
				"down": {"uv": [3, 0, 0, 3], "rotation": 270, "texture": "#0"}
			}
		},
		{
			"from": [1.40249, 2.5, 16.5482],
			"to": [3.90249, 5.625, 19.0482],
			"rotation": {"angle": -45, "axis": "y", "origin": [16.65249, 0.625, 9.2982]},
			"faces": {
				"north": {"uv": [0, 0, 2.5, 3], "texture": "#3"},
				"east": {"uv": [0, 3, 2.5, 6], "texture": "#3"},
				"south": {"uv": [3, 0, 5.5, 3], "texture": "#3"},
				"west": {"uv": [3, 3, 5.5, 6], "texture": "#3"},
				"up": {"uv": [2.5, 8.5, 0, 6], "texture": "#3"},
				"down": {"uv": [8.5, 0, 6, 2.5], "texture": "#3"}
			}
		},
		{
			"from": [2.15249, 0.65, 17.2982],
			"to": [3.15249, 2.775, 18.2982],
			"rotation": {"angle": -45, "axis": "y", "origin": [16.65249, 0.625, 9.2982]},
			"faces": {
				"north": {"uv": [6, 6, 7, 8], "texture": "#3"},
				"east": {"uv": [7, 6, 8, 8], "texture": "#3"},
				"south": {"uv": [6, 8, 7, 10], "texture": "#3"},
				"west": {"uv": [8, 6, 9, 8], "texture": "#3"},
				"up": {"uv": [10, 3, 9, 2], "texture": "#3"},
				"down": {"uv": [4, 9, 3, 10], "texture": "#3"}
			}
		},
		{
			"from": [2.34614, 0, 8.30556],
			"to": [6.34614, 7.5, 12.30556],
			"rotation": {"angle": -22.5, "axis": "y", "origin": [2.09614, 0.625, 10.80556]},
			"faces": {
				"north": {"uv": [0, 8, 3, 14], "texture": "#4"},
				"east": {"uv": [0, 8, 3, 14], "texture": "#4"},
				"south": {"uv": [0, 8, 3, 14], "texture": "#4"},
				"west": {"uv": [3, 8, 0, 14], "texture": "#4"},
				"up": {"uv": [0, 3, 3, 0], "rotation": 180, "texture": "#0"},
				"down": {"uv": [3, 0, 0, 3], "rotation": 270, "texture": "#0"}
			}
		},
		{
			"from": [-3.78392, 0, 10.98676],
			"to": [0.21608, 1.25, 14.98676],
			"rotation": {"angle": 22.5, "axis": "y", "origin": [-1.78392, 0.625, 12.98676]},
			"faces": {
				"north": {"uv": [12, 2, 15, 3], "texture": "#0"},
				"east": {"uv": [12, 2, 15, 3], "texture": "#0"},
				"south": {"uv": [12, 2, 15, 3], "texture": "#0"},
				"west": {"uv": [12, 2, 15, 3], "texture": "#0"},
				"up": {"uv": [3, 3, 0, 0], "rotation": 270, "texture": "#0"},
				"down": {"uv": [3, 0, 0, 3], "rotation": 270, "texture": "#0"}
			}
		},
		{
			"from": [13.21608, 0, 15.98676],
			"to": [17.21608, 1.25, 19.98676],
			"rotation": {"angle": 22.5, "axis": "y", "origin": [-1.78392, 0.625, 12.98676]},
			"faces": {
				"north": {"uv": [12, 2, 15, 3], "texture": "#0"},
				"east": {"uv": [12, 2, 15, 3], "texture": "#0"},
				"south": {"uv": [12, 2, 15, 3], "texture": "#0"},
				"west": {"uv": [12, 2, 15, 3], "texture": "#0"},
				"up": {"uv": [3, 3, 0, 0], "rotation": 270, "texture": "#0"},
				"down": {"uv": [3, 0, 0, 3], "rotation": 270, "texture": "#0"}
			}
		},
		{
			"from": [8.56548, 0, 8.91376],
			"to": [12.56548, 12.5, 12.91376],
			"rotation": {"angle": 0, "axis": "y", "origin": [10.56548, 3.75, 10.91376]},
			"faces": {
				"north": {"uv": [4, 0, 5.5, 5], "texture": "#5"},
				"east": {"uv": [5.5, 0, 4, 5], "texture": "#5"},
				"south": {"uv": [4, 0, 5.5, 5], "texture": "#5"},
				"west": {"uv": [5.5, 0, 4, 5], "texture": "#5"},
				"up": {"uv": [0, 3, 3, 0], "rotation": 180, "texture": "#0"},
				"down": {"uv": [3, 0, 0, 3], "rotation": 270, "texture": "#0"}
			}
		},
		{
			"from": [4.56548, 0, 4.56376],
			"to": [8.56548, 8.75, 8.56376],
			"rotation": {"angle": -45, "axis": "y", "origin": [6.56548, 4.25, 6.56376]},
			"faces": {
				"north": {"uv": [5.5, 1, 4, 4.5], "texture": "#5"},
				"east": {"uv": [4, 1, 5.5, 4.5], "texture": "#5"},
				"south": {"uv": [5.5, 1, 4, 4.5], "texture": "#5"},
				"west": {"uv": [4, 1, 5.5, 4.5], "texture": "#5"},
				"up": {"uv": [0, 3, 3, 0], "rotation": 270, "texture": "#0"},
				"down": {"uv": [3, 0, 0, 3], "rotation": 270, "texture": "#0"}
			}
		},
		{
			"from": [8.73185, 0, 14.1616],
			"to": [12.73185, 6, 18.1616],
			"rotation": {"angle": 22.5, "axis": "y", "origin": [10.73185, 3, 16.1616]},
			"faces": {
				"north": {"uv": [0, 6, 3, 11], "texture": "#2"},
				"east": {"uv": [0, 6, 3, 11], "texture": "#2"},
				"south": {"uv": [0, 6, 3, 11], "texture": "#2"},
				"west": {"uv": [0, 6, 3, 11], "texture": "#2"},
				"up": {"uv": [0, 3, 3, 0], "rotation": 270, "texture": "#0"},
				"down": {"uv": [3, 0, 0, 3], "rotation": 270, "texture": "#0"}
			}
		}
	],
	"gui_light": "front",
	"display": {
		"thirdperson_righthand": {
			"translation": [0, 9, 0]
		},
		"firstperson_righthand": {
			"rotation": [44, 15, 0],
			"translation": [0, 5.75, 3.75]
		},
		"firstperson_lefthand": {
			"rotation": [44, 15, 0],
			"translation": [0, 5.75, 3.75]
		},
		"ground": {
			"translation": [0, 5, 0]
		},
		"gui": {
			"rotation": [90, 0, 0]
		},
		"head": {
			"rotation": [44, 15, 0],
			"translation": [0, 5.75, 3.75]
		},
		"fixed": {
			"rotation": [-90, 0, 0],
			"translation": [0, 0, -19.25],
			"scale": [2.43, 2.43, 2.43]
		}
	}
}