{
	"credit": "Made with Blockbench",
	"textures": {
		"0": "custom/environment/coinpiles/coin1",
		"1": "custom/environment/coinpiles/coin2",
		"2": "custom/environment/coinpiles/coin3",
		"particle": "custom/environment/coinpiles/coin1"
	},
	"elements": [
		{
			"from": [4.52217, 0, 4.40903],
			"to": [8.52217, 3.75, 8.40903],
			"rotation": {"angle": 22.5, "axis": "y", "origin": [6.52217, 2.5, 6.40903]},
			"faces": {
				"north": {"uv": [4, 8, 7, 11], "texture": "#1"},
				"east": {"uv": [4, 8, 7, 11], "texture": "#1"},
				"south": {"uv": [4, 8, 7, 11], "texture": "#1"},
				"west": {"uv": [4, 8, 7, 11], "texture": "#1"},
				"up": {"uv": [0, 3, 3, 0], "rotation": 180, "texture": "#0"},
				"down": {"uv": [0, 3, 3, 0], "texture": "#missing"}
			}
		},
		{
			"from": [10.16159, 0, 3.21143],
			"to": [14.16159, 2.5, 7.21143],
			"rotation": {"angle": -22.5, "axis": "y", "origin": [12.16159, 0.625, 4.46143]},
			"faces": {
				"north": {"uv": [4, 8, 7, 10], "texture": "#1"},
				"east": {"uv": [4, 8, 7, 10], "texture": "#1"},
				"south": {"uv": [4, 8, 7, 10], "texture": "#1"},
				"west": {"uv": [4, 8, 7, 10], "texture": "#1"},
				"up": {"uv": [3, 3, 0, 0], "rotation": 180, "texture": "#0"},
				"down": {"uv": [3, 3, 0, 0], "rotation": 180, "texture": "#missing"}
			}
		},
		{
			"from": [14.65249, 0, 7.2982],
			"to": [18.65249, 1.25, 11.2982],
			"rotation": {"angle": -45, "axis": "y", "origin": [16.65249, 0.625, 9.2982]},
			"faces": {
				"north": {"uv": [15, 2, 12, 3], "texture": "#0"},
				"east": {"uv": [15, 2, 12, 3], "texture": "#0"},
				"south": {"uv": [12, 2, 15, 3], "texture": "#0"},
				"west": {"uv": [12, 2, 15, 3], "texture": "#0"},
				"up": {"uv": [3, 3, 0, 0], "rotation": 180, "texture": "#0"},
				"down": {"uv": [3, 3, 0, 0], "rotation": 180, "texture": "#missing"}
			}
		},
		{
			"from": [12.65249, 0, 18.2982],
			"to": [16.65249, 1.25, 22.2982],
			"rotation": {"angle": -45, "axis": "y", "origin": [16.65249, 0.625, 9.2982]},
			"faces": {
				"north": {"uv": [12, 2, 15, 3], "texture": "#0"},
				"east": {"uv": [12, 2, 15, 3], "texture": "#0"},
				"south": {"uv": [12, 2, 15, 3], "texture": "#0"},
				"west": {"uv": [12, 2, 15, 3], "texture": "#0"},
				"up": {"uv": [3, 3, 0, 0], "rotation": 180, "texture": "#0"},
				"down": {"uv": [3, 3, 0, 0], "rotation": 180, "texture": "#missing"}
			}
		},
		{
			"from": [2.34614, 0, 8.30556],
			"to": [6.34614, 1.25, 12.30556],
			"rotation": {"angle": -22.5, "axis": "y", "origin": [2.09614, 0.625, 10.80556]},
			"faces": {
				"north": {"uv": [12, 2, 15, 3], "texture": "#0"},
				"east": {"uv": [12, 2, 15, 3], "texture": "#0"},
				"south": {"uv": [12, 2, 15, 3], "texture": "#0"},
				"west": {"uv": [12, 2, 15, 3], "texture": "#0"},
				"up": {"uv": [3, 3, 0, 0], "rotation": 180, "texture": "#0"},
				"down": {"uv": [3, 3, 0, 0], "rotation": 180, "texture": "#missing"}
			}
		},
		{
			"from": [8.56548, 0, 8.91376],
			"to": [12.56548, 6, 12.91376],
			"rotation": {"angle": 0, "axis": "y", "origin": [10.56548, 3.75, 10.91376]},
			"faces": {
				"north": {"uv": [0, 6, 3, 11], "texture": "#2"},
				"east": {"uv": [0, 6, 3, 11], "texture": "#2"},
				"south": {"uv": [0, 6, 3, 11], "texture": "#2"},
				"west": {"uv": [0, 6, 3, 11], "texture": "#2"},
				"up": {"uv": [0, 3, 3, 0], "rotation": 180, "texture": "#0"},
				"down": {"uv": [12, 4, 8, 8], "texture": "#2"}
			}
		}
	],
	"gui_light": "front",
	"display": {
		"thirdperson_righthand": {
			"translation": [0, 9, 0]
		},
		"firstperson_righthand": {
			"rotation": [44, 15, 0],
			"translation": [0, 5.75, 3.75]
		},
		"firstperson_lefthand": {
			"rotation": [44, 15, 0],
			"translation": [0, 5.75, 3.75]
		},
		"ground": {
			"translation": [-2.5, 5, -2.25]
		},
		"gui": {
			"rotation": [90, 0, 0],
			"translation": [-2.5, 2.5, 0]
		},
		"head": {
			"rotation": [44, 15, 0],
			"translation": [0, 5.75, 3.75]
		},
		"fixed": {
			"rotation": [-90, -84, 0],
			"translation": [4.5, -7, -19.25],
			"scale": [2.43, 2.43, 2.43]
		}
	}
}