{
	"credit": "Made with Blockbench",
	"textures": {
		"0": "custom/environment/coinpiles/coin1",
		"particle": "custom/environment/coinpiles/coin1"
	},
	"elements": [
		{
			"from": [5.25, 0, 4],
			"to": [9.25, 1.25, 8],
			"rotation": {"angle": -22.5, "axis": "y", "origin": [9, 0.5, 5]},
			"faces": {
				"north": {"uv": [12, 2, 15, 3], "texture": "#0"},
				"east": {"uv": [12, 2, 15, 3], "texture": "#0"},
				"south": {"uv": [15, 2, 12, 3], "texture": "#0"},
				"west": {"uv": [15, 2, 12, 3], "texture": "#0"},
				"up": {"uv": [3, 3, 0, 0], "texture": "#0"},
				"down": {"uv": [3, 3, 0, 0], "texture": "#0"}
			}
		},
		{
			"from": [3.91099, 0, 8.25626],
			"to": [7.91099, 1.25, 12.25626],
			"rotation": {"angle": 22.5, "axis": "y", "origin": [6.01099, 0.625, 10.25626]},
			"faces": {
				"north": {"uv": [15, 2, 12, 3], "texture": "#0"},
				"east": {"uv": [12, 2, 15, 3], "texture": "#0"},
				"south": {"uv": [12, 2, 15, 3], "texture": "#0"},
				"west": {"uv": [15, 2, 12, 3], "texture": "#0"},
				"up": {"uv": [3, 3, 0, 0], "rotation": 90, "texture": "#0"},
				"down": {"uv": [3, 3, 0, 0], "rotation": 270, "texture": "#0"}
			}
		},
		{
			"from": [8.97449, 0, 7.32277],
			"to": [12.97449, 1.25, 11.32277],
			"rotation": {"angle": 0, "axis": "y", "origin": [10.22449, 0.625, 9.32277]},
			"faces": {
				"north": {"uv": [15, 2, 12, 3], "texture": "#0"},
				"east": {"uv": [12, 2, 15, 3], "texture": "#0"},
				"south": {"uv": [12, 2, 15, 3], "texture": "#0"},
				"west": {"uv": [15, 2, 12, 3], "texture": "#0"},
				"up": {"uv": [3, 3, 0, 0], "rotation": 90, "texture": "#0"},
				"down": {"uv": [3, 3, 0, 0], "rotation": 270, "texture": "#0"}
			}
		}
	],
	"gui_light": "front",
	"display": {
		"thirdperson_righthand": {
			"translation": [0, 9, 0]
		},
		"firstperson_righthand": {
			"rotation": [44, 15, 0],
			"translation": [0, 5.75, 3.75]
		},
		"firstperson_lefthand": {
			"rotation": [44, 15, 0],
			"translation": [0, 5.75, 3.75]
		},
		"ground": {
			"translation": [0, 5, 0]
		},
		"gui": {
			"rotation": [90, 0, 0]
		},
		"head": {
			"rotation": [44, 15, 0],
			"translation": [0, 5.75, 3.75]
		},
		"fixed": {
			"rotation": [-90, 0, 0],
			"translation": [0, 0, -19.25],
			"scale": [2.43, 2.43, 2.43]
		}
	}
}