{
	"credit": "Made with Blockbench",
	"texture_size": [128, 64],
	"textures": {
		"2": "custom/environment/pots/style1/large-pot"
	},
	"elements": [
		{
			"name": "top",
			"from": [1, 21, 1],
			"to": [15, 23, 15],
			"faces": {
				"north": {"uv": [14, 7, 15.75, 7.5], "texture": "#2"},
				"east": {"uv": [14, 7, 15.75, 7.5], "texture": "#2"},
				"south": {"uv": [14, 7, 15.75, 7.5], "texture": "#2"},
				"west": {"uv": [14, 7, 15.75, 7.5], "texture": "#2"},
				"up": {"uv": [12.5, 14, 10.75, 10.5], "texture": "#2"},
				"down": {"uv": [14.25, 10.5, 12.5, 14], "texture": "#2"}
			}
		},
		{
			"name": "body",
			"from": [0, 0, 0],
			"to": [16, 18, 16],
			"faces": {
				"north": {"uv": [8, 4.5, 10, 9], "texture": "#2"},
				"east": {"uv": [8, 4.5, 10, 9], "texture": "#2"},
				"south": {"uv": [8, 4.5, 10, 9], "texture": "#2"},
				"west": {"uv": [8, 4.5, 10, 9], "texture": "#2"},
				"up": {"uv": [14, 4, 12, 0], "texture": "#2"},
				"down": {"uv": [14, 4, 12, 8], "texture": "#2"}
			}
		},
		{
			"name": "handle1",
			"from": [-1.75, 15, 7],
			"to": [-0.75, 19, 9],
			"rotation": {"angle": -45, "axis": "z", "origin": [-0.5, 17.5, 8]},
			"faces": {
				"north": {"uv": [4, 3, 4.5, 7], "texture": "#2"},
				"east": {"uv": [3, 0, 4, 4], "texture": "#2"},
				"south": {"uv": [3, 8, 3.5, 12], "texture": "#2"},
				"west": {"uv": [3, 4, 4, 8], "texture": "#2"},
				"up": {"uv": [0.5, 11, 0, 9], "texture": "#2"},
				"down": {"uv": [1, 9, 0.5, 11], "texture": "#2"}
			}
		},
		{
			"name": "handle2",
			"from": [-1.75, 14, 7],
			"to": [4.25, 15, 9],
			"rotation": {"angle": -45, "axis": "z", "origin": [-0.5, 17.5, 8]},
			"faces": {
				"north": {"uv": [0, 8, 3, 9], "texture": "#2"},
				"east": {"uv": [3.5, 8, 4.5, 9], "texture": "#2"},
				"south": {"uv": [4, 0, 7, 1], "texture": "#2"},
				"west": {"uv": [4, 7, 5, 8], "texture": "#2"},
				"up": {"uv": [3, 2, 0, 0], "texture": "#2"},
				"down": {"uv": [3, 2, 0, 4], "texture": "#2"}
			}
		},
		{
			"name": "handle3",
			"from": [-1.75, 19, 7],
			"to": [4.25, 20, 9],
			"rotation": {"angle": -45, "axis": "z", "origin": [-0.5, 17.5, 8]},
			"faces": {
				"north": {"uv": [4, 1, 7, 2], "texture": "#2"},
				"east": {"uv": [1, 9, 2, 10], "texture": "#2"},
				"south": {"uv": [4, 2, 7, 3], "texture": "#2"},
				"west": {"uv": [4.5, 3, 5.5, 4], "texture": "#2"},
				"up": {"uv": [3, 6, 0, 4], "texture": "#2"},
				"down": {"uv": [3, 6, 0, 8], "texture": "#2"}
			}
		},
		{
			"name": "handle4",
			"from": [11.75, 14, 7],
			"to": [17.75, 15, 9],
			"rotation": {"angle": 45, "axis": "z", "origin": [16.5, 17.5, 8]},
			"faces": {
				"north": {"uv": [3, 8, 0, 9], "texture": "#2"},
				"east": {"uv": [5, 7, 4, 8], "texture": "#2"},
				"south": {"uv": [7, 0, 4, 1], "texture": "#2"},
				"west": {"uv": [4.5, 8, 3.5, 9], "texture": "#2"},
				"up": {"uv": [0, 2, 3, 0], "texture": "#2"},
				"down": {"uv": [0, 2, 3, 4], "texture": "#2"}
			}
		},
		{
			"name": "handle5",
			"from": [16.75, 15, 7],
			"to": [17.75, 19, 9],
			"rotation": {"angle": 45, "axis": "z", "origin": [16.5, 17.5, 8]},
			"faces": {
				"north": {"uv": [4.5, 3, 4, 7], "texture": "#2"},
				"east": {"uv": [4, 4, 3, 8], "texture": "#2"},
				"south": {"uv": [3.5, 8, 3, 12], "texture": "#2"},
				"west": {"uv": [4, 0, 3, 4], "texture": "#2"},
				"up": {"uv": [0, 11, 0.5, 9], "texture": "#2"},
				"down": {"uv": [0.5, 9, 1, 11], "texture": "#2"}
			}
		},
		{
			"name": "handle6",
			"from": [11.75, 19, 7],
			"to": [17.75, 20, 9],
			"rotation": {"angle": 45, "axis": "z", "origin": [16.5, 17.5, 8]},
			"faces": {
				"north": {"uv": [7, 1, 4, 2], "texture": "#2"},
				"east": {"uv": [5.5, 3, 4.5, 4], "texture": "#2"},
				"south": {"uv": [7, 2, 4, 3], "texture": "#2"},
				"west": {"uv": [2, 9, 1, 10], "texture": "#2"},
				"up": {"uv": [0, 6, 3, 4], "texture": "#2"},
				"down": {"uv": [0, 6, 3, 8], "texture": "#2"}
			}
		},
		{
			"name": "neck",
			"from": [2, 18, 2],
			"to": [14, 21, 14],
			"faces": {
				"north": {"uv": [14, 4.5, 15.5, 5.25], "texture": "#2"},
				"east": {"uv": [14, 4.5, 15.5, 5.25], "texture": "#2"},
				"south": {"uv": [14, 4.5, 15.5, 5.25], "texture": "#2"},
				"west": {"uv": [14, 4.5, 15.5, 5.25], "texture": "#2"},
				"up": {"uv": [9.5, 14.5, 8, 11.5], "texture": "#2"},
				"down": {"uv": [15.5, 0, 14, 3], "texture": "#2"}
			}
		}
	],
	"gui_light": "front",
	"display": {
		"thirdperson_righthand": {
			"scale": [0.29, 0.29, 0.29]
		},
		"thirdperson_lefthand": {
			"scale": [0.29, 0.29, 0.29]
		},
		"firstperson_righthand": {
			"scale": [0.39, 0.39, 0.39]
		},
		"firstperson_lefthand": {
			"scale": [0.39, 0.39, 0.39]
		},
		"gui": {
			"rotation": [10, 27, 0],
			"translation": [0, -1.5, 0],
			"scale": [0.54, 0.54, 0.54]
		},
		"fixed": {
			"rotation": [-90, 0, 0],
			"translation": [0, 0, -16],
			"scale": [2, 2, 2]
		}
	},
	"groups": [
		{
			"name": "group",
			"origin": [0, 0, 0],
			"color": 0,
			"nbt": "{}",
			"children": [0, 1, 2, 3, 4, 5, 6, 7, 8]
		}
	]
}