{
	"credit": "Made with Blockbench",
	"texture_size": [128, 64],
	"textures": {
		"2": "custom/environment/pots/style1/medium-pot"
	},
	"elements": [
		{
			"name": "body",
			"from": [2, 0, 2],
			"to": [14, 12, 14],
			"faces": {
				"north": {"uv": [8, 0, 9.5, 3], "texture": "#2"},
				"east": {"uv": [8, 0, 9.5, 3], "texture": "#2"},
				"south": {"uv": [8, 0, 9.5, 3], "texture": "#2"},
				"west": {"uv": [8, 0, 9.5, 3], "texture": "#2"},
				"up": {"uv": [9.5, 9, 8, 6], "texture": "#2"},
				"down": {"uv": [12.5, 0, 11, 3], "texture": "#2"}
			}
		},
		{
			"name": "handle plane",
			"from": [0, 6, 8],
			"to": [16, 10, 8],
			"faces": {
				"north": {"uv": [10.5, 6, 12.5, 7], "texture": "#2"},
				"east": {"uv": [8, 0, 8, 1], "texture": "#2"},
				"south": {"uv": [11, 5, 13, 6], "texture": "#2"},
				"west": {"uv": [8, 0, 8, 1], "texture": "#2"},
				"up": {"uv": [10, 0, 8, 0], "texture": "#2"},
				"down": {"uv": [10, 0, 8, 0], "texture": "#2"}
			}
		},
		{
			"name": "top",
			"from": [4, 13, 4],
			"to": [12, 15, 12],
			"faces": {
				"north": {"uv": [10.5, 7, 11.5, 7.5], "texture": "#2"},
				"east": {"uv": [10.5, 7, 11.5, 7.5], "texture": "#2"},
				"south": {"uv": [10.5, 7, 11.5, 7.5], "texture": "#2"},
				"west": {"uv": [10.5, 7, 11.5, 7.5], "texture": "#2"},
				"up": {"uv": [10.5, 8, 9.5, 6], "texture": "#2"},
				"down": {"uv": [12, 3, 11, 5], "texture": "#2"}
			}
		},
		{
			"name": "neck",
			"from": [5, 12, 5],
			"to": [11, 13, 11],
			"faces": {
				"north": {"uv": [3, 0, 6, 1], "texture": "#2"},
				"east": {"uv": [3, 1, 6, 2], "texture": "#2"},
				"south": {"uv": [3, 2, 6, 3], "texture": "#2"},
				"west": {"uv": [3, 3, 6, 4], "texture": "#2"},
				"up": {"uv": [3, 6, 0, 0], "texture": "#2"},
				"down": {"uv": [3, 6, 0, 12], "texture": "#2"}
			}
		}
	],
	"gui_light": "front",
	"display": {
		"thirdperson_righthand": {
			"scale": [0.29, 0.29, 0.29]
		},
		"thirdperson_lefthand": {
			"scale": [0.29, 0.29, 0.29]
		},
		"firstperson_righthand": {
			"scale": [0.39, 0.39, 0.39]
		},
		"firstperson_lefthand": {
			"scale": [0.39, 0.39, 0.39]
		},
		"gui": {
			"rotation": [10, 27, 0],
			"translation": [0, 0.25, 0],
			"scale": [0.79, 0.79, 0.79]
		},
		"fixed": {
			"rotation": [-90, 0, 0],
			"translation": [0, 0, -16],
			"scale": [2, 2, 2]
		}
	},
	"groups": [
		{
			"name": "group",
			"origin": [0, 0, 0],
			"color": 0,
			"nbt": "{}",
			"children": [0, 1, 2, 3]
		}
	]
}