{
	"credit": "Made with Blockbench",
	"texture_size": [32, 32],
	"textures": {
		"0": "custom/environment/pots/style1/small-pot",
		"particle": "custom/environment/pots/style1/small-pot"
	},
	"elements": [
		{
			"from": [5, 0, 5],
			"to": [11, 8, 11],
			"faces": {
				"north": {"uv": [0, 0, 3, 4], "texture": "#0"},
				"east": {"uv": [0, 0, 3, 4], "texture": "#0"},
				"south": {"uv": [0, 0, 3, 4], "texture": "#0"},
				"west": {"uv": [0, 0, 3, 4], "texture": "#0"},
				"up": {"uv": [9, 9, 6, 6], "texture": "#0"},
				"down": {"uv": [3, 8, 0, 11], "texture": "#0"}
			}
		},
		{
			"from": [5, 9, 5],
			"to": [11, 11, 11],
			"faces": {
				"north": {"uv": [9, 2, 12, 3], "texture": "#0"},
				"east": {"uv": [9, 2, 12, 3], "texture": "#0"},
				"south": {"uv": [9, 2, 12, 3], "texture": "#0"},
				"west": {"uv": [9, 2, 12, 3], "texture": "#0"},
				"up": {"uv": [9, 3, 6, 0], "texture": "#0"},
				"down": {"uv": [9, 3, 6, 6], "texture": "#0"}
			}
		},
		{
			"from": [6, 8, 6],
			"to": [10, 9, 10],
			"rotation": {"angle": 0, "axis": "y", "origin": [-1, 0, -1]},
			"faces": {
				"north": {"uv": [9, 5, 11, 5.5], "texture": "#0"},
				"east": {"uv": [9, 5.5, 11, 6], "texture": "#0"},
				"south": {"uv": [9, 6, 11, 6.5], "texture": "#0"},
				"west": {"uv": [9, 6.5, 11, 7], "texture": "#0"},
				"up": {"uv": [5, 10, 3, 8], "texture": "#0"},
				"down": {"uv": [11, 0, 9, 2], "texture": "#0"}
			}
		}
	],
	"gui_light": "front",
	"display": {
		"thirdperson_righthand": {
			"scale": [0.29, 0.29, 0.29]
		},
		"thirdperson_lefthand": {
			"scale": [0.29, 0.29, 0.29]
		},
		"firstperson_righthand": {
			"scale": [0.39, 0.39, 0.39]
		},
		"firstperson_lefthand": {
			"scale": [0.39, 0.39, 0.39]
		},
		"gui": {
			"rotation": [10, 27, 0],
			"translation": [0, 2, 0]
		},
		"fixed": {
			"rotation": [-90, 0, 0],
			"translation": [0, 0, -16],
			"scale": [2, 2, 2]
		}
	}
}