{
	"credit": "Made with Blockbench",
	"texture_size": [64, 32],
	"textures": {
		"2": "custom/armor/gilded/gilded",
		"particle": "custom/armor/gilded/gilded"
	},
	"elements": [
		{
			"name": "Chestplate",
			"from": [2.99, -0.01, 4.99],
			"to": [13.01, 14.01, 11.01],
			"faces": {
				"north": {"uv": [5, 10, 7, 16], "texture": "#2"},
				"east": {"uv": [4, 10, 5, 16], "texture": "#2"},
				"south": {"uv": [8, 10, 10, 16], "texture": "#2"},
				"west": {"uv": [7, 10, 8, 16], "texture": "#2"},
				"up": {"uv": [7, 10, 5, 8], "texture": "#2"},
				"down": {"uv": [9, 8, 7, 10], "texture": "#2"}
			}
		},
		{
			"name": "Chestplate inverted",
			"from": [13.01, 14.01, 11.01],
			"to": [2.99, -0.01, 4.99],
			"faces": {
				"north": {"uv": [8, 16, 10, 10], "texture": "#2"},
				"east": {"uv": [7, 16, 8, 10], "texture": "#2"},
				"south": {"uv": [5, 16, 7, 10], "texture": "#2"},
				"west": {"uv": [4, 16, 5, 10], "texture": "#2"},
				"up": {"uv": [7, 8, 9, 10], "texture": "#2"},
				"down": {"uv": [5, 10, 7, 8], "texture": "#2"}
			}
		},
		{
			"name": "Right Arm Armor",
			"from": [11, 0, 5],
			"to": [17, 14, 11],
			"faces": {
				"north": {"uv": [11, 10, 12, 16], "texture": "#2"},
				"east": {"uv": [10, 10, 11, 16], "texture": "#2"},
				"south": {"uv": [13, 10, 14, 16], "texture": "#2"},
				"west": {"uv": [12, 10, 13, 16], "texture": "#2"},
				"up": {"uv": [12, 10, 11, 8], "texture": "#2"},
				"down": {"uv": [13, 8, 12, 10], "texture": "#2"}
			}
		},
		{
			"name": "Left Arm Armor inverted",
			"from": [17, 14, 11],
			"to": [11, 0, 5],
			"faces": {
				"north": {"uv": [13, 16, 14, 10], "texture": "#2"},
				"east": {"uv": [12, 16, 13, 10], "texture": "#2"},
				"south": {"uv": [11, 16, 12, 10], "texture": "#2"},
				"west": {"uv": [10, 16, 11, 10], "texture": "#2"},
				"up": {"uv": [12, 8, 13, 10], "texture": "#2"},
				"down": {"uv": [11, 10, 12, 8], "texture": "#2"}
			}
		},
		{
			"name": "Left Arm Armor",
			"from": [-1, 0, 5],
			"to": [5, 14, 11],
			"faces": {
				"north": {"uv": [12, 10, 11, 16], "texture": "#2"},
				"east": {"uv": [13, 10, 12, 16], "texture": "#2"},
				"south": {"uv": [14, 10, 13, 16], "texture": "#2"},
				"west": {"uv": [11, 10, 10, 16], "texture": "#2"},
				"up": {"uv": [11, 10, 12, 8], "texture": "#2"},
				"down": {"uv": [12, 8, 13, 10], "texture": "#2"}
			}
		},
		{
			"name": "Right Arm Armor inverted",
			"from": [5, 14, 11],
			"to": [-1, 0, 5],
			"faces": {
				"north": {"uv": [14, 16, 13, 10], "texture": "#2"},
				"east": {"uv": [11, 16, 10, 10], "texture": "#2"},
				"south": {"uv": [12, 16, 11, 10], "texture": "#2"},
				"west": {"uv": [13, 16, 12, 10], "texture": "#2"},
				"up": {"uv": [13, 8, 12, 10], "texture": "#2"},
				"down": {"uv": [12, 10, 11, 8], "texture": "#2"}
			}
		}
	],
	"gui_light": "front",
	"display": {
		"thirdperson_righthand": {
			"rotation": [75, 45, 0],
			"translation": [0, 2.5, 0],
			"scale": [0.375, 0.375, 0.375]
		},
		"thirdperson_lefthand": {
			"rotation": [75, 45, 0],
			"translation": [0, 2.5, 0],
			"scale": [0.375, 0.375, 0.375]
		},
		"firstperson_righthand": {
			"rotation": [0, 125, 0],
			"scale": [0.4, 0.4, 0.4]
		},
		"firstperson_lefthand": {
			"rotation": [0, 125, 0],
			"scale": [0.4, 0.4, 0.4]
		},
		"ground": {
			"rotation": [84, 0, 0],
			"translation": [0, 0.25, 1],
			"scale": [0.9, 0.9, 0.9]
		},
		"gui": {
			"rotation": [23, 157, 0],
			"translation": [0, 0.25, 0]
		},
		"head": {
			"translation": [0, 4, 0],
			"scale": [1.49, 1.49, 1.49]
		},
		"fixed": {
			"rotation": [0, 0, 3],
			"translation": [0, 0, -6.1],
			"scale": [2, 2, 2]
		}
	},
	"groups": [
		{
			"name": "Body",
			"origin": [0, 24, 0],
			"color": 0,
			"children": [0, 1]
		},
		{
			"name": "Right Arm",
			"origin": [5, 22, 0],
			"rotation": [10, 0, 0],
			"color": 0,
			"children": [2, 3]
		},
		{
			"name": "Left Arm",
			"origin": [-5, 22, 0],
			"rotation": [-12, 0, 0],
			"color": 0,
			"children": [4, 5]
		}
	]
}