{
	"credit": "Made with Blockbench",
	"texture_size": [64, 32],
	"textures": {
		"1": "custom/armor/gilded/gilded"
	},
	"elements": [
		{
			"name": "Right Boot Armor",
			"from": [7.7125, -2.5, 5.5],
			"to": [12.7125, 10.5, 10.5],
			"faces": {
				"north": {"uv": [1, 10, 2, 16], "texture": "#1"},
				"east": {"uv": [0, 10, 1, 16], "texture": "#1"},
				"south": {"uv": [3, 10, 4, 16], "texture": "#1"},
				"west": {"uv": [2, 10, 3, 16], "texture": "#1"},
				"up": {"uv": [2, 10, 1, 8], "texture": "#1"},
				"down": {"uv": [3, 8, 2, 10], "texture": "#1"}
			}
		},
		{
			"name": "Right Boot Armor inverted",
			"from": [12.7125, 10.5, 10.5],
			"to": [7.7125, -2.5, 5.5],
			"faces": {
				"north": {"uv": [3, 16, 4, 10], "texture": "#1"},
				"east": {"uv": [2, 16, 3, 10], "texture": "#1"},
				"south": {"uv": [1, 16, 2, 10], "texture": "#1"},
				"west": {"uv": [0, 16, 1, 10], "texture": "#1"},
				"up": {"uv": [2, 8, 3, 10], "texture": "#1"},
				"down": {"uv": [1, 10, 2, 8], "texture": "#1"}
			}
		},
		{
			"name": "Left Boot Armor",
			"from": [-0.57043, -2.5, 7.6775],
			"to": [4.42957, 10.5, 12.6775],
			"rotation": {"angle": 22.5, "axis": "y", "origin": [0, 12.5, 0]},
			"faces": {
				"north": {"uv": [2, 10, 1, 16], "texture": "#1"},
				"east": {"uv": [3, 10, 2, 16], "texture": "#1"},
				"south": {"uv": [4, 10, 3, 16], "texture": "#1"},
				"west": {"uv": [1, 10, 0, 16], "texture": "#1"},
				"up": {"uv": [1, 10, 2, 8], "texture": "#1"},
				"down": {"uv": [2, 8, 3, 10], "texture": "#1"}
			}
		},
		{
			"name": "Left Boot Armor inverted",
			"from": [4.42957, 10.5, 12.6775],
			"to": [-0.57043, -2.5, 7.6775],
			"rotation": {"angle": 22.5, "axis": "y", "origin": [0, 12.5, 0]},
			"faces": {
				"north": {"uv": [4, 16, 3, 10], "texture": "#1"},
				"east": {"uv": [1, 16, 0, 10], "texture": "#1"},
				"south": {"uv": [2, 16, 1, 10], "texture": "#1"},
				"west": {"uv": [3, 16, 2, 10], "texture": "#1"},
				"up": {"uv": [3, 8, 2, 10], "texture": "#1"},
				"down": {"uv": [2, 10, 1, 8], "texture": "#1"}
			}
		}
	],
	"gui_light": "front",
	"display": {
		"thirdperson_righthand": {
			"rotation": [0, 142, 0],
			"translation": [0, 4, 0],
			"scale": [0.4, 0.4, 0.4]
		},
		"thirdperson_lefthand": {
			"rotation": [0, 142, 0],
			"translation": [0, 4, 0],
			"scale": [0.4, 0.4, 0.4]
		},
		"firstperson_righthand": {
			"rotation": [0, 142, 0],
			"translation": [0, 4, 0],
			"scale": [0.4, 0.4, 0.4]
		},
		"firstperson_lefthand": {
			"rotation": [0, 142, 0],
			"translation": [0, 4, 0],
			"scale": [0.4, 0.4, 0.4]
		},
		"ground": {
			"rotation": [84, 0, 0],
			"translation": [0, 0.25, 7.5],
			"scale": [0.9, 0.9, 0.9]
		},
		"gui": {
			"rotation": [23, 157, 0],
			"translation": [0, 7.75, 0],
			"scale": [1.18, 1.18, 1.18]
		},
		"head": {
			"translation": [0, 4, 0],
			"scale": [1.49, 1.49, 1.49]
		},
		"fixed": {
			"rotation": [0, -10, 5],
			"translation": [-5, 21.5, -6.85],
			"scale": [2, 2, 2]
		}
	},
	"groups": [
		{
			"name": "Right Leg",
			"origin": [1.9, 12, 0],
			"rotation": [-11, 0, 2],
			"color": 0,
			"children": [0, 1]
		},
		{
			"name": "Left Leg",
			"origin": [-1.9, 12, 0],
			"rotation": [10, 0, -2],
			"color": 0,
			"children": [2, 3]
		}
	]
}