{
	"credit": "Made with Blockbench",
	"texture_size": [512, 512],
	"textures": {
		"5": "custom/environment/alchemystation/cauldron"
	},
	"elements": [
		{
			"from": [-9.55, 3, -9.55],
			"to": [25.55, 19, 25.55],
			"rotation": {"angle": 0, "axis": "y", "origin": [8, 13.56066, 8]},
			"faces": {
				"north": {"uv": [10.09375, 9, 11.1875, 9.5], "texture": "#5"},
				"east": {"uv": [10.09375, 9, 11.1875, 9.5], "texture": "#5"},
				"south": {"uv": [10.09375, 9, 11.1875, 9.5], "texture": "#5"},
				"west": {"uv": [10.09375, 9, 11.1875, 9.5], "texture": "#5"},
				"up": {"uv": [9.09375, 9.09375, 8, 8], "texture": "#5"},
				"down": {"uv": [9.09375, 9.09375, 8, 10.1875], "texture": "#5"}
			}
		},
		{
			"from": [-6.5125, 19, -6.5125],
			"to": [22.5125, 20, 22.5125],
			"rotation": {"angle": 0, "axis": "y", "origin": [8, 13.56066, 8]},
			"faces": {
				"north": {"uv": [10.90625, 10.875, 11.8125, 10.90625], "texture": "#5"},
				"east": {"uv": [11.0625, 10.625, 11.96875, 10.65625], "texture": "#5"},
				"south": {"uv": [11.0625, 10.65625, 11.96875, 10.6875], "texture": "#5"},
				"west": {"uv": [11.1875, 8, 12.09375, 8.03125], "texture": "#5"},
				"up": {"uv": [10, 10.90625, 9.09375, 10], "texture": "#5"},
				"down": {"uv": [10.90625, 10, 10, 10.90625], "texture": "#5"}
			}
		},
		{
			"from": [-3.5125, 20.1, -3.5125],
			"to": [19.5125, 20.1, 19.5125],
			"rotation": {"angle": 0, "axis": "y", "origin": [8, 13.56066, 8]},
			"faces": {
				"north": {"uv": [0, 8, 2.875, 8], "texture": "#5"},
				"east": {"uv": [0, 8, 2.875, 8], "texture": "#5"},
				"south": {"uv": [0, 8, 2.875, 8], "texture": "#5"},
				"west": {"uv": [0, 8, 2.875, 8], "texture": "#5"},
				"up": {"uv": [2.875, 10.875, 0, 8], "texture": "#5"},
				"down": {"uv": [2.875, 10.875, 0, 13.75], "texture": "#5"}
			}
		},
		{
			"from": [-8.5125, 20, -8.5125],
			"to": [-3.5125, 23, 19.5125],
			"rotation": {"angle": 0, "axis": "y", "origin": [8, 23, 8]},
			"faces": {
				"north": {"uv": [12.75, 1.125, 13.375, 1.5], "texture": "#5"},
				"east": {"uv": [10.5, 3.625, 14, 4], "texture": "#5"},
				"south": {"uv": [12.75, 1.5, 13.375, 1.875], "texture": "#5"},
				"west": {"uv": [10.5, 4, 14, 4.375], "texture": "#5"},
				"up": {"uv": [9.875, 6, 9.25, 2.5], "texture": "#5"},
				"down": {"uv": [10.5, 2.5, 9.875, 6], "texture": "#5"}
			}
		},
		{
			"from": [-8.5125, 20, 19.5125],
			"to": [19.5125, 23, 24.5125],
			"rotation": {"angle": 0, "axis": "y", "origin": [8, 23, 8]},
			"faces": {
				"north": {"uv": [11.5, 0.375, 15, 0.75], "texture": "#5"},
				"east": {"uv": [8, 4.75, 8.625, 5.125], "texture": "#5"},
				"south": {"uv": [11.5, 0.75, 15, 1.125], "texture": "#5"},
				"west": {"uv": [8.625, 4.75, 9.25, 5.125], "texture": "#5"},
				"up": {"uv": [12.75, 1.875, 9.25, 1.25], "texture": "#5"},
				"down": {"uv": [12.75, 1.875, 9.25, 2.5], "texture": "#5"}
			}
		},
		{
			"from": [19.5125, 20, -3.5125],
			"to": [24.5125, 23, 24.5125],
			"rotation": {"angle": 0, "axis": "y", "origin": [8, 23, 8]},
			"faces": {
				"north": {"uv": [11.75, 4.375, 12.375, 4.75], "texture": "#5"},
				"east": {"uv": [10.5, 3.25, 14, 3.625], "texture": "#5"},
				"south": {"uv": [12.375, 4.375, 13, 4.75], "texture": "#5"},
				"west": {"uv": [11.5, 0, 15, 0.375], "texture": "#5"},
				"up": {"uv": [8.625, 4.75, 8, 1.25], "texture": "#5"},
				"down": {"uv": [9.25, 1.25, 8.625, 4.75], "texture": "#5"}
			}
		},
		{
			"from": [-3.5125, 20, -8.5125],
			"to": [24.5125, 23, -3.5125],
			"rotation": {"angle": 0, "axis": "y", "origin": [8, 23, 8]},
			"faces": {
				"north": {"uv": [10.5, 2.5, 14, 2.875], "texture": "#5"},
				"east": {"uv": [10.5, 4.375, 11.125, 4.75], "texture": "#5"},
				"south": {"uv": [10.5, 2.875, 14, 3.25], "texture": "#5"},
				"west": {"uv": [11.125, 4.375, 11.75, 4.75], "texture": "#5"},
				"up": {"uv": [11.5, 0.625, 8, 0], "texture": "#5"},
				"down": {"uv": [11.5, 0.625, 8, 1.25], "texture": "#5"}
			}
		},
		{
			"from": [-7.8625, 1, -7.8625],
			"to": [23.8625, 3, 23.8625],
			"rotation": {"angle": 0, "axis": "y", "origin": [8, 13.56066, 8]},
			"faces": {
				"north": {"uv": [11.0625, 10.40625, 12.0625, 10.46875], "texture": "#5"},
				"east": {"uv": [11.0625, 10.40625, 12.0625, 10.46875], "texture": "#5"},
				"south": {"uv": [11.0625, 10.40625, 12.0625, 10.46875], "texture": "#5"},
				"west": {"uv": [11.0625, 10.40625, 12.0625, 10.46875], "texture": "#5"},
				"up": {"uv": [10.09375, 9, 9.09375, 8], "texture": "#5"},
				"down": {"uv": [10.09375, 9, 9.09375, 10], "texture": "#5"}
			}
		},
		{
			"from": [-0.8625, 12.05988, -16],
			"to": [2.1375, 15.05988, 3],
			"rotation": {"angle": 45, "axis": "x", "origin": [8, 13.56066, 8]},
			"faces": {
				"north": {"uv": [9.0625, 11.34375, 9.15625, 11.4375], "texture": "#5"},
				"east": {"uv": [11.0625, 10.53125, 11.65625, 10.625], "texture": "#5"},
				"south": {"uv": [9.15625, 11.34375, 9.25, 11.4375], "texture": "#5"},
				"west": {"uv": [10.59375, 11.09375, 11.1875, 11.1875], "texture": "#5"},
				"up": {"uv": [9.09375, 10.78125, 9, 10.1875], "texture": "#5"},
				"down": {"uv": [8.78125, 11.0625, 8.6875, 11.65625], "texture": "#5"}
			}
		},
		{
			"from": [-3.97792, 27.96701, 1.75],
			"to": [-0.97792, 29.96701, 4.75],
			"rotation": {"angle": 45, "axis": "z", "origin": [8, 14.16066, 8]},
			"faces": {
				"north": {"uv": [1.5, 2.5, 2.25, 3], "texture": "#5"},
				"east": {"uv": [2.25, 2.5, 3, 3], "texture": "#5"},
				"south": {"uv": [3, 1, 3.75, 1.5], "texture": "#5"},
				"west": {"uv": [1.5, 3, 2.25, 3.5], "texture": "#5"},
				"up": {"uv": [2.25, 1.75, 1.5, 1], "texture": "#5"},
				"down": {"uv": [2.25, 1.75, 1.5, 2.5], "texture": "#5"}
			}
		},
		{
			"from": [-6.97792, 27.96701, 1.75],
			"to": [-3.97792, 29.96701, 14.25],
			"rotation": {"angle": 45, "axis": "z", "origin": [8, 14.16066, 8]},
			"faces": {
				"north": {"uv": [3, 1.5, 3.75, 2], "texture": "#5"},
				"east": {"uv": [1.5, 0, 4.75, 0.5], "texture": "#5"},
				"south": {"uv": [3, 2, 3.75, 2.5], "texture": "#5"},
				"west": {"uv": [1.5, 0.5, 4.75, 1], "texture": "#5"},
				"up": {"uv": [0.75, 3.25, 0, 0], "texture": "#5"},
				"down": {"uv": [1.5, 0, 0.75, 3.25], "texture": "#5"}
			}
		},
		{
			"from": [-3.97792, 27.96701, 11.25],
			"to": [-0.97792, 29.96701, 14.25],
			"rotation": {"angle": 45, "axis": "z", "origin": [8, 14.16066, 8]},
			"faces": {
				"north": {"uv": [2.25, 3, 3, 3.5], "texture": "#5"},
				"east": {"uv": [3, 2.5, 3.75, 3], "texture": "#5"},
				"south": {"uv": [3, 3, 3.75, 3.5], "texture": "#5"},
				"west": {"uv": [0, 3.25, 0.75, 3.75], "texture": "#5"},
				"up": {"uv": [3, 1.75, 2.25, 1], "texture": "#5"},
				"down": {"uv": [3, 1.75, 2.25, 2.5], "texture": "#5"}
			}
		},
		{
			"from": [16.97792, 27.96701, 1.75],
			"to": [19.97792, 29.96701, 4.75],
			"rotation": {"angle": -45, "axis": "z", "origin": [8, 14.16066, 8]},
			"faces": {
				"north": {"uv": [2.25, 2.5, 1.5, 3], "texture": "#5"},
				"east": {"uv": [2.25, 3, 1.5, 3.5], "texture": "#5"},
				"south": {"uv": [3.75, 1, 3, 1.5], "texture": "#5"},
				"west": {"uv": [3, 2.5, 2.25, 3], "texture": "#5"},
				"up": {"uv": [1.5, 1.75, 2.25, 1], "texture": "#5"},
				"down": {"uv": [1.5, 1.75, 2.25, 2.5], "texture": "#5"}
			}
		},
		{
			"from": [19.97792, 27.96701, 1.75],
			"to": [22.97792, 29.96701, 14.25],
			"rotation": {"angle": -45, "axis": "z", "origin": [8, 14.16066, 8]},
			"faces": {
				"north": {"uv": [3.75, 1.5, 3, 2], "texture": "#5"},
				"east": {"uv": [4.75, 0.5, 1.5, 1], "texture": "#5"},
				"south": {"uv": [3.75, 2, 3, 2.5], "texture": "#5"},
				"west": {"uv": [4.75, 0, 1.5, 0.5], "texture": "#5"},
				"up": {"uv": [0, 3.25, 0.75, 0], "texture": "#5"},
				"down": {"uv": [0.75, 0, 1.5, 3.25], "texture": "#5"}
			}
		},
		{
			"from": [16.97792, 27.96701, 11.25],
			"to": [19.97792, 29.96701, 14.25],
			"rotation": {"angle": -45, "axis": "z", "origin": [8, 14.16066, 8]},
			"faces": {
				"north": {"uv": [3, 3, 2.25, 3.5], "texture": "#5"},
				"east": {"uv": [0.75, 3.25, 0, 3.75], "texture": "#5"},
				"south": {"uv": [3.75, 3, 3, 3.5], "texture": "#5"},
				"west": {"uv": [3.75, 2.5, 3, 3], "texture": "#5"},
				"up": {"uv": [2.25, 1.75, 3, 1], "texture": "#5"},
				"down": {"uv": [2.25, 1.75, 3, 2.5], "texture": "#5"}
			}
		},
		{
			"from": [-15, 0, 6.5],
			"to": [-11, 5, 9.5],
			"rotation": {"angle": -45, "axis": "y", "origin": [8, 13.56066, 8]},
			"faces": {
				"north": {"uv": [11.1875, 8.03125, 11.3125, 8.1875], "texture": "#5"},
				"east": {"uv": [10.75, 11.1875, 10.84375, 11.34375], "texture": "#5"},
				"south": {"uv": [11.1875, 8.1875, 11.3125, 8.34375], "texture": "#5"},
				"west": {"uv": [10.84375, 11.1875, 10.9375, 11.34375], "texture": "#5"},
				"up": {"uv": [9.0625, 11.15625, 8.9375, 11.0625], "texture": "#5"},
				"down": {"uv": [8.40625, 11.25, 8.28125, 11.34375], "texture": "#5"}
			}
		},
		{
			"from": [27, 0, 6.5],
			"to": [31, 5, 9.5],
			"rotation": {"angle": 45, "axis": "y", "origin": [8, 13.56066, 8]},
			"faces": {
				"north": {"uv": [11.1875, 8.34375, 11.3125, 8.5], "texture": "#5"},
				"east": {"uv": [10.9375, 11.1875, 11.03125, 11.34375], "texture": "#5"},
				"south": {"uv": [11.1875, 8.5, 11.3125, 8.65625], "texture": "#5"},
				"west": {"uv": [11.03125, 11.1875, 11.125, 11.34375], "texture": "#5"},
				"up": {"uv": [8.90625, 11.34375, 8.78125, 11.25], "texture": "#5"},
				"down": {"uv": [9.03125, 11.25, 8.90625, 11.34375], "texture": "#5"}
			}
		},
		{
			"from": [27, 0, 6.5],
			"to": [31, 5, 9.5],
			"rotation": {"angle": -45, "axis": "y", "origin": [8, 13.56066, 8]},
			"faces": {
				"north": {"uv": [11.1875, 8.65625, 11.3125, 8.8125], "texture": "#5"},
				"east": {"uv": [11.1875, 11.09375, 11.28125, 11.25], "texture": "#5"},
				"south": {"uv": [11.1875, 8.8125, 11.3125, 8.96875], "texture": "#5"},
				"west": {"uv": [8, 11.25, 8.09375, 11.40625], "texture": "#5"},
				"up": {"uv": [9.15625, 11.34375, 9.03125, 11.25], "texture": "#5"},
				"down": {"uv": [9.28125, 11.25, 9.15625, 11.34375], "texture": "#5"}
			}
		},
		{
			"from": [-15, 0, 6.5],
			"to": [-11, 5, 9.5],
			"rotation": {"angle": 45, "axis": "y", "origin": [8, 13.56066, 8]},
			"faces": {
				"north": {"uv": [11.1875, 8.96875, 11.3125, 9.125], "texture": "#5"},
				"east": {"uv": [8.09375, 11.25, 8.1875, 11.40625], "texture": "#5"},
				"south": {"uv": [11.1875, 9.125, 11.3125, 9.28125], "texture": "#5"},
				"west": {"uv": [8.1875, 11.25, 8.28125, 11.40625], "texture": "#5"},
				"up": {"uv": [9.40625, 11.34375, 9.28125, 11.25], "texture": "#5"},
				"down": {"uv": [9.53125, 11.25, 9.40625, 11.34375], "texture": "#5"}
			}
		}
	],
	"gui_light": "front",
	"display": {
		"thirdperson_righthand": {
			"rotation": [30, 225, 0],
			"scale": [0.24, 0.24, 0.24]
		},
		"thirdperson_lefthand": {
			"rotation": [30, 225, 0],
			"scale": [0.24, 0.24, 0.24]
		},
		"firstperson_righthand": {
			"rotation": [17, 2, 14],
			"translation": [0.75, 2.75, 0.5],
			"scale": [0.92, 0.92, 0.92]
		},
		"firstperson_lefthand": {
			"rotation": [17, 2, 14],
			"translation": [0.75, 2.75, 0.5],
			"scale": [0.92, 0.92, 0.92]
		},
		"ground": {
			"translation": [0, 5, 0],
			"scale": [1.09, 1.09, 1.09]
		},
		"gui": {
			"rotation": [30, 225, 0],
			"scale": [0.24, 0.24, 0.24]
		},
		"head": {
			"translation": [0, 15.75, 0]
		},
		"fixed": {
			"rotation": [-90, 0, 0],
			"translation": [0, 0, -16.1],
			"scale": [2, 2, 2]
		}
	},
	"groups": [
		{
			"name": "group",
			"origin": [10, 1, 16],
			"color": 0,
			"nbt": "{}",
			"children": [0, 1, 2, 3, 4, 5, 6, 7, 8]
		},
		{
			"name": "group",
			"origin": [-6.57843, 1.5, 17.62868],
			"color": 0,
			"nbt": "{}",
			"children": [9, 10, 11, 12, 13, 14, 15, 16, 17, 18]
		}
	]
}