{
	"credit": "Made with Blockbench",
	"texture_size": [64, 64],
	"textures": {
		"0": "custom/environment/decor/books/book4-closed",
		"particle": "custom/environment/decor/books/book4-closed"
	},
	"elements": [
		{
			"from": [4.5, 0, 0],
			"to": [11.5, 1, 10],
			"faces": {
				"north": {"uv": [5.765, 2.015, 7.485, 2.235], "texture": "#0"},
				"east": {"uv": [0.015, 5.765, 2.485, 5.985], "texture": "#0"},
				"south": {"uv": [5.765, 2.265, 7.485, 2.485], "texture": "#0"},
				"west": {"uv": [5.765, 0.015, 8.235, 0.235], "texture": "#0"},
				"up": {"uv": [1.735, 5.735, 0.015, 3.265], "texture": "#0"},
				"down": {"uv": [3.485, 3.265, 1.765, 5.735], "texture": "#0"}
			}
		},
		{
			"from": [4.5, 2, 0],
			"to": [11.5, 3, 10],
			"faces": {
				"north": {"uv": [0.765, 6.015, 2.485, 6.235], "texture": "#0"},
				"east": {"uv": [5.765, 0.265, 8.235, 0.485], "texture": "#0"},
				"south": {"uv": [0.765, 6.265, 2.485, 6.485], "texture": "#0"},
				"west": {"uv": [5.765, 0.515, 8.235, 0.735], "texture": "#0"},
				"up": {"uv": [5.235, 5.735, 3.515, 3.265], "texture": "#0"},
				"down": {"uv": [5.735, 0.015, 4.015, 2.485], "texture": "#0"}
			}
		},
		{
			"from": [5.5, 1, 0],
			"to": [11.5, 2, 10],
			"faces": {
				"north": {"uv": [0.765, 6.515, 2.235, 6.735], "texture": "#0"},
				"east": {"uv": [5.765, 0.765, 8.235, 0.985], "texture": "#0"},
				"south": {"uv": [6.515, 1.265, 7.985, 1.485], "texture": "#0"},
				"west": {"uv": [5.765, 1.015, 8.235, 1.235], "texture": "#0"},
				"up": {"uv": [6.735, 4.985, 5.265, 2.515], "texture": "#0"},
				"down": {"uv": [6.735, 5.015, 5.265, 7.485], "texture": "#0"}
			}
		},
		{
			"from": [0, 0, 12],
			"to": [3, 1, 15],
			"rotation": {"angle": 45, "axis": "y", "origin": [1.5, 2, 13.5]},
			"faces": {
				"north": {"uv": [6.515, 1.515, 7.235, 1.735], "texture": "#0"},
				"east": {"uv": [6.515, 1.765, 7.235, 1.985], "texture": "#0"},
				"south": {"uv": [2.265, 6.515, 2.985, 6.735], "texture": "#0"},
				"west": {"uv": [3.015, 6.515, 3.735, 6.735], "texture": "#0"},
				"up": {"uv": [4.735, 3.235, 4.015, 2.515], "texture": "#0"},
				"down": {"uv": [6.485, 1.265, 5.765, 1.985], "texture": "#0"}
			}
		},
		{
			"from": [0, 3, 12],
			"to": [3, 4, 15],
			"rotation": {"angle": 45, "axis": "y", "origin": [1.5, 2, 13.5]},
			"faces": {
				"north": {"uv": [3.765, 6.515, 4.485, 6.735], "texture": "#0"},
				"east": {"uv": [4.515, 6.515, 5.235, 6.735], "texture": "#0"},
				"south": {"uv": [0.015, 6.765, 0.735, 6.985], "texture": "#0"},
				"west": {"uv": [0.765, 6.765, 1.485, 6.985], "texture": "#0"},
				"up": {"uv": [3.235, 6.485, 2.515, 5.765], "texture": "#0"},
				"down": {"uv": [3.985, 5.765, 3.265, 6.485], "texture": "#0"}
			}
		},
		{
			"from": [0, 1, 12],
			"to": [3, 2, 15],
			"rotation": {"angle": 45, "axis": "y", "origin": [1.5, 2, 13.5]},
			"faces": {
				"north": {"uv": [1.515, 6.765, 2.235, 6.985], "texture": "#0"},
				"east": {"uv": [2.265, 6.765, 2.985, 6.985], "texture": "#0"},
				"south": {"uv": [6.765, 2.515, 7.485, 2.735], "texture": "#0"},
				"west": {"uv": [6.765, 2.765, 7.485, 2.985], "texture": "#0"},
				"up": {"uv": [4.735, 6.485, 4.015, 5.765], "texture": "#0"},
				"down": {"uv": [0.735, 6.015, 0.015, 6.735], "texture": "#0"}
			}
		},
		{
			"from": [0.5, 2, 12.5],
			"to": [2.5, 3, 14.5],
			"rotation": {"angle": 45, "axis": "y", "origin": [1.5, 2, 13.5]},
			"faces": {
				"north": {"uv": [4.765, 3.015, 5.235, 3.235], "texture": "#0"},
				"east": {"uv": [4.765, 6.265, 5.235, 6.485], "texture": "#0"},
				"south": {"uv": [3.015, 6.765, 3.485, 6.985], "texture": "#0"},
				"west": {"uv": [6.765, 3.015, 7.235, 3.235], "texture": "#0"},
				"up": {"uv": [5.235, 2.985, 4.765, 2.515], "texture": "#0"},
				"down": {"uv": [5.235, 5.765, 4.765, 6.235], "texture": "#0"}
			}
		},
		{
			"name": "quill",
			"from": [-4.71924, 1, 12.58076],
			"to": [3.28076, 14, 12.58076],
			"rotation": {"angle": -45, "axis": "y", "origin": [0.58076, 4, 12.58076]},
			"faces": {
				"north": {"uv": [0.015, 0.015, 1.985, 3.235], "texture": "#0"},
				"east": {"uv": [0.015, 0.015, 0.015, 3.235], "texture": "#0"},
				"south": {"uv": [2.015, 0.015, 3.985, 3.235], "texture": "#0"},
				"west": {"uv": [0.015, 0.015, 0.015, 3.235], "texture": "#0"},
				"up": {"uv": [1.985, 0.015, 0.015, 0.015], "texture": "#0"},
				"down": {"uv": [1.985, 0.015, 0.015, 0.015], "texture": "#0"}
			}
		}
	],
	"gui_light": "front",
	"display": {
		"thirdperson_righthand": {
			"rotation": [90, 0, -90],
			"translation": [6.25, -2.25, -2.5]
		},
		"thirdperson_lefthand": {
			"rotation": [90, 0, 90],
			"translation": [-6.5, -1, -2.5]
		},
		"firstperson_righthand": {
			"rotation": [90, -22.5, 45],
			"translation": [2, 2.5, 0]
		},
		"firstperson_lefthand": {
			"rotation": [90, -22.5, 45],
			"translation": [2, 2.5, 0]
		},
		"ground": {
			"rotation": [26, 38, 0],
			"translation": [0.75, 7.5, 2.5]
		},
		"gui": {
			"rotation": [90, 22.5, -22.5],
			"translation": [2.5, 1.5, 0]
		},
		"head": {
			"translation": [0, 19, 0],
			"scale": [1.6, 1.6, 1.6]
		},
		"fixed": {
			"rotation": [90, 0, -180],
			"translation": [0, 0, -16],
			"scale": [2, 2, 2]
		}
	},
	"groups": [
		{
			"name": "book",
			"origin": [8, 8, 8],
			"color": 0,
			"nbt": "{}",
			"children": [0, 1, 2]
		},
		{
			"name": "inkwell",
			"origin": [8, 8, 8],
			"color": 0,
			"nbt": "{}",
			"children": [3, 4, 5, 6, 7]
		}
	]
}