{
	"credit": "Made with Blockbench",
	"texture_size": [32, 32],
	"textures": {
		"0": "custom/environment/decor/books/book2-closed",
		"particle": "custom/environment/decor/books/book2-closed"
	},
	"elements": [
		{
			"from": [4.5, 0, 3],
			"to": [11.5, 1, 13],
			"faces": {
				"north": {"uv": [10.008, 2.508, 13.492, 2.992], "texture": "#0"},
				"east": {"uv": [0.008, 10.008, 4.992, 10.492], "texture": "#0"},
				"south": {"uv": [10.008, 3.008, 13.492, 3.492], "texture": "#0"},
				"west": {"uv": [10.008, 0.008, 14.992, 0.492], "texture": "#0"},
				"up": {"uv": [3.492, 4.992, 0.008, 0.008], "texture": "#0"},
				"down": {"uv": [6.992, 0.008, 3.508, 4.992], "texture": "#0"}
			}
		},
		{
			"from": [5.5, 1, 3],
			"to": [11.5, 2, 13],
			"faces": {
				"north": {"uv": [10.008, 4.508, 12.992, 4.992], "texture": "#0"},
				"east": {"uv": [10.008, 0.508, 14.992, 0.992], "texture": "#0"},
				"south": {"uv": [5.008, 10.008, 7.992, 10.492], "texture": "#0"},
				"west": {"uv": [10.008, 1.008, 14.992, 1.492], "texture": "#0"},
				"up": {"uv": [9.992, 4.992, 7.008, 0.008], "texture": "#0"},
				"down": {"uv": [9.992, 5.008, 7.008, 9.992], "texture": "#0"}
			}
		},
		{
			"from": [4.5, 2, 3],
			"to": [11.5, 3, 13],
			"faces": {
				"north": {"uv": [10.008, 3.508, 13.492, 3.992], "texture": "#0"},
				"east": {"uv": [10.008, 1.508, 14.992, 1.992], "texture": "#0"},
				"south": {"uv": [10.008, 4.008, 13.492, 4.492], "texture": "#0"},
				"west": {"uv": [10.008, 2.008, 14.992, 2.492], "texture": "#0"},
				"up": {"uv": [3.492, 9.992, 0.008, 5.008], "texture": "#0"},
				"down": {"uv": [6.992, 5.008, 3.508, 9.992], "texture": "#0"}
			}
		}
	],
	"display": {
		"thirdperson_righthand": {
			"rotation": [90, 0, 90],
			"translation": [-6.75, 0, -3]
		},
		"thirdperson_lefthand": {
			"rotation": [90, 0, -90],
			"translation": [6, 0, -3]
		},
		"firstperson_righthand": {
			"rotation": [-135, 0, 22.5],
			"translation": [4, -2, -10]
		},
		"firstperson_lefthand": {
			"rotation": [-135, 0, -157.5],
			"translation": [6, 7, 2]
		},
		"ground": {
			"rotation": [90, 0, 0],
			"translation": [0, 7, 8]
		},
		"gui": {
			"rotation": [-112.5, 22.5, 180],
			"translation": [0, 2, 0]
		},
		"head": {
			"translation": [0, 19.25, 0],
			"scale": [1.6, 1.6, 1.6]
		},
		"fixed": {
			"rotation": [-90, 0, 0],
			"translation": [0, 0, -16.25],
			"scale": [2, 2, 2]
		}
	},
	"groups": [
		{
			"name": "group",
			"origin": [8, 8, 8],
			"color": 0,
			"nbt": "{}",
			"children": [0, 1, 2]
		}
	]
}