{
	"credit": "Made with Blockbench",
	"texture_size": [64, 64],
	"textures": {
		"0": "custom/environment/decor/books/book2-open",
		"particle": "custom/environment/decor/books/book2-open"
	},
	"elements": [
		{
			"from": [0.5, 0, 3],
			"to": [15.5, 1, 13],
			"faces": {
				"north": {"uv": [3, 5, 6.75, 5.25], "texture": "#0"},
				"east": {"uv": [5.25, 0.25, 7.75, 0.5], "texture": "#0"},
				"south": {"uv": [5.25, 0, 9, 0.25], "texture": "#0"},
				"west": {"uv": [5.25, 0.5, 7.75, 0.75], "texture": "#0"},
				"up": {"uv": [3.75, 2.5, 0, 0], "texture": "#0"},
				"down": {"uv": [3.75, 2.5, 0, 5], "texture": "#0"}
			}
		},
		{
			"from": [8.5, 1, 3],
			"to": [14.5, 2, 13],
			"rotation": {"angle": 0, "axis": "y", "origin": [11.5, 1.5, 8]},
			"faces": {
				"north": {"uv": [5.25, 2, 6.75, 2.25], "texture": "#0"},
				"east": {"uv": [5.25, 1, 7.75, 1.25], "texture": "#0"},
				"south": {"uv": [5.25, 1.75, 6.75, 2], "texture": "#0"},
				"west": {"uv": [5.25, 0.75, 7.75, 1], "texture": "#0"},
				"up": {"uv": [5.25, 2.5, 3.75, 0], "rotation": 180, "texture": "#0"},
				"down": {"uv": [5.25, 2.5, 3.75, 5], "rotation": 180, "texture": "#0"}
			}
		},
		{
			"from": [1.5, 1, 3],
			"to": [7.5, 2, 13],
			"rotation": {"angle": 0, "axis": "y", "origin": [4.5, 1.5, 8]},
			"faces": {
				"north": {"uv": [5.25, 2.5, 6.75, 2.75], "texture": "#0"},
				"east": {"uv": [5.25, 1.5, 7.75, 1.75], "texture": "#0"},
				"south": {"uv": [5.25, 2.25, 6.75, 2.5], "texture": "#0"},
				"west": {"uv": [5.25, 1.25, 7.75, 1.5], "texture": "#0"},
				"up": {"uv": [1.5, 7.5, 0, 5], "rotation": 180, "texture": "#0"},
				"down": {"uv": [3, 5, 1.5, 7.5], "rotation": 180, "texture": "#0"}
			}
		}
	],
	"display": {
		"thirdperson_righthand": {
			"rotation": [90, 0, 0],
			"translation": [0, 4.75, 7.75]
		},
		"thirdperson_lefthand": {
			"rotation": [90, 0, 0],
			"translation": [0, 4.75, 7.75]
		},
		"firstperson_righthand": {
			"rotation": [-135, 22.5, 180],
			"translation": [4, 6, 1]
		},
		"firstperson_lefthand": {
			"rotation": [-135, -22.5, 157.5],
			"translation": [4, 6, 1]
		},
		"ground": {
			"rotation": [45, 0, 0],
			"translation": [0, 8, 2]
		},
		"gui": {
			"rotation": [-112.5, 22.5, -180],
			"translation": [0, 3, 0]
		},
		"head": {
			"translation": [0, 19, 0],
			"scale": [1.6, 1.6, 1.6]
		},
		"fixed": {
			"rotation": [-90, 0, 0],
			"translation": [0, 0, -16.25],
			"scale": [2, 2, 2]
		}
	},
	"groups": [
		{
			"name": "group",
			"origin": [0, 0, 0],
			"color": 0,
			"nbt": "{}",
			"children": [0, 1, 2]
		}
	]
}