{
	"credit": "Made with Blockbench",
	"texture_size": [64, 64],
	"textures": {
		"0": "custom/environment/decor/books/book1-open",
		"particle": "custom/environment/decor/books/book1-open"
	},
	"elements": [
		{
			"from": [-0.5, 0, 2],
			"to": [16.5, 1, 14],
			"rotation": {"angle": 0, "axis": "y", "origin": [5, 0.5, 6.5]},
			"faces": {
				"north": {"uv": [6, 3, 10.25, 3.25], "texture": "#0"},
				"east": {"uv": [6, 3.5, 9, 3.75], "texture": "#0"},
				"south": {"uv": [1.75, 6, 6, 6.25], "texture": "#0"},
				"west": {"uv": [6, 3.25, 9, 3.5], "texture": "#0"},
				"up": {"uv": [4.25, 3, 0, 0], "rotation": 180, "texture": "#0"},
				"down": {"uv": [4.25, 3, 0, 6], "rotation": 180, "texture": "#0"}
			}
		},
		{
			"from": [0.5, 1, 2],
			"to": [7.5, 2, 14],
			"rotation": {"angle": 0, "axis": "y", "origin": [5, 0.5, 6.5]},
			"faces": {
				"north": {"uv": [3.5, 6.25, 5.25, 6.5], "texture": "#0"},
				"east": {"uv": [6, 4, 9, 4.25], "texture": "#0"},
				"south": {"uv": [1.75, 6.25, 3.5, 6.5], "texture": "#0"},
				"west": {"uv": [6, 3.75, 9, 4], "texture": "#0"},
				"up": {"uv": [6, 3, 4.25, 0], "rotation": 180, "texture": "#0"},
				"down": {"uv": [6, 3, 4.25, 6], "rotation": 180, "texture": "#0"}
			}
		},
		{
			"from": [8.5, 1, 2],
			"to": [15.5, 2, 14],
			"rotation": {"angle": 0, "axis": "y", "origin": [5, 0.5, 6.5]},
			"faces": {
				"north": {"uv": [1.75, 6.5, 3.5, 6.75], "texture": "#0"},
				"east": {"uv": [6, 4.5, 9, 4.75], "texture": "#0"},
				"south": {"uv": [5.25, 6.25, 7, 6.5], "texture": "#0"},
				"west": {"uv": [6, 4.25, 9, 4.5], "texture": "#0"},
				"up": {"uv": [1.75, 9, 0, 6], "rotation": 180, "texture": "#0"},
				"down": {"uv": [7.75, 0, 6, 3], "rotation": 180, "texture": "#0"}
			}
		},
		{
			"from": [8.5, 0, 14],
			"to": [10.5, 0, 16],
			"rotation": {"angle": 0, "axis": "y", "origin": [5, 0.5, 6.5]},
			"faces": {
				"north": {"uv": [0, 0, 0.5, 0], "texture": "#0"},
				"east": {"uv": [0, 0, 0.5, 0], "texture": "#0"},
				"south": {"uv": [0, 0, 0.5, 0], "texture": "#0"},
				"west": {"uv": [0, 0, 0.5, 0], "texture": "#0"},
				"up": {"uv": [7, 7, 6.5, 6.5], "rotation": 180, "texture": "#0"},
				"down": {"uv": [2.25, 6.75, 1.75, 7.25], "rotation": 180, "texture": "#0"}
			}
		},
		{
			"from": [16.5, 0, 7],
			"to": [18.5, 0, 9],
			"rotation": {"angle": 0, "axis": "y", "origin": [5, 0.5, 6.5]},
			"faces": {
				"north": {"uv": [0, 0, 0.5, 0], "texture": "#0"},
				"east": {"uv": [0, 0, 0.5, 0], "texture": "#0"},
				"south": {"uv": [0, 0, 0.5, 0], "texture": "#0"},
				"west": {"uv": [0, 0, 0.5, 0], "texture": "#0"},
				"up": {"uv": [2.75, 7.25, 2.25, 6.75], "rotation": 180, "texture": "#0"},
				"down": {"uv": [3.25, 6.75, 2.75, 7.25], "rotation": 180, "texture": "#0"}
			}
		},
		{
			"from": [1.5, -0.5, 6.5],
			"to": [5.5, 0.5, 9.5],
			"rotation": {"angle": 0, "axis": "y", "origin": [5, 0.5, 6.5]},
			"faces": {
				"north": {"uv": [7, 6, 8, 5.75], "texture": "#0"},
				"east": {"uv": [7, 6.25, 7.75, 6], "texture": "#0"},
				"south": {"uv": [7, 6.25, 8, 6.5], "texture": "#0"},
				"west": {"uv": [7, 6.5, 7.75, 6.75], "texture": "#0"},
				"up": {"uv": [7, 5.5, 6, 4.75], "rotation": 180, "texture": "#0"},
				"down": {"uv": [7, 5.5, 6, 6.25], "rotation": 180, "texture": "#0"}
			}
		},
		{
			"from": [6.5, -0.5, 11],
			"to": [9.5, 0.5, 13],
			"rotation": {"angle": 0, "axis": "y", "origin": [5, 0.5, 6.5]},
			"faces": {
				"north": {"uv": [4, 7, 4.75, 7.25], "texture": "#0"},
				"east": {"uv": [7, 5.25, 7.5, 5.5], "texture": "#0"},
				"south": {"uv": [3.25, 7, 4, 7.25], "texture": "#0"},
				"west": {"uv": [7, 5, 7.5, 5.25], "texture": "#0"},
				"up": {"uv": [4.25, 7, 3.5, 6.5], "rotation": 180, "texture": "#0"},
				"down": {"uv": [5, 6.5, 4.25, 7], "rotation": 180, "texture": "#0"}
			}
		},
		{
			"from": [6.5, -0.5, 3],
			"to": [9.5, 0.5, 5],
			"rotation": {"angle": 0, "axis": "y", "origin": [5, 0.5, 6.5]},
			"faces": {
				"north": {"uv": [7, 4.75, 7.75, 5], "texture": "#0"},
				"east": {"uv": [7, 5.5, 7.5, 5.75], "texture": "#0"},
				"south": {"uv": [4.75, 7, 5.5, 7.25], "texture": "#0"},
				"west": {"uv": [5.5, 7, 6, 7.25], "texture": "#0"},
				"up": {"uv": [5.75, 7, 5, 6.5], "rotation": 180, "texture": "#0"},
				"down": {"uv": [6.5, 6.5, 5.75, 7], "rotation": 180, "texture": "#0"}
			}
		}
	],
	"display": {
		"thirdperson_righthand": {
			"rotation": [90, 0, 0],
			"translation": [0, 6, 7.25]
		},
		"thirdperson_lefthand": {
			"rotation": [90, 0, 0],
			"translation": [0, 6, 7.25]
		},
		"firstperson_righthand": {
			"rotation": [45, 22.5, 22.5],
			"translation": [1, 6.5, 0]
		},
		"firstperson_lefthand": {
			"rotation": [45, -22.5, 22.5],
			"translation": [3, 6, -4]
		},
		"ground": {
			"rotation": [22.5, 0, 0],
			"translation": [0, 9, 0]
		},
		"gui": {
			"rotation": [90, 0, -22.5],
			"translation": [3, 0, 0]
		},
		"head": {
			"rotation": [-180, 0, -180],
			"translation": [0, 7, 0],
			"scale": [1.6, 1.6, 1.6]
		},
		"fixed": {
			"rotation": [90, 0, 180],
			"translation": [0, 0, -16.25],
			"scale": [2, 2, 2]
		}
	},
	"groups": [
		{
			"name": "root",
			"origin": [0, 0, 0],
			"color": 0,
			"nbt": "{}",
			"children": [0, 1, 2, 3, 4, 5, 6, 7]
		}
	]
}