{
	"credit": "Made with Blockbench",
	"texture_size": [64, 64],
	"textures": {
		"0": "custom/environment/decor/books/book4-open",
		"particle": "custom/environment/decor/books/book4-open"
	},
	"elements": [
		{
			"from": [0.5, 0, 0],
			"to": [15.5, 1, 10],
			"faces": {
				"north": {"uv": [5.775, 5.025, 9.475, 5.225], "texture": "#0"},
				"east": {"uv": [5.775, 5.525, 8.225, 5.725], "texture": "#0"},
				"south": {"uv": [5.775, 5.275, 9.475, 5.475], "texture": "#0"},
				"west": {"uv": [5.775, 5.775, 8.225, 5.975], "texture": "#0"},
				"up": {"uv": [3.725, 2.475, 0.025, 0.025], "texture": "#0"},
				"down": {"uv": [3.725, 2.525, 0.025, 4.975], "texture": "#0"}
			}
		},
		{
			"from": [8.5, 1, 0],
			"to": [14.6, 2, 10],
			"faces": {
				"north": {"uv": [6.025, 6.775, 7.475, 6.975], "texture": "#0"},
				"east": {"uv": [5.775, 6.025, 8.225, 6.225], "texture": "#0"},
				"south": {"uv": [6.025, 7.025, 7.475, 7.225], "texture": "#0"},
				"west": {"uv": [5.775, 6.275, 8.225, 6.475], "texture": "#0"},
				"up": {"uv": [1.475, 7.475, 0.025, 5.025], "texture": "#0"},
				"down": {"uv": [2.975, 5.025, 1.525, 7.475], "texture": "#0"}
			}
		},
		{
			"from": [1.4, 1, 0],
			"to": [7.5, 2, 10],
			"faces": {
				"north": {"uv": [7.275, 0.025, 8.725, 0.225], "texture": "#0"},
				"east": {"uv": [3.025, 6.525, 5.475, 6.725], "texture": "#0"},
				"south": {"uv": [7.275, 0.275, 8.725, 0.475], "texture": "#0"},
				"west": {"uv": [5.525, 6.525, 7.975, 6.725], "texture": "#0"},
				"up": {"uv": [7.225, 2.475, 5.775, 0.025], "texture": "#0"},
				"down": {"uv": [7.225, 2.525, 5.775, 4.975], "texture": "#0"}
			}
		},
		{
			"from": [0, 0, 12],
			"to": [3, 1, 15],
			"rotation": {"angle": 45, "axis": "y", "origin": [1.5, 2, 13.5]},
			"faces": {
				"north": {"uv": [7.275, 1.525, 7.975, 1.725], "texture": "#0"},
				"east": {"uv": [7.275, 1.775, 7.975, 1.975], "texture": "#0"},
				"south": {"uv": [7.275, 2.025, 7.975, 2.225], "texture": "#0"},
				"west": {"uv": [7.275, 2.275, 7.975, 2.475], "texture": "#0"},
				"up": {"uv": [3.725, 5.725, 3.025, 5.025], "texture": "#0"},
				"down": {"uv": [3.725, 5.775, 3.025, 6.475], "texture": "#0"}
			}
		},
		{
			"from": [0, 3, 12],
			"to": [3, 4, 15],
			"rotation": {"angle": 45, "axis": "y", "origin": [1.5, 2, 13.5]},
			"faces": {
				"north": {"uv": [7.275, 2.525, 7.975, 2.725], "texture": "#0"},
				"east": {"uv": [7.275, 2.775, 7.975, 2.975], "texture": "#0"},
				"south": {"uv": [7.275, 3.025, 7.975, 3.225], "texture": "#0"},
				"west": {"uv": [7.275, 3.275, 7.975, 3.475], "texture": "#0"},
				"up": {"uv": [3.725, 7.475, 3.025, 6.775], "texture": "#0"},
				"down": {"uv": [4.475, 6.775, 3.775, 7.475], "texture": "#0"}
			}
		},
		{
			"from": [0, 1, 12],
			"to": [3, 2, 15],
			"rotation": {"angle": 45, "axis": "y", "origin": [1.5, 2, 13.5]},
			"faces": {
				"north": {"uv": [7.275, 3.525, 7.975, 3.725], "texture": "#0"},
				"east": {"uv": [7.275, 3.775, 7.975, 3.975], "texture": "#0"},
				"south": {"uv": [7.275, 4.025, 7.975, 4.225], "texture": "#0"},
				"west": {"uv": [7.275, 4.275, 7.975, 4.475], "texture": "#0"},
				"up": {"uv": [5.225, 7.475, 4.525, 6.775], "texture": "#0"},
				"down": {"uv": [5.975, 6.775, 5.275, 7.475], "texture": "#0"}
			}
		},
		{
			"from": [0.5, 2, 12.5],
			"to": [2.5, 3, 14.5],
			"rotation": {"angle": 45, "axis": "y", "origin": [1.5, 2, 13.5]},
			"faces": {
				"north": {"uv": [7.275, 4.525, 7.725, 4.725], "texture": "#0"},
				"east": {"uv": [7.275, 4.775, 7.725, 4.975], "texture": "#0"},
				"south": {"uv": [6.025, 7.275, 6.475, 7.475], "texture": "#0"},
				"west": {"uv": [6.525, 7.275, 6.975, 7.475], "texture": "#0"},
				"up": {"uv": [7.725, 0.975, 7.275, 0.525], "texture": "#0"},
				"down": {"uv": [7.725, 1.025, 7.275, 1.475], "texture": "#0"}
			}
		},
		{
			"name": "quill",
			"from": [-4.61924, 1, 12.58076],
			"to": [3.38076, 14, 12.58076],
			"rotation": {"angle": -45, "axis": "y", "origin": [0.58076, 4, 12.58076]},
			"faces": {
				"north": {"uv": [3.775, 0.025, 5.725, 3.225], "texture": "#0"},
				"east": {"uv": [0.025, 0.025, 0.025, 3.225], "texture": "#0"},
				"south": {"uv": [3.775, 3.275, 5.725, 6.475], "texture": "#0"},
				"west": {"uv": [0.025, 0.025, 0.025, 3.225], "texture": "#0"},
				"up": {"uv": [1.975, 0.025, 0.025, 0.025], "texture": "#0"},
				"down": {"uv": [1.975, 0.025, 0.025, 0.025], "texture": "#0"}
			}
		}
	],
	"gui_light": "front",
	"display": {
		"thirdperson_righthand": {
			"rotation": [90, 0, -90],
			"translation": [6.25, -2.25, -2.5]
		},
		"thirdperson_lefthand": {
			"rotation": [90, 0, 90],
			"translation": [-6.5, -1, -2.5]
		},
		"firstperson_righthand": {
			"rotation": [90, -22.5, 45],
			"translation": [2, 2.5, 0]
		},
		"firstperson_lefthand": {
			"rotation": [90, -22.5, 45],
			"translation": [2, 2.5, 0]
		},
		"ground": {
			"rotation": [26, 38, 0],
			"translation": [0.75, 7.5, 2.5]
		},
		"gui": {
			"rotation": [90, 22.5, -22.5],
			"translation": [2.5, 1.5, 0]
		},
		"head": {
			"translation": [0, 19, 0],
			"scale": [1.6, 1.6, 1.6]
		},
		"fixed": {
			"rotation": [90, 0, -180],
			"translation": [0, 0, -16],
			"scale": [2, 2, 2]
		}
	},
	"groups": [
		{
			"name": "book",
			"origin": [8, 8, 8],
			"color": 0,
			"nbt": "{}",
			"children": [0, 1, 2]
		},
		{
			"name": "inkwell",
			"origin": [8, 8, 8],
			"color": 0,
			"nbt": "{}",
			"children": [3, 4, 5, 6, 7]
		}
	]
}