{
	"credit": "Made with Blockbench",
	"texture_size": [64, 64],
	"textures": {
		"0": "custom/environment/decor/books/book1-closed",
		"particle": "custom/environment/decor/books/book1-closed"
	},
	"elements": [
		{
			"from": [3, 0, 11],
			"to": [4, 3, 13],
			"rotation": {"angle": 0, "axis": "y", "origin": [7.75, 3.7, 8.75]},
			"faces": {
				"north": {"uv": [3.004, 6.004, 3.246, 6.746], "texture": "#0"},
				"east": {"uv": [5.754, 4.504, 6.246, 5.246], "texture": "#0"},
				"south": {"uv": [3.254, 6.004, 3.496, 6.746], "texture": "#0"},
				"west": {"uv": [5.754, 5.254, 6.246, 5.996], "texture": "#0"},
				"up": {"uv": [4.246, 6.496, 4.004, 6.004], "texture": "#0"},
				"down": {"uv": [4.496, 6.004, 4.254, 6.496], "texture": "#0"}
			}
		},
		{
			"from": [3, 0, 3],
			"to": [4, 3, 5],
			"rotation": {"angle": 0, "axis": "y", "origin": [7.75, 3.7, 8.75]},
			"faces": {
				"north": {"uv": [3.504, 6.004, 3.746, 6.746], "texture": "#0"},
				"east": {"uv": [0.004, 6.004, 0.496, 6.746], "texture": "#0"},
				"south": {"uv": [3.754, 6.004, 3.996, 6.746], "texture": "#0"},
				"west": {"uv": [0.504, 6.004, 0.996, 6.746], "texture": "#0"},
				"up": {"uv": [4.746, 6.496, 4.504, 6.004], "texture": "#0"},
				"down": {"uv": [4.996, 6.004, 4.754, 6.496], "texture": "#0"}
			}
		},
		{
			"from": [4, 1, 2],
			"to": [11, 2, 14],
			"rotation": {"angle": 0, "axis": "y", "origin": [7.75, 3.7, 8.75]},
			"faces": {
				"north": {"uv": [5.754, 4.004, 7.496, 4.246], "texture": "#0"},
				"east": {"uv": [5.754, 0.004, 8.746, 0.246], "texture": "#0"},
				"south": {"uv": [5.754, 4.254, 7.496, 4.496], "texture": "#0"},
				"west": {"uv": [5.754, 0.254, 8.746, 0.496], "texture": "#0"},
				"up": {"uv": [5.746, 2.996, 4.004, 0.004], "texture": "#0"},
				"down": {"uv": [5.746, 3.004, 4.004, 5.996], "texture": "#0"}
			}
		},
		{
			"from": [4, 2, 2],
			"to": [12, 3, 14],
			"rotation": {"angle": 0, "axis": "y", "origin": [7.75, 3.7, 8.75]},
			"faces": {
				"north": {"uv": [5.754, 3.004, 7.746, 3.246], "texture": "#0"},
				"east": {"uv": [5.754, 0.504, 8.746, 0.746], "texture": "#0"},
				"south": {"uv": [5.754, 3.254, 7.746, 3.496], "texture": "#0"},
				"west": {"uv": [5.754, 0.754, 8.746, 0.996], "texture": "#0"},
				"up": {"uv": [1.996, 2.996, 0.004, 0.004], "texture": "#0"},
				"down": {"uv": [3.996, 0.004, 2.004, 2.996], "texture": "#0"}
			}
		},
		{
			"from": [4, 0, 2],
			"to": [12, 1, 14],
			"rotation": {"angle": 0, "axis": "y", "origin": [7.75, 3.7, 8.75]},
			"faces": {
				"north": {"uv": [5.754, 3.504, 7.746, 3.746], "texture": "#0"},
				"east": {"uv": [5.754, 1.004, 8.746, 1.246], "texture": "#0"},
				"south": {"uv": [5.754, 3.754, 7.746, 3.996], "texture": "#0"},
				"west": {"uv": [5.754, 1.254, 8.746, 1.496], "texture": "#0"},
				"up": {"uv": [1.996, 5.996, 0.004, 3.004], "texture": "#0"},
				"down": {"uv": [3.996, 3.004, 2.004, 5.996], "texture": "#0"}
			}
		},
		{
			"from": [6, 2.6, 6.5],
			"to": [10, 3.6, 9.5],
			"rotation": {"angle": 0, "axis": "y", "origin": [7.75, 3.7, 8.75]},
			"faces": {
				"north": {"uv": [6.754, 1.746, 7.746, 1.504], "texture": "#0"},
				"east": {"uv": [6.754, 2.004, 7.496, 2.246], "texture": "#0"},
				"south": {"uv": [6.754, 2.254, 7.746, 2.496], "texture": "#0"},
				"west": {"uv": [6.754, 1.754, 7.496, 1.996], "texture": "#0"},
				"up": {"uv": [6.746, 2.246, 5.754, 1.504], "texture": "#0"},
				"down": {"uv": [6.746, 2.254, 5.754, 2.996], "texture": "#0"}
			}
		},
		{
			"from": [12.01, 0, 7],
			"to": [12.01, 3, 9],
			"rotation": {"angle": 0, "axis": "y", "origin": [7.75, 3.7, 8.75]},
			"faces": {
				"north": {"uv": [0.004, 0.004, 0.004, 0.746], "texture": "#0"},
				"east": {"uv": [1.004, 6.004, 1.496, 6.746], "texture": "#0"},
				"south": {"uv": [0.004, 0.004, 0.004, 0.746], "texture": "#0"},
				"west": {"uv": [1.504, 6.004, 1.996, 6.746], "texture": "#0"},
				"up": {"uv": [0.004, 0.496, 0.004, 0.004], "texture": "#0"},
				"down": {"uv": [0.004, 0.004, 0.004, 0.496], "texture": "#0"}
			}
		},
		{
			"from": [5, 0, 14],
			"to": [7, 0, 16],
			"rotation": {"angle": 0, "axis": "y", "origin": [7.75, 3.7, 8.75]},
			"faces": {
				"north": {"uv": [0.004, 0.004, 0.496, 0.004], "texture": "#0"},
				"east": {"uv": [0.004, 0.004, 0.496, 0.004], "texture": "#0"},
				"south": {"uv": [0.004, 0.004, 0.496, 0.004], "texture": "#0"},
				"west": {"uv": [0.004, 0.004, 0.496, 0.004], "texture": "#0"},
				"up": {"uv": [2.496, 6.496, 2.004, 6.004], "texture": "#0"},
				"down": {"uv": [2.996, 6.004, 2.504, 6.496], "texture": "#0"}
			}
		}
	],
	"display": {
		"thirdperson_righthand": {
			"rotation": [90, 0, -90],
			"translation": [6.25, -1, -2.5]
		},
		"thirdperson_lefthand": {
			"rotation": [90, 0, 90],
			"translation": [-6.5, -1, -2.5]
		},
		"firstperson_righthand": {
			"rotation": [90, -22.5, 45],
			"translation": [0, 5.5, 0]
		},
		"firstperson_lefthand": {
			"rotation": [90, -22.5, 45],
			"translation": [0, 5.5, 0]
		},
		"ground": {
			"rotation": [90, 0, 0],
			"translation": [0, 5.5, 7]
		},
		"gui": {
			"rotation": [90, 22.5, -22.5],
			"translation": [2.5, 1.5, 0]
		},
		"head": {
			"translation": [0, 6, 0],
			"scale": [1.6, 1.6, 1.6]
		},
		"fixed": {
			"rotation": [90, 0, -180],
			"translation": [0, 0, -16.25],
			"scale": [2, 2, 2]
		}
	},
	"groups": [
		{
			"name": "root",
			"origin": [0, 0, 0],
			"color": 0,
			"nbt": "{}",
			"children": [0, 1, 2, 3, 4, 5, 6, 7]
		}
	]
}