{
	"credit": "Made with Blockbench",
	"texture_size": [32, 32],
	"textures": {
		"0": "custom/environment/decor/books/book3-closed",
		"particle": "custom/environment/decor/books/book3-closed"
	},
	"elements": [
		{
			"from": [4.5, 0, 3.5],
			"to": [11.5, 1, 12.5],
			"faces": {
				"north": {"uv": [0.008, 10.008, 3.492, 10.492], "texture": "#0"},
				"east": {"uv": [0.008, 9.008, 4.492, 9.492], "texture": "#0"},
				"south": {"uv": [3.508, 10.008, 6.992, 10.492], "texture": "#0"},
				"west": {"uv": [4.508, 9.008, 8.992, 9.492], "texture": "#0"},
				"up": {"uv": [3.492, 4.492, 0.008, 0.008], "texture": "#0"},
				"down": {"uv": [6.992, 0.008, 3.508, 4.492], "texture": "#0"}
			}
		},
		{
			"from": [4.5, 3, 3.5],
			"to": [11.5, 4, 12.5],
			"faces": {
				"north": {"uv": [7.008, 10.008, 10.492, 10.492], "texture": "#0"},
				"east": {"uv": [9.008, 9.008, 13.492, 9.492], "texture": "#0"},
				"south": {"uv": [0.008, 10.508, 3.492, 10.992], "texture": "#0"},
				"west": {"uv": [0.008, 9.508, 4.492, 9.992], "texture": "#0"},
				"up": {"uv": [3.492, 8.992, 0.008, 4.508], "texture": "#0"},
				"down": {"uv": [6.992, 4.508, 3.508, 8.992], "texture": "#0"}
			}
		},
		{
			"from": [5.5, 1, 3.5],
			"to": [12.5, 3, 12.5],
			"faces": {
				"north": {"uv": [10.508, 0.008, 13.992, 0.992], "texture": "#0"},
				"east": {"uv": [10.508, 3.008, 14.992, 3.992], "texture": "#0"},
				"south": {"uv": [10.508, 1.008, 13.992, 1.992], "texture": "#0"},
				"west": {"uv": [10.508, 2.008, 14.992, 2.992], "texture": "#0"},
				"up": {"uv": [10.492, 4.492, 7.008, 0.008], "texture": "#0"},
				"down": {"uv": [10.492, 4.508, 7.008, 8.992], "texture": "#0"}
			}
		}
	],
	"gui_light": "front",
	"display": {
		"thirdperson_righthand": {
			"rotation": [-90, 0, -90],
			"translation": [6, -0.5, -4]
		},
		"thirdperson_lefthand": {
			"rotation": [-90, 0, 90],
			"translation": [-6, -0.5, -3]
		},
		"firstperson_righthand": {
			"rotation": [-133, 22.5, 0],
			"translation": [4, -2, -8]
		},
		"firstperson_lefthand": {
			"rotation": [-133, 22.5, 180],
			"translation": [8, 4, -2]
		},
		"ground": {
			"rotation": [-90, 0, 0],
			"translation": [0, 8, -8]
		},
		"gui": {
			"rotation": [-113, 45, 167.5],
			"translation": [-0.25, 3, 0]
		},
		"head": {
			"translation": [-0.5, 19.25, 0],
			"scale": [1.6, 1.6, 1.6]
		},
		"fixed": {
			"rotation": [-90, 0, 0],
			"translation": [-1, 0, -16.25],
			"scale": [2, 2, 2]
		}
	},
	"groups": [
		{
			"name": "group",
			"origin": [8, 8, 8],
			"color": 0,
			"nbt": "{}",
			"children": [0, 1, 2]
		}
	]
}