{
	"textures": {
		"layer0": "item/barrier"
	},
	"overrides": [
		{ "predicate": {"custom_model_data":1}, "model": "ui/playermenu/tabs/home"},
		{ "predicate": {"custom_model_data":2}, "model": "ui/playermenu/tabs/bestiary"},
		{ "predicate": {"custom_model_data":3}, "model": "ui/playermenu/tabs/potionrecipes"},
		{ "predicate": {"custom_model_data":4}, "model": "ui/playermenu/tabs/coalition"},
		{ "predicate": {"custom_model_data":5}, "model": "ui/playermenu/tabs/friends"},
		{ "predicate": {"custom_model_data":6}, "model": "ui/playermenu/tabs/settings"},
		{ "predicate": {"custom_model_data":7}, "model": "ui/playermenu/tabs/home_selected"},
		{ "predicate": {"custom_model_data":8}, "model": "ui/playermenu/tabs/bestiary_selected"},
		{ "predicate": {"custom_model_data":9}, "model": "ui/playermenu/tabs/potionrecipes_selected"},
		{ "predicate": {"custom_model_data":10}, "model": "ui/playermenu/tabs/coalition_selected"},
		{ "predicate": {"custom_model_data":11}, "model": "ui/playermenu/tabs/friends_selected"},
		{ "predicate": {"custom_model_data":12}, "model": "ui/playermenu/tabs/settings_selected"},
		{ "predicate": {"custom_model_data":13}, "model": "ui/empty"},
		{ "predicate": {"custom_model_data":14}, "model": "ui/playermenu/coalition/reputation1"},
		{ "predicate": {"custom_model_data":15}, "model": "ui/playermenu/coalition/reputation2"},
		{ "predicate": {"custom_model_data":16}, "model": "ui/playermenu/coalition/reputation3"},
		{ "predicate": {"custom_model_data":17}, "model": "ui/playermenu/coalition/reputation4"},
		{ "predicate": {"custom_model_data":18}, "model": "ui/playermenu/coalition/reputation5"},
		{ "predicate": {"custom_model_data":19}, "model": "ui/playermenu/coalition/reputation6"},
		{ "predicate": {"custom_model_data":20}, "model": "ui/playermenu/coalition/reputation7"},
		{ "predicate": {"custom_model_data":21}, "model": "ui/playermenu/coalition/reputation8"},
		{ "predicate": {"custom_model_data":22}, "model": "ui/playermenu/coalition/reputation9"},
		{ "predicate": {"custom_model_data":23}, "model": "ui/playermenu/coalition/reputation10"},
		{ "predicate": {"custom_model_data":24}, "model": "ui/playermenu/coalition/hunterselected"},
		{ "predicate": {"custom_model_data":25}, "model": "ui/playermenu/coalition/aurumselected"},
		{ "predicate": {"custom_model_data":26}, "model": "ui/playermenu/coalition/archivistselected"},
		{ "predicate": {"custom_model_data":27}, "model": "ui/playermenu/misc/unknown"},
		{ "predicate": {"custom_model_data":28}, "model": "ui/playermenu/misc/rarrow"},
		{ "predicate": {"custom_model_data":29}, "model": "ui/playermenu/misc/larrow"},
		{ "predicate": {"custom_model_data":71}, "model": "ui/shops/blacksmith/scrap_button_inactive"},
		{ "predicate": {"custom_model_data":72}, "model": "ui/shops/blacksmith/scrap_button_active"}
	]
}
