{
 "parent": "item/handheld",
 "textures": {
  "layer0": "item/gold_nugget"
 },

 "overrides": [
  { "predicate": {"custom_model_data": 1}, "model": "item/environment/coinpiles/tinypile"},
  { "predicate": {"custom_model_data": 2}, "model": "item/environment/coinpiles/smallpile"},
  { "predicate": {"custom_model_data": 3}, "model": "item/environment/coinpiles/mediumpile"},
  { "predicate": {"custom_model_data": 4}, "model": "item/environment/coinpiles/largepile"},
  { "predicate": {"custom_model_data": 5}, "model": "item/environment/coinpiles/tinypile"}
 ]


}
