{
	"parent": "item/generated",
	"textures": {
		"layer0": "item/ink_sac"
	},

	"overrides": [
		{ "predicate": {"custom_model_data":7}, "model": "item/test/banana"},
		{ "predicate": {"custom_model_data":8}, "model": "item/environment/decor/chairs/oakchair"},
		{ "predicate": {"custom_model_data":9}, "model": "item/environment/decor/chairs/darkoakchair"},
		{ "predicate": {"custom_model_data":10}, "model": "item/environment/pots/style1/large-pot"},
		{ "predicate": {"custom_model_data":11}, "model": "item/environment/pots/style1/medium-pot"},
		{ "predicate": {"custom_model_data":12}, "model": "item/environment/pots/style1/small-pot"},
		{ "predicate": {"custom_model_data":13}, "model": "item/environment/alchemystation/cauldron"},
		{ "predicate": {"custom_model_data":14}, "model": "item/environment/barrels/barrel"},
		{ "predicate": {"custom_model_data":15}, "model": "item/environment/barrels/explosive-barrel"},
		{ "predicate": {"custom_model_data":16}, "model": "item/environment/barrels/poison-barrel"},
		{ "predicate": {"custom_model_data":17}, "model": "item/environment/barrels/fire-barrel"},
		{ "predicate": {"custom_model_data":18}, "model": "item/environment/questboard/questboard"},
		{ "predicate": {"custom_model_data":19}, "model": "item/environment/noticeboard/noticeboard"},
		{ "predicate": {"custom_model_data":20}, "model": "item/environment/merchantcart/merchantcart"},
		{ "predicate": {"custom_model_data":21}, "model": "item/environment/decor/books/book1-open"},
		{ "predicate": {"custom_model_data":22}, "model": "item/environment/decor/books/book1-closed"},
		{ "predicate": {"custom_model_data":23}, "model": "item/environment/decor/books/book2-open"},
		{ "predicate": {"custom_model_data":24}, "model": "item/environment/decor/books/book2-closed"},
		{ "predicate": {"custom_model_data":25}, "model": "item/environment/decor/books/book3-open"},
		{ "predicate": {"custom_model_data":26}, "model": "item/environment/decor/books/book3-closed"},
		{ "predicate": {"custom_model_data":27}, "model": "item/environment/decor/books/book4-open"},
		{ "predicate": {"custom_model_data":28}, "model": "item/environment/decor/books/book4-closed"},
		{ "predicate": {"custom_model_data":29}, "model": "item/environment/candles/normal/small_candle_unlit"},
		{ "predicate": {"custom_model_data":30}, "model": "item/environment/candles/normal/small_candle"},
		{ "predicate": {"custom_model_data":31}, "model": "item/environment/candles/soul/small_soul_candle_unlit"},
		{ "predicate": {"custom_model_data":32}, "model": "item/environment/candles/soul/small_soul_candle"},
		{ "predicate": {"custom_model_data":33}, "model": "item/environment/candles/normal/wall_candle_unlit"},
		{ "predicate": {"custom_model_data":34}, "model": "item/environment/candles/normal/wall_candle"},
		{ "predicate": {"custom_model_data":35}, "model": "item/environment/candles/soul/wall_soul_candle_unlit"},
		{ "predicate": {"custom_model_data":36}, "model": "item/environment/candles/soul/wall_soul_candle"},
		{ "predicate": {"custom_model_data":37}, "model": "item/environment/candles/normal/tall_candle_unlit"},
		{ "predicate": {"custom_model_data":38}, "model": "item/environment/candles/normal/tall_candle"},
		{ "predicate": {"custom_model_data":39}, "model": "item/environment/candles/soul/tall_soul_candle_unlit"},
		{ "predicate": {"custom_model_data":40}, "model": "item/environment/candles/soul/tall_soul_candle"},
		{ "predicate": {"custom_model_data":41}, "model": "item/environment/candles/normal/candelabra_unlit"},
		{ "predicate": {"custom_model_data":42}, "model": "item/environment/candles/normal/candelabra"},
		{ "predicate": {"custom_model_data":43}, "model": "item/environment/candles/soul/soul_candelabra_unlit"},
		{ "predicate": {"custom_model_data":44}, "model": "item/environment/candles/soul/soul_candelabra"},
		{ "predicate": {"custom_model_data":45}, "model": "item/environment/candles/normal/chandelier_unlit"},
		{ "predicate": {"custom_model_data":46}, "model": "item/environment/candles/normal/chandelier"},
		{ "predicate": {"custom_model_data":47}, "model": "item/environment/candles/soul/soul_chandelier_unlit"},
		{ "predicate": {"custom_model_data":48}, "model": "item/environment/candles/soul/soul_chandelier"},
		{ "predicate": {"custom_model_data":49}, "model": "item/environment/enchantingtable/enchantingtable"},
		{ "predicate": {"custom_model_data":50}, "model": "item/environment/anvil/anvil"}
]
}
