{
 "parent": "item/handheld",
 "textures": {
  "layer0": "item/iron_shovel"
 },

 "overrides": [
  { "predicate": {"custom_model_data": 1}, "model": "item/weapons/spear/ironspear"},
  { "predicate": {"custom_model_data": 2}, "model": "item/weapons/gauntlet/irongauntlet"},
  { "predicate": {"custom_model_data": 3}, "model": "item/weapons/staff/ironstaff"},
  { "predicate": {"custom_model_data": 4}, "model": "item/weapons/spear/silverspear"},
  { "predicate": {"custom_model_data": 5}, "model": "item/weapons/gauntlet/silvergauntlet"},
  { "predicate": {"custom_model_data": 6}, "model": "item/weapons/staff/silverstaff"}
 ]


}
