{
	"parent": "item/generated",
	"textures": {
		"layer0": "item/leather_chestplate"
	},

	"overrides": [
		{ "predicate": {"custom_model_data":1}, "model": "item/armor/leather/leather_chestplate"},
		{ "predicate": {"custom_model_data":2}, "model": "item/armor/chain/chain_chestplate"},
		{ "predicate": {"custom_model_data":3}, "model": "item/armor/iron/iron_chestplate"},
		{ "predicate": {"custom_model_data":4}, "model": "item/armor/silver/silver_chestplate"},
		{ "predicate": {"custom_model_data":5}, "model": "item/armor/gilded/gilded_chestplate"}

]
}
