{
	"credit": "Made with Blockbench",
	"textures": {
		"particle": "block/mossy_stone_bricks",
		"wall": "block/mossy_stone_bricks"
	},
	"elements": [
		{
			"from": [5, 0, 0],
			"to": [11, 16, 8],
			"faces": {
				"north": {"uv": [5, 0, 11, 16], "texture": "#wall", "cullface": "north"},
				"east": {"uv": [8, 0, 16, 16], "texture": "#wall"},
				"west": {"uv": [0, 0, 8, 16], "texture": "#wall"},
				"up": {"uv": [5, 0, 11, 8], "texture": "#wall", "cullface": "up"},
				"down": {"uv": [5, 8, 11, 16], "texture": "#wall", "cullface": "down"}
			}
		},
		{
			"from": [5, 0, 8],
			"to": [11, 16, 8],
			"faces": {
				"north": {"uv": [0, 0, 6, 16], "texture": "#wall"},
				"east": {"uv": [0, 0, 0, 16], "texture": "#wall"},
				"south": {"uv": [4, 0, 10, 16], "texture": "#wall"},
				"west": {"uv": [0, 0, 0, 16], "texture": "#wall"},
				"up": {"uv": [0, 0, 6, 0], "texture": "#wall"},
				"down": {"uv": [0, 0, 6, 0], "texture": "#wall"}
			}
		}
	]
}
