{
	"credit": "Made with Blockbench",
	"ambientocclusion": false,
	"texture_size": [128, 96],
	"textures": {
		"12": "custom/weapons/axe/ironhandaxe"
	},
	"elements": [
		{
			"from": [7.5, 8.55, 7.5],
			"to": [8.5, 17.55, 8.5],
			"rotation": {"angle": 0, "axis": "x", "origin": [8, 7.27159, 8]},
			"faces": {
				"north": {"uv": [12, 10.66667, 12.25, 13.33333], "texture": "#12"},
				"east": {"uv": [12.25, 10.66667, 12.5, 13.33333], "texture": "#12"},
				"south": {"uv": [12.5, 10.66667, 12.75, 13.33333], "texture": "#12"},
				"west": {"uv": [12.75, 10.66667, 13, 13.33333], "texture": "#12"},
				"up": {"uv": [13.25, 11, 13, 10.66667], "texture": "#12"},
				"down": {"uv": [13.25, 11, 13, 11.33333], "texture": "#12"}
			}
		},
		{
			"from": [20.2657, 12.01068, 6.69819],
			"to": [22.06895, 13.81394, 9.30181],
			"rotation": {"angle": 45, "axis": "z", "origin": [8, -0.255, 8]},
			"faces": {
				"north": {"uv": [4, 1.33333, 4.5, 2], "texture": "#12"},
				"east": {"uv": [4, 0, 4.75, 0.66667], "texture": "#12"},
				"south": {"uv": [5.25, 0, 5.75, 0.66667], "texture": "#12"},
				"west": {"uv": [4, 0.66667, 4.75, 1.33333], "texture": "#12"},
				"up": {"uv": [5.25, 1, 4.75, 0], "texture": "#12"},
				"down": {"uv": [5.25, 1, 4.75, 2], "texture": "#12"}
			}
		},
		{
			"from": [7.16899, 16.42936, 7.07664],
			"to": [8.83102, 20.9264, 8.92336],
			"rotation": {"angle": 0, "axis": "z", "origin": [8, 17.75537, 8]},
			"faces": {
				"north": {"uv": [8, 0, 8.5, 1.66667], "texture": "#12"},
				"east": {"uv": [8.5, 0, 9, 1.66667], "texture": "#12"},
				"south": {"uv": [9, 0, 9.5, 1.66667], "texture": "#12"},
				"west": {"uv": [8, 1.66667, 8.5, 3.33333], "texture": "#12"},
				"up": {"uv": [9, 2.33333, 8.5, 1.66667], "texture": "#12"},
				"down": {"uv": [9.5, 1.66667, 9, 2.33333], "texture": "#12"}
			}
		},
		{
			"from": [3.15575, 9.42734, 7.3965],
			"to": [4.36275, 10.63434, 8.6035],
			"rotation": {"angle": 45, "axis": "z", "origin": [8, 14.27159, 8]},
			"faces": {
				"north": {"uv": [8, 10.66667, 8.5, 11.33333], "texture": "#12"},
				"east": {"uv": [10.5, 10.66667, 11, 11.33333], "texture": "#12"},
				"south": {"uv": [9, 10.66667, 9.5, 11.33333], "texture": "#12"},
				"west": {"uv": [9.5, 10.66667, 10, 11.33333], "texture": "#12"},
				"up": {"uv": [10.5, 11.33333, 10, 10.66667], "texture": "#12"},
				"down": {"uv": [9, 10.66667, 8.5, 11.33333], "texture": "#12"}
			}
		},
		{
			"from": [6.2233, 16.84723, 7.8465],
			"to": [9.7767, 19.79314, 8.1525],
			"rotation": {"angle": 0, "axis": "z", "origin": [8, 23.55143, 8]},
			"faces": {
				"north": {"uv": [4, 5.33333, 5, 6.33333], "texture": "#12"},
				"east": {"uv": [5, 6, 5.25, 7], "texture": "#12"},
				"south": {"uv": [5, 5.33333, 4, 6.33333], "texture": "#12"},
				"west": {"uv": [5.25, 6, 5.5, 7], "texture": "#12"},
				"up": {"uv": [6, 5.66667, 5, 5.33333], "texture": "#12"},
				"down": {"uv": [6, 5.66667, 5, 6], "texture": "#12"}
			}
		},
		{
			"from": [5.1433, 17.29723, 7.7475],
			"to": [7.2133, 19.36723, 8.2525],
			"rotation": {"angle": 45, "axis": "z", "origin": [6.2233, 18.39973, 8]},
			"faces": {
				"north": {"uv": [8, 5.33333, 8.5, 6], "texture": "#12"},
				"east": {"uv": [8.5, 5.33333, 8.75, 6], "texture": "#12"},
				"south": {"uv": [8.5, 5.33333, 8, 6], "texture": "#12"},
				"west": {"uv": [8.5, 6, 8.75, 6.66667], "texture": "#12"},
				"up": {"uv": [9.25, 5.66667, 8.75, 5.33333], "texture": "#12"},
				"down": {"uv": [9.25, 5.66667, 8.75, 6], "texture": "#12"}
			}
		},
		{
			"from": [11.6233, 14.66473, 7.746],
			"to": [12.6342, 19.52314, 8.254],
			"rotation": {"angle": 0, "axis": "z", "origin": [8, 23.55143, 8]},
			"faces": {
				"north": {"uv": [12, 5.33333, 12.25, 7], "texture": "#12"},
				"east": {"uv": [12, 7, 12.25, 8.66667], "texture": "#12"},
				"south": {"uv": [12, 5.33333, 12.25, 7], "texture": "#12"},
				"west": {"uv": [12.25, 7, 12.5, 8.66667], "texture": "#12"},
				"up": {"uv": [13.25, 7.33333, 12.5, 7], "texture": "#12"},
				"down": {"uv": [14, 7, 13.25, 7.33333], "texture": "#12"}
			}
		},
		{
			"from": [9.5758, 14.57473, 7.846],
			"to": [11.6217, 19.52314, 8.153],
			"rotation": {"angle": 0, "axis": "z", "origin": [8, 23.55143, 8]},
			"faces": {
				"north": {"uv": [12.25, 5.33333, 12.75, 7], "texture": "#12"},
				"east": {"uv": [12, 7, 12.25, 8.66667], "texture": "#12"},
				"south": {"uv": [12.75, 5.33333, 12.25, 7], "texture": "#12"},
				"west": {"uv": [12.25, 8.33333, 12.5, 8.5], "texture": "#12"},
				"up": {"uv": [13.25, 7.33333, 12.5, 7], "texture": "#12"},
				"down": {"uv": [14, 7, 13.25, 7.33333], "texture": "#12"}
			}
		},
		{
			"from": [9.1033, 18.89473, 7.7465],
			"to": [12.1617, 20.01814, 8.2535],
			"rotation": {"angle": -22.5, "axis": "z", "origin": [11.15, 18.60143, 8]},
			"faces": {
				"north": {"uv": [0, 10.66667, 0.75, 11], "texture": "#12"},
				"east": {"uv": [0.75, 11.33333, 1, 12], "texture": "#12"},
				"south": {"uv": [0, 10.66667, 0.75, 11], "rotation": 180, "texture": "#12"},
				"west": {"uv": [0, 12, 0.25, 12.66667], "texture": "#12"},
				"up": {"uv": [1.5, 11, 0.75, 10.66667], "texture": "#12"},
				"down": {"uv": [1.5, 11, 0.75, 11.33333], "texture": "#12"}
			}
		},
		{
			"from": [9.1033, 14.15437, 7.7465],
			"to": [12.1617, 15.27777, 8.2535],
			"rotation": {"angle": 22.5, "axis": "z", "origin": [11.15, 15.59357, 8]},
			"faces": {
				"north": {"uv": [2.25, 11, 1.5, 10.66667], "texture": "#12"},
				"east": {"uv": [0.75, 12, 1, 11.33333], "texture": "#12"},
				"south": {"uv": [2.25, 11.33333, 1.5, 11], "rotation": 180, "texture": "#12"},
				"west": {"uv": [0, 12.66667, 0.25, 12], "texture": "#12"},
				"up": {"uv": [1.5, 11.33333, 0.75, 11], "texture": "#12"},
				"down": {"uv": [1.5, 10.66667, 0.75, 11], "texture": "#12"}
			}
		}
	],
	"gui_light": "front",
	"display": {
		"thirdperson_righthand": {
			"rotation": [0, 90, 0],
			"translation": [0, -8, 1.25],
			"scale": [1.48, 1.48, 1.48]
		},
		"thirdperson_lefthand": {
			"rotation": [0, -90, 0],
			"translation": [0, -8, 1.25],
			"scale": [1.48, 1.48, 1.48]
		},
		"firstperson_righthand": {
			"rotation": [-6, 97, 0],
			"translation": [3.75, -12, 0],
			"scale": [1.66, 1.66, 1.66]
		},
		"firstperson_lefthand": {
			"rotation": [-6, -97, 0],
			"translation": [3.75, -12, 0],
			"scale": [1.66, 1.66, 1.66]
		},
		"ground": {
			"rotation": [90, 0, 0],
			"translation": [0, -2, 0],
			"scale": [2.21, 2.21, 2.21]
		},
		"gui": {
			"rotation": [0, 0, -45],
			"translation": [-6.5, -5.5, 0],
			"scale": [1.24, 1.24, 1.24]
		},
		"head": {
			"rotation": [180, 0, 0],
			"scale": [4, 4, 4]
		},
		"fixed": {
			"translation": [0, -22, 0],
			"scale": [4, 4, 4]
		}
	},
	"groups": [
		{
			"name": "Hilt",
			"origin": [8, 7.27159, 8],
			"color": 0,
			"children": [0, 1, 2, 3]
		},
		{
			"name": "Blade",
			"origin": [8, 7.27159, 8],
			"color": 0,
			"children": [4, 5, 6, 7, 8, 9]
		}
	]
}