{
	"credit": "Made with Blockbench",
	"texture_size": [32, 32],
	"textures": {
		"5": "custom/weapons/hammer/ironhammer",
		"particle": "custom/weapons/hammer/ironhammer"
	},
	"elements": [
		{
			"name": "handle",
			"from": [7.5, 1.5, 7.5],
			"to": [8.5, 8, 8.5],
			"rotation": {"angle": 0, "axis": "y", "origin": [0, -0.5, 0]},
			"faces": {
				"north": {"uv": [6, 0, 6.5, 3.25], "texture": "#5"},
				"east": {"uv": [6, 0, 6.5, 3.25], "texture": "#5"},
				"south": {"uv": [6.5, 0, 6, 3.25], "texture": "#5"},
				"west": {"uv": [6.5, 0, 6, 3.25], "texture": "#5"},
				"up": {"uv": [4.5, 4, 4, 3.5], "texture": "#5"},
				"down": {"uv": [5, 3.5, 4.5, 4], "texture": "#5"}
			}
		},
		{
			"name": "pommel",
			"from": [7.3965, 0.92076, 7.3965],
			"to": [8.6035, 1.52426, 8.6035],
			"rotation": {"angle": 0, "axis": "z", "origin": [8, 1.27426, 8]},
			"faces": {
				"north": {"uv": [5, 8.5, 5.5, 8.75], "texture": "#5"},
				"east": {"uv": [8.5, 5, 9, 5.25], "texture": "#5"},
				"south": {"uv": [5.5, 8.5, 6, 8.75], "texture": "#5"},
				"west": {"uv": [8.5, 5.5, 9, 5.75], "texture": "#5"},
				"up": {"uv": [9, 4.5, 8.5, 4], "texture": "#5"},
				"down": {"uv": [9, 4.5, 8.5, 5], "texture": "#5"}
			}
		},
		{
			"name": "handletop",
			"from": [7.209, 7.97076, 7.209],
			"to": [8.791, 10.22076, 8.791],
			"rotation": {"angle": -45, "axis": "y", "origin": [8, 9.09576, 8]},
			"faces": {
				"north": {"uv": [7, 4.75, 7.75, 5.75], "texture": "#5"},
				"east": {"uv": [7.75, 4.75, 7, 5.75], "texture": "#5"},
				"south": {"uv": [7, 4.75, 7.75, 5.75], "texture": "#5"},
				"west": {"uv": [7.75, 4.75, 7, 5.75], "texture": "#5"},
				"up": {"uv": [9.25, 0.75, 8.5, 0], "texture": "#5"},
				"down": {"uv": [9.25, 1, 8.5, 1.75], "texture": "#5"}
			}
		},
		{
			"name": "head6",
			"from": [7.209, 11.47076, 7.209],
			"to": [8.791, 13.72076, 8.791],
			"rotation": {"angle": -45, "axis": "y", "origin": [8, 9.09576, 8]},
			"faces": {
				"north": {"uv": [5.75, 7, 5, 8.25], "texture": "#5"},
				"east": {"uv": [6, 7, 6.75, 8.25], "texture": "#5"},
				"south": {"uv": [7, 6, 7.75, 7.25], "texture": "#5"},
				"west": {"uv": [2.75, 7.5, 2, 8.75], "texture": "#5"},
				"up": {"uv": [9.25, 2.75, 8.5, 2], "texture": "#5"},
				"down": {"uv": [9.25, 3, 8.5, 3.75], "texture": "#5"}
			}
		},
		{
			"name": "head1",
			"from": [10.3238, 9.65826, 6.209],
			"to": [11.3566, 13.24026, 9.791],
			"rotation": {"angle": 0, "axis": "z", "origin": [8, 1.27426, 8]},
			"faces": {
				"north": {"uv": [3, 7.5, 3.5, 9.25], "texture": "#5"},
				"east": {"uv": [0, 0, 1.75, 1.75], "texture": "#5"},
				"south": {"uv": [3.5, 7.5, 4, 9.25], "texture": "#5"},
				"west": {"uv": [0, 2, 1.75, 3.75], "texture": "#5"},
				"up": {"uv": [4.5, 9.25, 4, 7.5], "texture": "#5"},
				"down": {"uv": [5, 7.5, 4.5, 9.25], "texture": "#5"}
			}
		},
		{
			"name": "head5",
			"from": [4.6434, 9.65826, 6.209],
			"to": [5.6762, 13.24026, 9.791],
			"rotation": {"angle": 0, "axis": "z", "origin": [8, 1.27426, 8]},
			"faces": {
				"north": {"uv": [7, 7.5, 7.5, 9.25], "texture": "#5"},
				"east": {"uv": [0, 4, 1.75, 5.75], "texture": "#5"},
				"south": {"uv": [7.5, 7.5, 8, 9.25], "texture": "#5"},
				"west": {"uv": [4, 0, 5.75, 1.75], "texture": "#5"},
				"up": {"uv": [0.5, 9.75, 0, 8], "texture": "#5"},
				"down": {"uv": [8.5, 0, 8, 1.75], "texture": "#5"}
			}
		},
		{
			"name": "head2",
			"from": [9.291, 9.90826, 6.459],
			"to": [10.3238, 12.99026, 9.541],
			"rotation": {"angle": 0, "axis": "z", "origin": [8, 1.27426, 8]},
			"faces": {
				"north": {"uv": [5.5, 2, 6, 3.5], "texture": "#5"},
				"east": {"uv": [2, 4, 3.5, 5.5], "texture": "#5"},
				"south": {"uv": [0.5, 8, 1, 9.5], "texture": "#5"},
				"west": {"uv": [4, 2, 5.5, 3.5], "texture": "#5"},
				"up": {"uv": [1.5, 9.5, 1, 8], "texture": "#5"},
				"down": {"uv": [8.5, 2, 8, 3.5], "texture": "#5"}
			}
		},
		{
			"name": "head4",
			"from": [5.6762, 9.90826, 6.459],
			"to": [6.709, 12.99026, 9.541],
			"rotation": {"angle": 0, "axis": "z", "origin": [8, 1.27426, 8]},
			"faces": {
				"north": {"uv": [8, 3.5, 8.5, 5], "texture": "#5"},
				"east": {"uv": [3.5, 4, 5, 5.5], "texture": "#5"},
				"south": {"uv": [8, 5, 8.5, 6.5], "texture": "#5"},
				"west": {"uv": [5, 3.5, 6.5, 5], "texture": "#5"},
				"up": {"uv": [8.5, 8, 8, 6.5], "texture": "#5"},
				"down": {"uv": [8.5, 8, 8, 9.5], "texture": "#5"}
			}
		},
		{
			"name": "head3",
			"from": [6.709, 9.65826, 6.209],
			"to": [9.291, 13.24026, 9.791],
			"rotation": {"angle": 0, "axis": "z", "origin": [8, 1.27426, 8]},
			"faces": {
				"north": {"uv": [5, 5, 6.25, 6.75], "texture": "#5"},
				"east": {"uv": [2, 0, 3.75, 1.75], "texture": "#5"},
				"south": {"uv": [3.25, 5.5, 2, 7.25], "texture": "#5"},
				"west": {"uv": [2, 2, 3.75, 3.75], "texture": "#5"},
				"up": {"uv": [4.75, 7.25, 3.5, 5.5], "texture": "#5"},
				"down": {"uv": [1.25, 6, 0, 7.75], "texture": "#5"}
			}
		}
	],
	"gui_light": "front",
	"display": {
		"thirdperson_righthand": {
			"rotation": [0, 90, 0],
			"translation": [0, 3.75, 1],
			"scale": [1.5, 1.5, 1.5]
		},
		"thirdperson_lefthand": {
			"rotation": [0, 90, 0],
			"translation": [0, 3.75, 1],
			"scale": [1.5, 1.5, 1.5]
		},
		"firstperson_righthand": {
			"rotation": [-19, 99, 0],
			"translation": [2, 2.5, 1],
			"scale": [1.5, 1.5, 1.5]
		},
		"firstperson_lefthand": {
			"rotation": [-19, -81, 0],
			"translation": [2, 2.5, 1],
			"scale": [1.5, 1.5, 1.5]
		},
		"ground": {
			"rotation": [80, 10, 0],
			"translation": [0, -1.25, 0],
			"scale": [1.5, 1.5, 1.5]
		},
		"gui": {
			"rotation": [0, 0, -45],
			"translation": [-0.25, -0.25, 0],
			"scale": [1.5, 1.5, 1.5]
		},
		"head": {
			"rotation": [180, 0, 0],
			"scale": [4, 4, 4]
		},
		"fixed": {
			"translation": [0, 0, -0.25],
			"scale": [4, 4, 4]
		}
	},
	"groups": [
		{
			"name": "Iron Hammer",
			"origin": [8.70387, 5.31304, 7.99459],
			"color": 0,
			"nbt": "{}",
			"children": [0, 1, 2, 3, 4, 5, 6, 7, 8]
		}
	]
}