{
	"credit": "Made with Blockbench",
	"ambientocclusion": false,
	"texture_size": [128, 96],
	"textures": {
		"12": "custom/weapons/axe/ironaxe"
	},
	"elements": [
		{
			"from": [7.5, 1.55, 7.5],
			"to": [8.5, 17.55, 8.5],
			"rotation": {"angle": 0, "axis": "x", "origin": [8, 7.27159, 8]},
			"faces": {
				"north": {"uv": [12, 10.66667, 12.25, 16], "texture": "#12"},
				"east": {"uv": [12.25, 10.66667, 12.5, 16], "texture": "#12"},
				"south": {"uv": [12.5, 10.66667, 12.75, 16], "texture": "#12"},
				"west": {"uv": [12.75, 10.66667, 13, 16], "texture": "#12"},
				"up": {"uv": [13.25, 11, 13, 10.66667], "texture": "#12"},
				"down": {"uv": [13.25, 11, 13, 11.33333], "texture": "#12"}
			}
		},
		{
			"from": [21.62855, 11.12298, 6.69819],
			"to": [23.63217, 13.1266, 9.30181],
			"rotation": {"angle": 45, "axis": "z", "origin": [8, -2.50556, 8]},
			"faces": {
				"north": {"uv": [4, 1.33333, 4.5, 2], "texture": "#12"},
				"east": {"uv": [4, 0, 4.75, 0.66667], "texture": "#12"},
				"south": {"uv": [5.25, 0, 5.75, 0.66667], "texture": "#12"},
				"west": {"uv": [4, 0.66667, 4.75, 1.33333], "texture": "#12"},
				"up": {"uv": [5.25, 1, 4.75, 0], "texture": "#12"},
				"down": {"uv": [5.25, 1, 4.75, 2], "texture": "#12"}
			}
		},
		{
			"from": [7.07665, 16.03262, 7.07664],
			"to": [8.92336, 21.02933, 8.92336],
			"rotation": {"angle": 0, "axis": "z", "origin": [8, 17.50597, 8]},
			"faces": {
				"north": {"uv": [8, 0, 8.5, 1.66667], "texture": "#12"},
				"east": {"uv": [8.5, 0, 9, 1.66667], "texture": "#12"},
				"south": {"uv": [9, 0, 9.5, 1.66667], "texture": "#12"},
				"west": {"uv": [8, 1.66667, 8.5, 3.33333], "texture": "#12"},
				"up": {"uv": [9, 2.33333, 8.5, 1.66667], "texture": "#12"},
				"down": {"uv": [9.5, 1.66667, 9, 2.33333], "texture": "#12"}
			}
		},
		{
			"from": [3.15575, 2.42734, 7.3965],
			"to": [4.36275, 3.63434, 8.6035],
			"rotation": {"angle": 45, "axis": "z", "origin": [8, 7.27159, 8]},
			"faces": {
				"north": {"uv": [8, 10.66667, 8.5, 11.33333], "texture": "#12"},
				"east": {"uv": [10.5, 10.66667, 11, 11.33333], "texture": "#12"},
				"south": {"uv": [9, 10.66667, 9.5, 11.33333], "texture": "#12"},
				"west": {"uv": [9.5, 10.66667, 10, 11.33333], "texture": "#12"},
				"up": {"uv": [10.5, 11.33333, 10, 10.66667], "texture": "#12"},
				"down": {"uv": [9, 10.66667, 8.5, 11.33333], "texture": "#12"}
			}
		},
		{
			"from": [6.02589, 16.49692, 7.8465],
			"to": [9.97411, 19.77015, 8.1525],
			"rotation": {"angle": 0, "axis": "z", "origin": [8, 23.94603, 8]},
			"faces": {
				"north": {"uv": [4, 5.33333, 5, 6.33333], "texture": "#12"},
				"east": {"uv": [5, 6, 5.25, 7], "texture": "#12"},
				"south": {"uv": [5, 5.33333, 4, 6.33333], "texture": "#12"},
				"west": {"uv": [5.25, 6, 5.5, 7], "texture": "#12"},
				"up": {"uv": [6, 5.66667, 5, 5.33333], "texture": "#12"},
				"down": {"uv": [6, 5.66667, 5, 6], "texture": "#12"}
			}
		},
		{
			"from": [12.02589, 14.04692, 7.746],
			"to": [13.14911, 19.47015, 8.254],
			"rotation": {"angle": 0, "axis": "z", "origin": [8, 23.94603, 8]},
			"faces": {
				"north": {"uv": [12, 5.33333, 12.25, 7], "texture": "#12"},
				"east": {"uv": [12, 7, 12.25, 8.66667], "texture": "#12"},
				"south": {"uv": [12.25, 5.33333, 12, 7], "texture": "#12"},
				"west": {"uv": [12.25, 7, 12.5, 8.66667], "texture": "#12"},
				"up": {"uv": [13.25, 7.33333, 12.5, 7], "texture": "#12"},
				"down": {"uv": [14, 7, 13.25, 7.33333], "texture": "#12"}
			}
		},
		{
			"from": [9.75089, 14.04692, 7.846],
			"to": [12.02411, 19.47015, 8.153],
			"rotation": {"angle": 0, "axis": "z", "origin": [8, 23.94603, 8]},
			"faces": {
				"north": {"uv": [12.25, 5.33333, 12.75, 7], "texture": "#12"},
				"east": {"uv": [12, 7, 12.25, 8.66667], "texture": "#12"},
				"south": {"uv": [12.75, 5.33333, 12.25, 7], "texture": "#12"},
				"west": {"uv": [12.25, 7, 12.5, 8.66667], "texture": "#12"},
				"up": {"uv": [13.25, 7.33333, 12.5, 7], "texture": "#12"},
				"down": {"uv": [14, 7, 13.25, 7.33333], "texture": "#12"}
			}
		},
		{
			"from": [9.22589, 18.77192, 7.7465],
			"to": [12.62411, 20.02015, 8.2535],
			"rotation": {"angle": -22.5, "axis": "z", "origin": [11.5, 18.44603, 8]},
			"faces": {
				"north": {"uv": [0, 10.66667, 0.75, 11], "texture": "#12"},
				"east": {"uv": [0.75, 11.33333, 1, 12], "texture": "#12"},
				"south": {"uv": [0, 10.66667, 0.75, 11], "rotation": 180, "texture": "#12"},
				"west": {"uv": [0, 12, 0.25, 12.66667], "texture": "#12"},
				"up": {"uv": [1.5, 11, 0.75, 10.66667], "texture": "#12"},
				"down": {"uv": [1.5, 11, 0.75, 11.33333], "texture": "#12"}
			}
		},
		{
			"from": [10.46296, 12.81522, 7.8465],
			"to": [11.76118, 15.66345, 8.1525],
			"rotation": {"angle": -45, "axis": "z", "origin": [11.06207, 14.51434, 8]},
			"faces": {
				"north": {"uv": [4.25, 10.66667, 4.5, 11.66667], "texture": "#12"},
				"east": {"uv": [4, 11.66667, 4.25, 12.66667], "texture": "#12"},
				"south": {"uv": [4.25, 10.66667, 4.5, 11.66667], "texture": "#12"},
				"west": {"uv": [4.25, 11.16667, 4.375, 11.5], "texture": "#12"},
				"up": {"uv": [5, 12, 4.5, 11.66667], "texture": "#12"},
				"down": {"uv": [5.5, 11, 5, 11.33333], "texture": "#12"}
			}
		},
		{
			"from": [11.73796, 12.76522, 7.7465],
			"to": [12.86118, 15.66345, 8.2535],
			"rotation": {"angle": -45, "axis": "z", "origin": [11.06207, 14.51434, 8]},
			"faces": {
				"north": {"uv": [4, 10.66667, 4.25, 11.66667], "texture": "#12"},
				"east": {"uv": [4, 11.66667, 4.25, 12.66667], "texture": "#12"},
				"south": {"uv": [4, 10.66667, 4.25, 11.66667], "texture": "#12"},
				"west": {"uv": [4.25, 11.66667, 4.5, 12.66667], "texture": "#12"},
				"up": {"uv": [5, 12, 4.5, 11.66667], "texture": "#12"},
				"down": {"uv": [5.5, 10.66667, 5, 11], "texture": "#12"}
			}
		},
		{
			"from": [3.37589, 18.77192, 7.7465],
			"to": [6.77411, 20.02015, 8.2535],
			"rotation": {"angle": 22.5, "axis": "z", "origin": [4.5, 18.44603, 8]},
			"faces": {
				"north": {"uv": [0.75, 10.66667, 0, 11], "texture": "#12"},
				"east": {"uv": [0.25, 12, 0, 12.66667], "texture": "#12"},
				"south": {"uv": [0.75, 10.66667, 0, 11], "rotation": 180, "texture": "#12"},
				"west": {"uv": [1, 11.33333, 0.75, 12], "texture": "#12"},
				"up": {"uv": [0.75, 11, 1.5, 10.66667], "texture": "#12"},
				"down": {"uv": [0.75, 11, 1.5, 11.33333], "texture": "#12"}
			}
		},
		{
			"from": [2.85089, 14.04692, 7.746],
			"to": [3.97411, 19.47015, 8.254],
			"rotation": {"angle": 0, "axis": "z", "origin": [8, 23.94603, 8]},
			"faces": {
				"north": {"uv": [12.25, 5.33333, 12, 7], "texture": "#12"},
				"east": {"uv": [12.5, 7, 12.25, 8.66667], "texture": "#12"},
				"south": {"uv": [12, 5.33333, 12.25, 7], "texture": "#12"},
				"west": {"uv": [12.25, 7, 12, 8.66667], "texture": "#12"},
				"up": {"uv": [12.5, 7.33333, 13.25, 7], "texture": "#12"},
				"down": {"uv": [13.25, 7, 14, 7.33333], "texture": "#12"}
			}
		},
		{
			"from": [3.97589, 14.04692, 7.846],
			"to": [6.24911, 19.47015, 8.153],
			"rotation": {"angle": 0, "axis": "z", "origin": [8, 23.94603, 8]},
			"faces": {
				"north": {"uv": [12.75, 5.33333, 12.25, 7], "texture": "#12"},
				"east": {"uv": [12.5, 7, 12.25, 8.66667], "texture": "#12"},
				"south": {"uv": [12.25, 5.33333, 12.75, 7], "texture": "#12"},
				"west": {"uv": [12.25, 7, 12, 8.66667], "texture": "#12"},
				"up": {"uv": [12.5, 7.33333, 13.25, 7], "texture": "#12"},
				"down": {"uv": [13.25, 7, 14, 7.33333], "texture": "#12"}
			}
		},
		{
			"from": [3.13882, 12.76522, 7.7465],
			"to": [4.26204, 15.66345, 8.2535],
			"rotation": {"angle": 45, "axis": "z", "origin": [4.93793, 14.51434, 8]},
			"faces": {
				"north": {"uv": [4.25, 10.66667, 4, 11.66667], "texture": "#12"},
				"east": {"uv": [4.5, 11.66667, 4.25, 12.66667], "texture": "#12"},
				"south": {"uv": [4.25, 10.66667, 4, 11.66667], "texture": "#12"},
				"west": {"uv": [4.25, 11.66667, 4, 12.66667], "texture": "#12"},
				"up": {"uv": [4.5, 12, 5, 11.66667], "texture": "#12"},
				"down": {"uv": [5, 10.66667, 5.5, 11], "texture": "#12"}
			}
		},
		{
			"from": [4.23882, 12.81522, 7.8465],
			"to": [5.53704, 15.66345, 8.1525],
			"rotation": {"angle": 45, "axis": "z", "origin": [4.93793, 14.51434, 8]},
			"faces": {
				"north": {"uv": [4.5, 10.66667, 4.25, 11.66667], "texture": "#12"},
				"east": {"uv": [4.375, 11.16667, 4.25, 11.5], "texture": "#12"},
				"south": {"uv": [4.5, 10.66667, 4.25, 11.66667], "texture": "#12"},
				"west": {"uv": [4.25, 11.66667, 4, 12.66667], "texture": "#12"},
				"up": {"uv": [4.5, 12, 5, 11.66667], "texture": "#12"},
				"down": {"uv": [5, 11, 5.5, 11.33333], "texture": "#12"}
			}
		}
	],
	"gui_light": "front",
	"display": {
		"thirdperson_righthand": {
			"rotation": [0, 90, 0],
			"translation": [0, -1.5, 1.25],
			"scale": [1.48, 1.48, 1.48]
		},
		"thirdperson_lefthand": {
			"rotation": [0, -90, 0],
			"translation": [0, -1.5, 1.25],
			"scale": [1.48, 1.48, 1.48]
		},
		"firstperson_righthand": {
			"rotation": [-6, 97, 0],
			"translation": [3.75, -3, 0],
			"scale": [1.66, 1.66, 1.66]
		},
		"firstperson_lefthand": {
			"rotation": [-6, -97, 0],
			"translation": [3.75, -3, 0],
			"scale": [1.66, 1.66, 1.66]
		},
		"ground": {
			"rotation": [90, 0, 0],
			"translation": [0, -2, 0],
			"scale": [2.21, 2.21, 2.21]
		},
		"gui": {
			"rotation": [0, 0, -45],
			"translation": [-2.75, -2, 0]
		},
		"head": {
			"rotation": [180, 0, 0],
			"scale": [4, 4, 4]
		},
		"fixed": {
			"translation": [0, -9.75, 0],
			"scale": [4, 4, 4]
		}
	},
	"groups": [
		{
			"name": "Hilt",
			"origin": [8, 7.27159, 8],
			"color": 0,
			"nbt": "{}",
			"children": [0, 1, 2, 3]
		},
		{
			"name": "Blade",
			"origin": [8, 7.27159, 8],
			"color": 0,
			"nbt": "{}",
			"children": [4, 5, 6, 7, 8, 9, 10, 11, 12, 13, 14]
		}
	]
}