{
	"credit": "Made with Blockbench",
	"textures": {
		"2": "custom/weapons/axe/woodhandaxe",
		"particle": "custom/weapons/axe/woodhandaxe"
	},
	"elements": [
		{
			"from": [7.5, 16.33579, 7.6],
			"to": [8.5, 19.33579, 8.6],
			"rotation": {"angle": -45, "axis": "z", "origin": [8, 17.83579, 8]},
			"faces": {
				"north": {"uv": [6, 8, 7, 11], "texture": "#2"},
				"east": {"uv": [8, 6, 9, 9], "texture": "#2"},
				"south": {"uv": [7, 8, 8, 11], "texture": "#2"},
				"west": {"uv": [9, 0, 10, 3], "texture": "#2"},
				"up": {"uv": [8, 7, 7, 6], "texture": "#2"},
				"down": {"uv": [8, 13, 7, 14], "texture": "#2"}
			}
		},
		{
			"from": [6.5, 17.33579, 7.4],
			"to": [9.5, 18.33579, 8.4],
			"rotation": {"angle": -45, "axis": "z", "origin": [8, 17.83579, 8]},
			"faces": {
				"north": {"uv": [9, 7, 12, 8], "texture": "#2"},
				"east": {"uv": [8, 13, 9, 14], "texture": "#2"},
				"south": {"uv": [9, 7, 12, 8], "texture": "#2"},
				"west": {"uv": [9, 13, 10, 14], "texture": "#2"},
				"up": {"uv": [11, 10, 8, 9], "texture": "#2"},
				"down": {"uv": [12, 8, 9, 9], "texture": "#2"}
			}
		},
		{
			"from": [7.5, 8.55, 7.5],
			"to": [8.5, 20.05, 8.5],
			"rotation": {"angle": 0, "axis": "y", "origin": [8, 7.27159, 8]},
			"faces": {
				"north": {"uv": [0, 4, 1, 15.5], "texture": "#2"},
				"east": {"uv": [1, 4, 2, 15.5], "texture": "#2"},
				"south": {"uv": [2, 4, 3, 15.5], "texture": "#2"},
				"west": {"uv": [3, 4, 4, 15.5], "texture": "#2"},
				"up": {"uv": [11, 14, 10, 13], "texture": "#2"},
				"down": {"uv": [14, 10, 13, 11], "texture": "#2"}
			}
		},
		{
			"from": [3.15575, 9.42734, 7.3965],
			"to": [4.36275, 10.63434, 8.6035],
			"rotation": {"angle": 45, "axis": "z", "origin": [8, 14.27159, 8]},
			"faces": {
				"north": {"uv": [11, 13, 12, 14], "texture": "#2"},
				"east": {"uv": [13, 11, 14, 12], "texture": "#2"},
				"south": {"uv": [13, 12, 14, 13], "texture": "#2"},
				"west": {"uv": [13, 13, 14, 14], "texture": "#2"},
				"up": {"uv": [15, 2, 14, 1], "texture": "#2"},
				"down": {"uv": [15, 2, 14, 3], "texture": "#2"}
			}
		},
		{
			"from": [7.375, 19.3, 7.375],
			"to": [8.625, 20.55, 8.625],
			"rotation": {"angle": 0, "axis": "y", "origin": [8, 5.52159, 8]},
			"faces": {
				"north": {"uv": [10, 0, 11.5, 1.5], "texture": "#2"},
				"east": {"uv": [10, 2, 11.5, 3.5], "texture": "#2"},
				"south": {"uv": [8, 10, 9.5, 11.5], "texture": "#2"},
				"west": {"uv": [10, 10, 11.5, 11.5], "texture": "#2"},
				"up": {"uv": [12.5, 5.5, 11, 4], "texture": "#2"},
				"down": {"uv": [7.5, 11, 6, 12.5], "texture": "#2"}
			}
		},
		{
			"from": [7.2233, 16.59723, 7.8465],
			"to": [9.7767, 19.04314, 8.1525],
			"rotation": {"angle": 0, "axis": "y", "origin": [8, 23.80143, 8]},
			"faces": {
				"north": {"uv": [4, 4, 6.5, 6.5], "texture": "#2"},
				"east": {"uv": [13, 1, 13.5, 3.5], "texture": "#2"},
				"south": {"uv": [6, 0, 8.5, 2.5], "texture": "#2"},
				"west": {"uv": [6, 13, 6.5, 15.5], "texture": "#2"},
				"up": {"uv": [15.5, 4.5, 13, 4], "texture": "#2"},
				"down": {"uv": [15.5, 5, 13, 5.5], "texture": "#2"}
			}
		},
		{
			"from": [6.27705, 16.04349, 7.8465],
			"to": [7.27705, 17.04349, 8.1525],
			"rotation": {"angle": 45, "axis": "z", "origin": [5.25, 17.32019, 7.9995]},
			"faces": {
				"north": {"uv": [14, 3, 15, 4], "texture": "#2"},
				"east": {"uv": [11, 14, 11.5, 15], "texture": "#2"},
				"south": {"uv": [7, 14, 8, 15], "texture": "#2"},
				"west": {"uv": [14, 11, 14.5, 12], "texture": "#2"},
				"up": {"uv": [13, 14.5, 12, 14], "texture": "#2"},
				"down": {"uv": [15, 12, 14, 12.5], "texture": "#2"}
			}
		},
		{
			"from": [9.5788, 14.82773, 7.849],
			"to": [12.6187, 19.52014, 8.15],
			"rotation": {"angle": 0, "axis": "y", "origin": [8, 23.80143, 8]},
			"faces": {
				"north": {"uv": [0, 0, 3, 4], "texture": "#2"},
				"east": {"uv": [12, 0, 12.5, 4], "texture": "#2"},
				"south": {"uv": [3, 0, 6, 4], "texture": "#2"},
				"west": {"uv": [4, 12, 4.5, 16], "texture": "#2"},
				"up": {"uv": [15, 8.5, 12, 8], "texture": "#2"},
				"down": {"uv": [16, 0, 13, 0.5], "texture": "#2"}
			}
		},
		{
			"from": [9.5798, 14.14, 7.85],
			"to": [10.3677, 14.83041, 8.149],
			"rotation": {"angle": 0, "axis": "y", "origin": [8, 24.85302, 8]},
			"faces": {
				"north": {"uv": [13, 14, 14, 14.5], "texture": "#2"},
				"east": {"uv": [15, 12, 15.5, 12.5], "texture": "#2"},
				"south": {"uv": [14, 13, 15, 13.5], "texture": "#2"},
				"west": {"uv": [13, 15, 13.5, 15.5], "texture": "#2"},
				"up": {"uv": [15, 14.5, 14, 14], "texture": "#2"},
				"down": {"uv": [16, 1, 15, 1.5], "texture": "#2"}
			}
		},
		{
			"from": [12.2952, 15.04951, 7.846],
			"to": [13.3061, 19.65792, 8.153],
			"rotation": {"angle": 0, "axis": "y", "origin": [8.6719, 24.68621, 8.0005]},
			"faces": {
				"north": {"uv": [4, 8, 5, 11.5], "texture": "#2"},
				"east": {"uv": [5, 12, 5.5, 15.5], "texture": "#2"},
				"south": {"uv": [5, 8, 6, 11.5], "texture": "#2"},
				"west": {"uv": [12, 10, 12.5, 13.5], "texture": "#2"},
				"up": {"uv": [16, 9.5, 15, 9], "texture": "#2"},
				"down": {"uv": [11, 15, 10, 15.5], "texture": "#2"}
			}
		},
		{
			"from": [9.02495, 14.55379, 7.847],
			"to": [12.83135, 15.67519, 8.152],
			"rotation": {"angle": 22.5, "axis": "z", "origin": [11.82065, 15.99199, 8]},
			"faces": {
				"north": {"uv": [7, 4, 11, 5], "texture": "#2"},
				"east": {"uv": [15, 10, 15.5, 11], "texture": "#2"},
				"south": {"uv": [7, 5, 11, 6], "texture": "#2"},
				"west": {"uv": [11, 15, 11.5, 16], "texture": "#2"},
				"up": {"uv": [16, 7.5, 12, 7], "texture": "#2"},
				"down": {"uv": [12, 12, 8, 12.5], "texture": "#2"}
			}
		},
		{
			"from": [11.39742, 13.49553, 8],
			"to": [11.89742, 14.49553, 8],
			"rotation": {"angle": 45, "axis": "z", "origin": [11.64737, 14.249, 8]},
			"faces": {
				"north": {"uv": [15, 11, 15.5, 12], "texture": "#2"},
				"east": {"uv": [0, 0, 0, 1], "texture": "#2"},
				"south": {"uv": [12, 15, 12.5, 16], "texture": "#2"},
				"west": {"uv": [0, 0, 0, 1], "texture": "#2"},
				"up": {"uv": [0.5, 0, 0, 0], "texture": "#2"},
				"down": {"uv": [0.5, 0, 0, 0], "texture": "#2"}
			}
		},
		{
			"from": [12.35697, 13.89303, 8],
			"to": [12.85697, 14.39303, 8],
			"rotation": {"angle": 0, "axis": "z", "origin": [12.60697, 14.14303, 8]},
			"faces": {
				"north": {"uv": [15, 13, 15.5, 13.5], "texture": "#2"},
				"east": {"uv": [0, 0, 0, 0.5], "texture": "#2"},
				"south": {"uv": [14, 15, 14.5, 15.5], "texture": "#2"},
				"west": {"uv": [0, 0, 0, 0.5], "texture": "#2"},
				"up": {"uv": [0.5, 0, 0, 0], "texture": "#2"},
				"down": {"uv": [0.5, 0, 0, 0], "texture": "#2"}
			}
		},
		{
			"from": [12.01494, 12.9974, 8],
			"to": [12.51494, 13.4974, 8],
			"rotation": {"angle": -22.5, "axis": "z", "origin": [12.11494, 13.5474, 8]},
			"faces": {
				"north": {"uv": [15, 14, 15.5, 14.5], "texture": "#2"},
				"east": {"uv": [0, 0, 0, 0.5], "texture": "#2"},
				"south": {"uv": [15, 15, 15.5, 15.5], "texture": "#2"},
				"west": {"uv": [0, 0, 0, 0.5], "texture": "#2"},
				"up": {"uv": [0.5, 0, 0, 0], "texture": "#2"},
				"down": {"uv": [0.5, 0, 0, 0], "texture": "#2"}
			}
		},
		{
			"from": [6.65085, 19.49906, 8],
			"to": [7.65085, 19.99906, 8],
			"rotation": {"angle": 22.5, "axis": "z", "origin": [6.89737, 19.749, 8]},
			"faces": {
				"north": {"uv": [10, 14, 11, 14.5], "texture": "#2"},
				"east": {"uv": [0, 0, 0, 0.5], "texture": "#2"},
				"south": {"uv": [14, 10, 15, 10.5], "texture": "#2"},
				"west": {"uv": [0, 0, 0, 0.5], "texture": "#2"},
				"up": {"uv": [1, 0, 0, 0], "texture": "#2"},
				"down": {"uv": [1, 0, 0, 0], "texture": "#2"}
			}
		}
	],
	"gui_light": "front",
	"display": {
		"thirdperson_righthand": {
			"rotation": [0, 90, 0],
			"translation": [0, -8, 1.25],
			"scale": [1.48, 1.48, 1.48]
		},
		"thirdperson_lefthand": {
			"rotation": [0, -90, 0],
			"translation": [0, -8, 1.25],
			"scale": [1.48, 1.48, 1.48]
		},
		"firstperson_righthand": {
			"rotation": [-6, 97, 0],
			"translation": [3.75, -12, 0],
			"scale": [1.66, 1.66, 1.66]
		},
		"firstperson_lefthand": {
			"rotation": [-6, -97, 0],
			"translation": [3.75, -12, 0],
			"scale": [1.66, 1.66, 1.66]
		},
		"ground": {
			"rotation": [90, 0, 0],
			"translation": [0, -2, 0],
			"scale": [2.21, 2.21, 2.21]
		},
		"gui": {
			"rotation": [0, 0, -45],
			"translation": [-6.5, -5.5, 0],
			"scale": [1.24, 1.24, 1.24]
		},
		"head": {
			"rotation": [180, 0, 0],
			"scale": [4, 4, 4]
		},
		"fixed": {
			"translation": [0, -22, -0.25],
			"scale": [4, 4, 4]
		}
	}
}