{
	"credit": "Made with Blockbench",
	"texture_size": [32, 32],
	"textures": {
		"0": "custom/environment/candles/soul/small_soul_candle",
		"1": "custom/environment/candles/soul/soulflame_candle_2-Sheet",
		"particle": "custom/environment/candles/soul/small_soul_candle"
	},
	"elements": [
		{
			"from": [5.5, -0.001, 4.5],
			"to": [10.5, 0.999, 11.5],
			"rotation": {"angle": 0, "axis": "y", "origin": [-0.5, 0, -0.5]},
			"faces": {
				"north": {"uv": [9.05, 0.55, 11.45, 0.95], "texture": "#0"},
				"east": {"uv": [7.05, 8.55, 10.45, 8.95], "texture": "#0"},
				"south": {"uv": [9.05, 1.05, 11.45, 1.45], "texture": "#0"},
				"west": {"uv": [8.55, 7.55, 11.95, 7.95], "texture": "#0"},
				"up": {"uv": [2.45, 3.45, 0.05, 0.05], "texture": "#0"},
				"down": {"uv": [4.95, 0.05, 2.55, 3.45], "texture": "#0"}
			}
		},
		{
			"from": [7, 1, 7],
			"to": [9, 3, 9],
			"rotation": {"angle": 0, "axis": "y", "origin": [-0.5, 0, -0.5]},
			"faces": {
				"north": {"uv": [5.05, 2.55, 5.95, 3.45], "texture": "#0"},
				"east": {"uv": [6.05, 2.55, 6.95, 3.45], "texture": "#0"},
				"south": {"uv": [7.55, 1.55, 8.45, 2.45], "texture": "#0"},
				"west": {"uv": [7.55, 9.05, 8.45, 9.95], "texture": "#0"},
				"up": {"uv": [9.45, 9.95, 8.55, 9.05], "texture": "#0"},
				"down": {"uv": [10.45, 1.55, 9.55, 2.45], "texture": "#0"}
			}
		},
		{
			"from": [7, 4, 7],
			"to": [9, 9, 9],
			"rotation": {"angle": 45, "axis": "y", "origin": [8, 6, 8]},
			"faces": {
				"north": {"uv": [7.03, 5.53, 7.97, 7.97], "texture": "#0"},
				"east": {"uv": [3.53, 9.53, 4.47, 11.97], "texture": "#0"},
				"south": {"uv": [6.53, 9.53, 7.47, 11.97], "texture": "#0"},
				"west": {"uv": [9.53, 9.03, 10.47, 11.47], "texture": "#0"},
				"up": {"uv": [10.47, 4.47, 9.53, 3.53], "texture": "#0"},
				"down": {"uv": [10.47, 6.53, 9.53, 7.47], "texture": "#0"}
			}
		},
		{
			"from": [6.5, 9, 8],
			"to": [9.5, 15, 8],
			"rotation": {"angle": 45, "axis": "y", "origin": [8, 6, 8]},
			"faces": {
				"north": {"uv": [2.0375, 0.0375, 8, 12], "texture": "#1"},
				"east": {"uv": [2.0375, 0.0375, 8, 12], "texture": "#1"},
				"south": {"uv": [2.0375, 0.0375, 8, 12], "texture": "#1"},
				"west": {"uv": [2.0375, 0.0375, 8, 12], "texture": "#1"},
				"up": {"uv": [2.0375, 0.0375, 8, 12], "texture": "#1"},
				"down": {"uv": [2.0375, 0.0375, 8, 12], "texture": "#1"}
			}
		},
		{
			"from": [8, 9, 6.5],
			"to": [8, 15, 9.5],
			"rotation": {"angle": 45, "axis": "y", "origin": [8, 11, 8]},
			"faces": {
				"north": {"uv": [2.0375, 0.0375, 8.0375, 12], "texture": "#1"},
				"east": {"uv": [2.0375, 0.0375, 8.0375, 12], "texture": "#1"},
				"south": {"uv": [2.0375, 0.0375, 8.0375, 12], "texture": "#1"},
				"west": {"uv": [2.0375, 0.0375, 8.0375, 12], "texture": "#1"},
				"up": {"uv": [2.0375, 0.0375, 8.0375, 12], "texture": "#1"},
				"down": {"uv": [2.0375, 0.0375, 8.0375, 12], "texture": "#1"}
			}
		},
		{
			"from": [8.5, 0, 8],
			"to": [13.5, 5, 8],
			"rotation": {"angle": 0, "axis": "y", "origin": [-0.5, 0, -0.5]},
			"faces": {
				"north": {"uv": [5.05, 0.05, 7.45, 2.45], "texture": "#0"},
				"east": {"uv": [0.05, 0.05, 0.05, 2.45], "texture": "#0"},
				"south": {"uv": [0.05, 6.05, 2.45, 8.45], "texture": "#0"},
				"west": {"uv": [0.05, 0.05, 0.05, 2.45], "texture": "#0"},
				"up": {"uv": [2.45, 0.05, 0.05, 0.05], "texture": "#0"},
				"down": {"uv": [2.45, 0.05, 0.05, 0.05], "texture": "#0"}
			}
		},
		{
			"from": [4.5, 0, 5.5],
			"to": [11.5, 1, 10.5],
			"rotation": {"angle": 0, "axis": "y", "origin": [-0.5, 0, -0.5]},
			"faces": {
				"north": {"uv": [8.55, 8.05, 11.95, 8.45], "texture": "#0"},
				"east": {"uv": [2.55, 9.05, 4.95, 9.45], "texture": "#0"},
				"south": {"uv": [9.05, 0.05, 12.45, 0.45], "texture": "#0"},
				"west": {"uv": [5.05, 9.05, 7.45, 9.45], "texture": "#0"},
				"up": {"uv": [3.45, 5.95, 0.05, 3.55], "texture": "#0"},
				"down": {"uv": [6.95, 3.55, 3.55, 5.95], "texture": "#0"}
			}
		},
		{
			"from": [6.5, 3, 6.5],
			"to": [9.5, 4, 9.5],
			"rotation": {"angle": 0, "axis": "y", "origin": [-0.5, 0, -0.5]},
			"faces": {
				"north": {"uv": [5.05, 9.55, 6.45, 9.95], "texture": "#0"},
				"east": {"uv": [9.55, 5.05, 10.95, 5.45], "texture": "#0"},
				"south": {"uv": [9.55, 5.55, 10.95, 5.95], "texture": "#0"},
				"west": {"uv": [9.55, 6.05, 10.95, 6.45], "texture": "#0"},
				"up": {"uv": [8.95, 1.45, 7.55, 0.05], "texture": "#0"},
				"down": {"uv": [1.45, 8.55, 0.05, 9.95], "texture": "#0"}
			}
		}
	],
	"gui_light": "front",
	"display": {
		"thirdperson_righthand": {
			"translation": [0, 8, 0]
		},
		"thirdperson_lefthand": {
			"translation": [0, 8, 0]
		},
		"firstperson_righthand": {
			"translation": [0, 5, 0]
		},
		"firstperson_lefthand": {
			"translation": [0, 5, 0]
		},
		"ground": {
			"translation": [0, 4.75, 0]
		},
		"gui": {
			"rotation": [22.5, 22.5, 0],
			"translation": [0, 4, 0],
			"scale": [1.22, 1.22, 1.22]
		},
		"head": {
			"translation": [0, 23.25, 0],
			"scale": [2, 2, 2]
		},
		"fixed": {
			"rotation": [-90, 0, 0],
			"translation": [0, 0, -16],
			"scale": [2, 2, 2]
		}
	},
	"groups": [
		{
			"name": "group",
			"origin": [8, 8, 8],
			"color": 0,
			"nbt": "{}",
			"children": [0, 1, 2, 3, 4, 5, 6, 7]
		}
	]
}