{
	"credit": "Made with Blockbench",
	"texture_size": [256, 256],
	"textures": {
		"0": "custom/environment/candles/soul/soul_chandelier",
		"particle": "custom/environment/candles/soul/soul_chandelier"
	},
	"elements": [
		{
			"from": [5.52604, -2, -13.98995],
			"to": [10.52604, -1, -8.98995],
			"rotation": {"angle": 45, "axis": "y", "origin": [8.02604, 3.25, 8.01005]},
			"faces": {
				"north": {"uv": [8.12875, 6.75375, 8.43375, 6.80875], "texture": "#0"},
				"east": {"uv": [8.12875, 6.81625, 8.43375, 6.87125], "texture": "#0"},
				"south": {"uv": [8.12875, 6.87875, 8.43375, 6.93375], "texture": "#0"},
				"west": {"uv": [8.12875, 6.94125, 8.43375, 6.99625], "texture": "#0"},
				"up": {"uv": [5.55875, 7.68375, 5.25375, 7.37875], "texture": "#0"},
				"down": {"uv": [5.87125, 7.37875, 5.56625, 7.68375], "texture": "#0"}
			}
		},
		{
			"from": [5.52604, -2, 25.01005],
			"to": [10.52604, -1, 30.01005],
			"rotation": {"angle": 45, "axis": "y", "origin": [8.02604, 3.25, 8.01005]},
			"faces": {
				"north": {"uv": [8.12875, 7.00375, 8.43375, 7.05875], "texture": "#0"},
				"east": {"uv": [8.12875, 7.06625, 8.43375, 7.12125], "texture": "#0"},
				"south": {"uv": [8.12875, 7.12875, 8.43375, 7.18375], "texture": "#0"},
				"west": {"uv": [8.12875, 7.19125, 8.43375, 7.24625], "texture": "#0"},
				"up": {"uv": [6.18375, 7.68375, 5.87875, 7.37875], "texture": "#0"},
				"down": {"uv": [6.49625, 7.37875, 6.19125, 7.68375], "texture": "#0"}
			}
		},
		{
			"from": [-13.97396, -2, 5.51005],
			"to": [-8.97396, -1, 10.51005],
			"rotation": {"angle": 45, "axis": "y", "origin": [8.02604, 3.25, 8.01005]},
			"faces": {
				"north": {"uv": [8.12875, 7.25375, 8.43375, 7.30875], "texture": "#0"},
				"east": {"uv": [8.12875, 7.31625, 8.43375, 7.37125], "texture": "#0"},
				"south": {"uv": [8.12875, 7.37875, 8.43375, 7.43375], "texture": "#0"},
				"west": {"uv": [8.12875, 7.44125, 8.43375, 7.49625], "texture": "#0"},
				"up": {"uv": [6.80875, 7.68375, 6.50375, 7.37875], "texture": "#0"},
				"down": {"uv": [7.12125, 7.37875, 6.81625, 7.68375], "texture": "#0"}
			}
		},
		{
			"from": [25.02604, -2, 5.51005],
			"to": [30.02604, -1, 10.51005],
			"rotation": {"angle": 45, "axis": "y", "origin": [8.02604, 3.25, 8.01005]},
			"faces": {
				"north": {"uv": [8.12875, 7.50375, 8.43375, 7.55875], "texture": "#0"},
				"east": {"uv": [8.12875, 7.56625, 8.43375, 7.62125], "texture": "#0"},
				"south": {"uv": [8.12875, 7.62875, 8.43375, 7.68375], "texture": "#0"},
				"west": {"uv": [8.12875, 7.69125, 8.43375, 7.74625], "texture": "#0"},
				"up": {"uv": [7.43375, 7.68375, 7.12875, 7.37875], "texture": "#0"},
				"down": {"uv": [7.74625, 7.37875, 7.44125, 7.68375], "texture": "#0"}
			}
		},
		{
			"from": [20.81462, -1, -6.77853],
			"to": [22.81462, 5, -4.77853],
			"rotation": {"angle": 0, "axis": "y", "origin": [8.02604, 3.25, 8.01005]},
			"faces": {
				"north": {"uv": [6.00375, 8.00375, 6.12125, 8.37125], "texture": "#0"},
				"east": {"uv": [6.12875, 8.00375, 6.24625, 8.37125], "texture": "#0"},
				"south": {"uv": [6.25375, 8.00375, 6.37125, 8.37125], "texture": "#0"},
				"west": {"uv": [6.37875, 8.00375, 6.49625, 8.37125], "texture": "#0"},
				"up": {"uv": [7.87125, 8.24625, 7.75375, 8.12875], "texture": "#0"},
				"down": {"uv": [8.30875, 0.56625, 8.19125, 0.68375], "texture": "#0"}
			}
		},
		{
			"from": [21.81462, 5, -7.27853],
			"to": [21.81462, 11, -4.27853],
			"rotation": {"angle": 0, "axis": "y", "origin": [8.02604, 3.25, 8.01005]},
			"faces": {
				"north": {"uv": [8.3125, 6.3125, 8.5, 6.6875], "texture": "#0"},
				"east": {"uv": [8.3125, 6.3125, 8.5, 6.6875], "texture": "#0"},
				"south": {"uv": [8.3125, 6.3125, 8.5, 6.6875], "texture": "#0"},
				"west": {"uv": [8.3125, 6.3125, 8.5, 6.6875], "texture": "#0"},
				"up": {"uv": [8.3125, 6.3125, 8.5, 6.6875], "texture": "#0"},
				"down": {"uv": [8.3125, 6.3125, 8.5, 6.6875], "texture": "#0"}
			}
		},
		{
			"from": [20.31462, 5, -5.77853],
			"to": [23.31462, 11, -5.77853],
			"rotation": {"angle": 0, "axis": "y", "origin": [21.81462, 8, -5.77853]},
			"faces": {
				"north": {"uv": [8.3125, 6.3125, 8.5, 6.6875], "texture": "#0"},
				"east": {"uv": [8.3125, 6.3125, 8.5, 6.6875], "texture": "#0"},
				"south": {"uv": [8.3125, 6.3125, 8.5, 6.6875], "texture": "#0"},
				"west": {"uv": [8.3125, 6.3125, 8.5, 6.6875], "texture": "#0"},
				"up": {"uv": [8.3125, 6.3125, 8.5, 6.6875], "texture": "#0"},
				"down": {"uv": [8.3125, 6.3125, 8.5, 6.6875], "texture": "#0"}
			}
		},
		{
			"from": [5.52604, -2, -13.98995],
			"to": [10.52604, -1, -8.98995],
			"rotation": {"angle": 0, "axis": "y", "origin": [8.02604, 3.25, 8.01005]},
			"faces": {
				"north": {"uv": [8.12875, 7.75375, 8.43375, 7.80875], "texture": "#0"},
				"east": {"uv": [8.12875, 7.81625, 8.43375, 7.87125], "texture": "#0"},
				"south": {"uv": [8.12875, 7.87875, 8.43375, 7.93375], "texture": "#0"},
				"west": {"uv": [8.12875, 7.94125, 8.43375, 7.99625], "texture": "#0"},
				"up": {"uv": [5.55875, 7.99625, 5.25375, 7.69125], "texture": "#0"},
				"down": {"uv": [5.87125, 7.69125, 5.56625, 7.99625], "texture": "#0"}
			}
		},
		{
			"from": [25.02604, -2, 5.51005],
			"to": [30.02604, -1, 10.51005],
			"rotation": {"angle": 0, "axis": "y", "origin": [8.02604, 3.25, 8.01005]},
			"faces": {
				"north": {"uv": [8.12875, 8.00375, 8.43375, 8.05875], "texture": "#0"},
				"east": {"uv": [8.12875, 8.06625, 8.43375, 8.12125], "texture": "#0"},
				"south": {"uv": [8.12875, 8.12875, 8.43375, 8.18375], "texture": "#0"},
				"west": {"uv": [8.19125, 0.00375, 8.49625, 0.05875], "texture": "#0"},
				"up": {"uv": [6.18375, 7.99625, 5.87875, 7.69125], "texture": "#0"},
				"down": {"uv": [6.49625, 7.69125, 6.19125, 7.99625], "texture": "#0"}
			}
		},
		{
			"from": [5.52604, -2, 25.01005],
			"to": [10.52604, -1, 30.01005],
			"rotation": {"angle": 0, "axis": "y", "origin": [8.02604, 3.25, 8.01005]},
			"faces": {
				"north": {"uv": [8.19125, 0.06625, 8.49625, 0.12125], "texture": "#0"},
				"east": {"uv": [8.19125, 0.12875, 8.49625, 0.18375], "texture": "#0"},
				"south": {"uv": [8.19125, 0.19125, 8.49625, 0.24625], "texture": "#0"},
				"west": {"uv": [8.19125, 0.25375, 8.49625, 0.30875], "texture": "#0"},
				"up": {"uv": [6.80875, 7.99625, 6.50375, 7.69125], "texture": "#0"},
				"down": {"uv": [7.12125, 7.69125, 6.81625, 7.99625], "texture": "#0"}
			}
		},
		{
			"from": [-6.76254, -1, 20.79863],
			"to": [-4.76254, 5, 22.79863],
			"rotation": {"angle": 0, "axis": "y", "origin": [8.02604, 3.25, 8.01005]},
			"faces": {
				"north": {"uv": [6.50375, 8.00375, 6.62125, 8.37125], "texture": "#0"},
				"east": {"uv": [6.62875, 8.00375, 6.74625, 8.37125], "texture": "#0"},
				"south": {"uv": [6.75375, 8.00375, 6.87125, 8.37125], "texture": "#0"},
				"west": {"uv": [6.87875, 8.00375, 6.99625, 8.37125], "texture": "#0"},
				"up": {"uv": [8.30875, 0.80875, 8.19125, 0.69125], "texture": "#0"},
				"down": {"uv": [8.30875, 0.81625, 8.19125, 0.93375], "texture": "#0"}
			}
		},
		{
			"from": [-5.76254, 5, 20.29863],
			"to": [-5.76254, 11, 23.29863],
			"rotation": {"angle": 0, "axis": "y", "origin": [8.02604, 3.25, 8.01005]},
			"faces": {
				"north": {"uv": [8.3125, 6.3125, 8.5, 6.6875], "texture": "#0"},
				"east": {"uv": [8.3125, 6.3125, 8.5, 6.6875], "texture": "#0"},
				"south": {"uv": [8.3125, 6.3125, 8.5, 6.6875], "texture": "#0"},
				"west": {"uv": [8.3125, 6.3125, 8.5, 6.6875], "texture": "#0"},
				"up": {"uv": [8.3125, 6.3125, 8.5, 6.6875], "texture": "#0"},
				"down": {"uv": [8.3125, 6.3125, 8.5, 6.6875], "texture": "#0"}
			}
		},
		{
			"from": [-7.26254, 5, 21.79863],
			"to": [-4.26254, 11, 21.79863],
			"rotation": {"angle": 0, "axis": "y", "origin": [-5.76254, 8, 21.79863]},
			"faces": {
				"north": {"uv": [8.3125, 6.3125, 8.5, 6.6875], "texture": "#0"},
				"east": {"uv": [8.3125, 6.3125, 8.5, 6.6875], "texture": "#0"},
				"south": {"uv": [8.3125, 6.3125, 8.5, 6.6875], "texture": "#0"},
				"west": {"uv": [8.3125, 6.3125, 8.5, 6.6875], "texture": "#0"},
				"up": {"uv": [8.3125, 6.3125, 8.5, 6.6875], "texture": "#0"},
				"down": {"uv": [8.3125, 6.3125, 8.5, 6.6875], "texture": "#0"}
			}
		},
		{
			"from": [-5.76254, 5, 20.29863],
			"to": [-5.76254, 11, 23.29863],
			"rotation": {"angle": 45, "axis": "y", "origin": [8.02604, 3.25, 8.01005]},
			"faces": {
				"north": {"uv": [8.3125, 6.3125, 8.5, 6.6875], "texture": "#0"},
				"east": {"uv": [8.3125, 6.3125, 8.5, 6.6875], "texture": "#0"},
				"south": {"uv": [8.3125, 6.3125, 8.5, 6.6875], "texture": "#0"},
				"west": {"uv": [8.3125, 6.3125, 8.5, 6.6875], "texture": "#0"},
				"up": {"uv": [8.3125, 6.3125, 8.5, 6.6875], "texture": "#0"},
				"down": {"uv": [8.3125, 6.3125, 8.5, 6.6875], "texture": "#0"}
			}
		},
		{
			"from": [6.52604, 5, 27.51005],
			"to": [9.52604, 11, 27.51005],
			"rotation": {"angle": 45, "axis": "y", "origin": [8.02604, 8, 27.51005]},
			"faces": {
				"north": {"uv": [8.3125, 6.3125, 8.5, 6.6875], "texture": "#0"},
				"east": {"uv": [8.3125, 6.3125, 8.5, 6.6875], "texture": "#0"},
				"south": {"uv": [8.3125, 6.3125, 8.5, 6.6875], "texture": "#0"},
				"west": {"uv": [8.3125, 6.3125, 8.5, 6.6875], "texture": "#0"},
				"up": {"uv": [8.3125, 6.3125, 8.5, 6.6875], "texture": "#0"},
				"down": {"uv": [8.3125, 6.3125, 8.5, 6.6875], "texture": "#0"}
			}
		},
		{
			"from": [-6.76254, -1, 20.79863],
			"to": [-4.76254, 5, 22.79863],
			"rotation": {"angle": 45, "axis": "y", "origin": [8.02604, 3.25, 8.01005]},
			"faces": {
				"north": {"uv": [7.00375, 8.00375, 7.12125, 8.37125], "texture": "#0"},
				"east": {"uv": [7.12875, 8.00375, 7.24625, 8.37125], "texture": "#0"},
				"south": {"uv": [7.25375, 8.00375, 7.37125, 8.37125], "texture": "#0"},
				"west": {"uv": [7.37875, 8.00375, 7.49625, 8.37125], "texture": "#0"},
				"up": {"uv": [8.30875, 1.05875, 8.19125, 0.94125], "texture": "#0"},
				"down": {"uv": [8.30875, 1.06625, 8.19125, 1.18375], "texture": "#0"}
			}
		},
		{
			"from": [21.81462, 5, -7.27853],
			"to": [21.81462, 11, -4.27853],
			"rotation": {"angle": 45, "axis": "y", "origin": [8.02604, 3.25, 8.01005]},
			"faces": {
				"north": {"uv": [8.3125, 6.3125, 8.5, 6.6875], "texture": "#0"},
				"east": {"uv": [8.3125, 6.3125, 8.5, 6.6875], "texture": "#0"},
				"south": {"uv": [8.3125, 6.3125, 8.5, 6.6875], "texture": "#0"},
				"west": {"uv": [8.3125, 6.3125, 8.5, 6.6875], "texture": "#0"},
				"up": {"uv": [8.3125, 6.3125, 8.5, 6.6875], "texture": "#0"},
				"down": {"uv": [8.3125, 6.3125, 8.5, 6.6875], "texture": "#0"}
			}
		},
		{
			"from": [6.52604, 5, -11.48995],
			"to": [9.52604, 11, -11.48995],
			"rotation": {"angle": 45, "axis": "y", "origin": [8.02604, 8, -11.48995]},
			"faces": {
				"north": {"uv": [8.3125, 6.3125, 8.5, 6.6875], "texture": "#0"},
				"east": {"uv": [8.3125, 6.3125, 8.5, 6.6875], "texture": "#0"},
				"south": {"uv": [8.3125, 6.3125, 8.5, 6.6875], "texture": "#0"},
				"west": {"uv": [8.3125, 6.3125, 8.5, 6.6875], "texture": "#0"},
				"up": {"uv": [8.3125, 6.3125, 8.5, 6.6875], "texture": "#0"},
				"down": {"uv": [8.3125, 6.3125, 8.5, 6.6875], "texture": "#0"}
			}
		},
		{
			"from": [20.81462, -1, -6.77853],
			"to": [22.81462, 5, -4.77853],
			"rotation": {"angle": 45, "axis": "y", "origin": [8.02604, 3.25, 8.01005]},
			"faces": {
				"north": {"uv": [7.50375, 8.00375, 7.62125, 8.37125], "texture": "#0"},
				"east": {"uv": [7.62875, 8.00375, 7.74625, 8.37125], "texture": "#0"},
				"south": {"uv": [8.06625, 0.00375, 8.18375, 0.37125], "texture": "#0"},
				"west": {"uv": [8.06625, 0.37875, 8.18375, 0.74625], "texture": "#0"},
				"up": {"uv": [8.30875, 1.30875, 8.19125, 1.19125], "texture": "#0"},
				"down": {"uv": [8.30875, 1.31625, 8.19125, 1.43375], "texture": "#0"}
			}
		},
		{
			"from": [20.31462, 5, 21.79863],
			"to": [23.31462, 11, 21.79863],
			"rotation": {"angle": 0, "axis": "y", "origin": [21.81462, 8, 21.79863]},
			"faces": {
				"north": {"uv": [8.3125, 6.3125, 8.5, 6.6875], "texture": "#0"},
				"east": {"uv": [8.3125, 6.3125, 8.5, 6.6875], "texture": "#0"},
				"south": {"uv": [8.3125, 6.3125, 8.5, 6.6875], "texture": "#0"},
				"west": {"uv": [8.3125, 6.3125, 8.5, 6.6875], "texture": "#0"},
				"up": {"uv": [8.3125, 6.3125, 8.5, 6.6875], "texture": "#0"},
				"down": {"uv": [8.3125, 6.3125, 8.5, 6.6875], "texture": "#0"}
			}
		},
		{
			"from": [21.81462, 5, 20.29863],
			"to": [21.81462, 11, 23.29863],
			"rotation": {"angle": 0, "axis": "y", "origin": [21.81462, 8, 21.79863]},
			"faces": {
				"north": {"uv": [8.3125, 6.3125, 8.5, 6.6875], "texture": "#0"},
				"east": {"uv": [8.3125, 6.3125, 8.5, 6.6875], "texture": "#0"},
				"south": {"uv": [8.3125, 6.3125, 8.5, 6.6875], "texture": "#0"},
				"west": {"uv": [8.3125, 6.3125, 8.5, 6.6875], "texture": "#0"},
				"up": {"uv": [8.3125, 6.3125, 8.5, 6.6875], "texture": "#0"},
				"down": {"uv": [8.3125, 6.3125, 8.5, 6.6875], "texture": "#0"}
			}
		},
		{
			"from": [20.81462, -1, 20.79863],
			"to": [22.81462, 5, 22.79863],
			"rotation": {"angle": 0, "axis": "y", "origin": [8.02604, 3.25, 8.01005]},
			"faces": {
				"north": {"uv": [8.06625, 0.75375, 8.18375, 1.12125], "texture": "#0"},
				"east": {"uv": [8.06625, 1.12875, 8.18375, 1.49625], "texture": "#0"},
				"south": {"uv": [8.06625, 1.50375, 8.18375, 1.87125], "texture": "#0"},
				"west": {"uv": [8.06625, 1.87875, 8.18375, 2.24625], "texture": "#0"},
				"up": {"uv": [8.30875, 1.55875, 8.19125, 1.44125], "texture": "#0"},
				"down": {"uv": [8.30875, 1.56625, 8.19125, 1.68375], "texture": "#0"}
			}
		},
		{
			"from": [-5.76254, 5, -7.27853],
			"to": [-5.76254, 11, -4.27853],
			"rotation": {"angle": 0, "axis": "y", "origin": [-5.76254, 8, -5.77853]},
			"faces": {
				"north": {"uv": [8.3125, 6.3125, 8.5, 6.6875], "texture": "#0"},
				"east": {"uv": [8.3125, 6.3125, 8.5, 6.6875], "texture": "#0"},
				"south": {"uv": [8.3125, 6.3125, 8.5, 6.6875], "texture": "#0"},
				"west": {"uv": [8.3125, 6.3125, 8.5, 6.6875], "texture": "#0"},
				"up": {"uv": [8.3125, 6.3125, 8.5, 6.6875], "texture": "#0"},
				"down": {"uv": [8.3125, 6.3125, 8.5, 6.6875], "texture": "#0"}
			}
		},
		{
			"from": [-7.26254, 5, -5.77853],
			"to": [-4.26254, 11, -5.77853],
			"rotation": {"angle": 0, "axis": "y", "origin": [-5.76254, 8, -5.77853]},
			"faces": {
				"north": {"uv": [8.3125, 6.3125, 8.5, 6.6875], "texture": "#0"},
				"east": {"uv": [8.3125, 6.3125, 8.5, 6.6875], "texture": "#0"},
				"south": {"uv": [8.3125, 6.3125, 8.5, 6.6875], "texture": "#0"},
				"west": {"uv": [8.3125, 6.3125, 8.5, 6.6875], "texture": "#0"},
				"up": {"uv": [8.3125, 6.3125, 8.5, 6.6875], "texture": "#0"},
				"down": {"uv": [8.3125, 6.3125, 8.5, 6.6875], "texture": "#0"}
			}
		},
		{
			"from": [-6.76254, -1, -6.77853],
			"to": [-4.76254, 5, -4.77853],
			"rotation": {"angle": 0, "axis": "y", "origin": [8.02604, 3.25, 8.01005]},
			"faces": {
				"north": {"uv": [8.06625, 2.25375, 8.18375, 2.62125], "texture": "#0"},
				"east": {"uv": [8.06625, 2.62875, 8.18375, 2.99625], "texture": "#0"},
				"south": {"uv": [8.06625, 3.00375, 8.18375, 3.37125], "texture": "#0"},
				"west": {"uv": [8.06625, 3.37875, 8.18375, 3.74625], "texture": "#0"},
				"up": {"uv": [8.30875, 1.80875, 8.19125, 1.69125], "texture": "#0"},
				"down": {"uv": [8.30875, 1.81625, 8.19125, 1.93375], "texture": "#0"}
			}
		},
		{
			"from": [20.31462, 5, 21.79863],
			"to": [23.31462, 11, 21.79863],
			"rotation": {"angle": 45, "axis": "y", "origin": [8.02604, 3.25, 8.01005]},
			"faces": {
				"north": {"uv": [8.3125, 6.3125, 8.5, 6.6875], "texture": "#0"},
				"east": {"uv": [8.3125, 6.3125, 8.5, 6.6875], "texture": "#0"},
				"south": {"uv": [8.3125, 6.3125, 8.5, 6.6875], "texture": "#0"},
				"west": {"uv": [8.3125, 6.3125, 8.5, 6.6875], "texture": "#0"},
				"up": {"uv": [8.3125, 6.3125, 8.5, 6.6875], "texture": "#0"},
				"down": {"uv": [8.3125, 6.3125, 8.5, 6.6875], "texture": "#0"}
			}
		},
		{
			"from": [27.52604, 5, 6.51005],
			"to": [27.52604, 11, 9.51005],
			"rotation": {"angle": 45, "axis": "y", "origin": [27.52604, 8, 8.01005]},
			"faces": {
				"north": {"uv": [8.3125, 6.3125, 8.5, 6.6875], "texture": "#0"},
				"east": {"uv": [8.3125, 6.3125, 8.5, 6.6875], "texture": "#0"},
				"south": {"uv": [8.3125, 6.3125, 8.5, 6.6875], "texture": "#0"},
				"west": {"uv": [8.3125, 6.3125, 8.5, 6.6875], "texture": "#0"},
				"up": {"uv": [8.3125, 6.3125, 8.5, 6.6875], "texture": "#0"},
				"down": {"uv": [8.3125, 6.3125, 8.5, 6.6875], "texture": "#0"}
			}
		},
		{
			"from": [20.81462, -1, 20.79863],
			"to": [22.81462, 5, 22.79863],
			"rotation": {"angle": 45, "axis": "y", "origin": [8.02604, 3.25, 8.01005]},
			"faces": {
				"north": {"uv": [8.06625, 3.75375, 8.18375, 4.12125], "texture": "#0"},
				"east": {"uv": [8.06625, 4.12875, 8.18375, 4.49625], "texture": "#0"},
				"south": {"uv": [8.06625, 4.50375, 8.18375, 4.87125], "texture": "#0"},
				"west": {"uv": [8.06625, 4.87875, 8.18375, 5.24625], "texture": "#0"},
				"up": {"uv": [8.30875, 2.05875, 8.19125, 1.94125], "texture": "#0"},
				"down": {"uv": [8.30875, 2.06625, 8.19125, 2.18375], "texture": "#0"}
			}
		},
		{
			"from": [-5.76254, 5, -7.27853],
			"to": [-5.76254, 11, -4.27853],
			"rotation": {"angle": 45, "axis": "y", "origin": [8.02604, 3.25, 8.01005]},
			"faces": {
				"north": {"uv": [8.3125, 6.3125, 8.5, 6.6875], "texture": "#0"},
				"east": {"uv": [8.3125, 6.3125, 8.5, 6.6875], "texture": "#0"},
				"south": {"uv": [8.3125, 6.3125, 8.5, 6.6875], "texture": "#0"},
				"west": {"uv": [8.3125, 6.3125, 8.5, 6.6875], "texture": "#0"},
				"up": {"uv": [8.3125, 6.3125, 8.5, 6.6875], "texture": "#0"},
				"down": {"uv": [8.3125, 6.3125, 8.5, 6.6875], "texture": "#0"}
			}
		},
		{
			"from": [-12.97396, 5, 8.01005],
			"to": [-9.97396, 11, 8.01005],
			"rotation": {"angle": 45, "axis": "y", "origin": [-11.47396, 8, 8.01005]},
			"faces": {
				"north": {"uv": [8.3125, 6.3125, 8.5, 6.6875], "texture": "#0"},
				"east": {"uv": [8.3125, 6.3125, 8.5, 6.6875], "texture": "#0"},
				"south": {"uv": [8.3125, 6.3125, 8.5, 6.6875], "texture": "#0"},
				"west": {"uv": [8.3125, 6.3125, 8.5, 6.6875], "texture": "#0"},
				"up": {"uv": [8.3125, 6.3125, 8.5, 6.6875], "texture": "#0"},
				"down": {"uv": [8.3125, 6.3125, 8.5, 6.6875], "texture": "#0"}
			}
		},
		{
			"from": [-6.76254, -1, -6.77853],
			"to": [-4.76254, 5, -4.77853],
			"rotation": {"angle": 45, "axis": "y", "origin": [8.02604, 3.25, 8.01005]},
			"faces": {
				"north": {"uv": [8.06625, 5.25375, 8.18375, 5.62125], "texture": "#0"},
				"east": {"uv": [8.12875, 5.62875, 8.24625, 5.99625], "texture": "#0"},
				"south": {"uv": [8.12875, 6.00375, 8.24625, 6.37125], "texture": "#0"},
				"west": {"uv": [8.12875, 6.37875, 8.24625, 6.74625], "texture": "#0"},
				"up": {"uv": [8.30875, 2.30875, 8.19125, 2.19125], "texture": "#0"},
				"down": {"uv": [8.30875, 2.31625, 8.19125, 2.43375], "texture": "#0"}
			}
		},
		{
			"from": [-13.97396, -2, 5.51005],
			"to": [-8.97396, -1, 10.51005],
			"rotation": {"angle": 0, "axis": "y", "origin": [8.02604, 3.25, 8.01005]},
			"faces": {
				"north": {"uv": [8.19125, 0.31625, 8.49625, 0.37125], "texture": "#0"},
				"east": {"uv": [8.19125, 0.37875, 8.49625, 0.43375], "texture": "#0"},
				"south": {"uv": [8.19125, 0.44125, 8.49625, 0.49625], "texture": "#0"},
				"west": {"uv": [8.19125, 0.50375, 8.49625, 0.55875], "texture": "#0"},
				"up": {"uv": [7.43375, 7.99625, 7.12875, 7.69125], "texture": "#0"},
				"down": {"uv": [7.74625, 7.69125, 7.44125, 7.99625], "texture": "#0"}
			}
		},
		{
			"from": [3, -2, -4],
			"to": [13, 4, -4],
			"rotation": {"angle": 22.5, "axis": "y", "origin": [8.02604, 3.25, 8.01005]},
			"faces": {
				"north": {"uv": [5.25375, 5.87875, 5.87125, 6.24625], "texture": "#0"},
				"south": {"uv": [5.87875, 5.87875, 6.49625, 6.24625], "texture": "#0"}
			}
		},
		{
			"from": [8.02533, -16, -12.98924],
			"to": [8.02533, 31, 29.01076],
			"rotation": {"angle": 0, "axis": "y", "origin": [8.02604, 3.25, 8.01005]},
			"faces": {
				"east": {"uv": [0.00375, 0.00375, 2.62125, 2.93375], "texture": "#0"},
				"west": {"uv": [2.62875, 0.00375, 5.24625, 2.93375], "texture": "#0"}
			}
		},
		{
			"from": [-12.97496, -16, 8.01005],
			"to": [29.02504, 31, 8.01005],
			"rotation": {"angle": 45, "axis": "y", "origin": [8.02604, 3.25, 8.01005]},
			"faces": {
				"north": {"uv": [0.00375, 2.94125, 2.62125, 5.87125], "texture": "#0"},
				"south": {"uv": [2.62875, 2.94125, 5.24625, 5.87125], "texture": "#0"}
			}
		},
		{
			"from": [-12.97467, -16, 8.01076],
			"to": [29.02533, 31, 8.01076],
			"rotation": {"angle": 0, "axis": "y", "origin": [8.02604, 3.25, 8.01005]},
			"faces": {
				"north": {"uv": [5.25375, 0.00375, 7.87125, 2.93375], "texture": "#0"},
				"south": {"uv": [5.25375, 2.94125, 7.87125, 5.87125], "texture": "#0"}
			}
		},
		{
			"from": [8.02504, -16, -12.98995],
			"to": [8.02504, 31, 29.01005],
			"rotation": {"angle": 45, "axis": "y", "origin": [8.02604, 3.25, 8.01005]},
			"faces": {
				"east": {"uv": [0.00375, 5.87875, 2.62125, 8.80875], "texture": "#0"},
				"west": {"uv": [2.62875, 5.87875, 5.24625, 8.80875], "texture": "#0"}
			}
		},
		{
			"from": [3, -2, 20],
			"to": [13, 4, 20],
			"rotation": {"angle": 22.5, "axis": "y", "origin": [8.02604, 3.25, 8.01005]},
			"faces": {
				"north": {"uv": [5.25375, 6.25375, 5.87125, 6.62125], "texture": "#0"},
				"south": {"uv": [5.87875, 6.25375, 6.49625, 6.62125], "texture": "#0"}
			}
		},
		{
			"from": [20, -2, 3],
			"to": [20, 4, 13],
			"rotation": {"angle": 22.5, "axis": "y", "origin": [8.02604, 3.25, 8.01005]},
			"faces": {
				"east": {"uv": [6.50375, 5.87875, 7.12125, 6.24625], "texture": "#0"},
				"west": {"uv": [6.50375, 6.25375, 7.12125, 6.62125], "texture": "#0"}
			}
		},
		{
			"from": [-4, -2, 3],
			"to": [-4, 4, 13],
			"rotation": {"angle": 22.5, "axis": "y", "origin": [8.02604, 3.25, 8.01005]},
			"faces": {
				"east": {"uv": [5.25375, 6.62875, 5.87125, 6.99625], "texture": "#0"},
				"west": {"uv": [5.87875, 6.62875, 6.49625, 6.99625], "texture": "#0"}
			}
		},
		{
			"from": [3.00052, -2, -3.97864],
			"to": [13.00052, 4, -3.97864],
			"rotation": {"angle": -22.5, "axis": "y", "origin": [8.02604, 3.25, 8.01005]},
			"faces": {
				"north": {"uv": [6.50375, 6.62875, 7.12125, 6.99625], "texture": "#0"},
				"south": {"uv": [5.25375, 7.00375, 5.87125, 7.37125], "texture": "#0"}
			}
		},
		{
			"from": [20.00052, -2, 3.02136],
			"to": [20.00052, 4, 13.02136],
			"rotation": {"angle": -22.5, "axis": "y", "origin": [8.02604, 3.25, 8.01005]},
			"faces": {
				"east": {"uv": [6.50375, 7.00375, 7.12125, 7.37125], "texture": "#0"},
				"west": {"uv": [5.87875, 7.00375, 6.49625, 7.37125], "texture": "#0"}
			}
		},
		{
			"from": [3.00052, -2, 20.02136],
			"to": [13.00052, 4, 20.02136],
			"rotation": {"angle": -22.5, "axis": "y", "origin": [8.02604, 3.25, 8.01005]},
			"faces": {
				"north": {"uv": [7.12875, 5.87875, 7.74625, 6.24625], "texture": "#0"},
				"south": {"uv": [7.12875, 6.25375, 7.74625, 6.62125], "texture": "#0"}
			}
		},
		{
			"from": [-3.99948, -2, 3.02136],
			"to": [-3.99948, 4, 13.02136],
			"rotation": {"angle": -22.5, "axis": "y", "origin": [8.02604, 3.25, 8.01005]},
			"faces": {
				"east": {"uv": [7.12875, 7.00375, 7.74625, 7.37125], "texture": "#0"},
				"west": {"uv": [7.12875, 6.62875, 7.74625, 6.99625], "texture": "#0"}
			}
		}
	],
	"display": {
		"thirdperson_righthand": {
			"translation": [0, 8, 0],
			"scale": [0.21, 0.21, 0.21]
		},
		"thirdperson_lefthand": {
			"translation": [0, 8, 0],
			"scale": [0.21, 0.21, 0.21]
		},
		"firstperson_righthand": {
			"translation": [0, 5, 0],
			"scale": [0.2, 0.2, 0.2]
		},
		"firstperson_lefthand": {
			"translation": [0, 5, 0],
			"scale": [0.2, 0.2, 0.2]
		},
		"ground": {
			"translation": [0, 4.75, 0]
		},
		"gui": {
			"rotation": [22.5, 22.5, 0],
			"scale": [0.33, 0.33, 0.33]
		},
		"head": {
			"translation": [0, 23.25, 0],
			"scale": [2, 2, 2]
		},
		"fixed": {
			"rotation": [90, 0, 0],
			"translation": [0, 0, -46],
			"scale": [2, 2, 2]
		}
	},
	"groups": [
		{
			"name": "group",
			"origin": [8, 8, 8],
			"color": 0,
			"nbt": "{}",
			"children": [0, 1, 2, 3, 4, 5, 6, 7, 8, 9, 10, 11, 12, 13, 14, 15, 16, 17, 18, 19, 20, 21, 22, 23, 24, 25, 26, 27, 28, 29, 30, 31, 32, 33, 34, 35, 36, 37, 38, 39, 40, 41, 42, 43]
		}
	]
}