{
	"credit": "Made with Blockbench",
	"texture_size": [32, 32],
	"textures": {
		"2": "custom/weapons/gauntlet/irongauntlet"
	},
	"elements": [
		{
			"from": [6.4, 2.76079, 5.35],
			"to": [9.6, 4.25, 10.5],
			"rotation": {"angle": 0, "axis": "y", "origin": [8, 3.36222, 6.12406]},
			"faces": {
				"north": {"uv": [1.5, 5.5, 3, 6.25], "texture": "#2"},
				"east": {"uv": [4.5, 3, 7, 3.75], "texture": "#2"},
				"south": {"uv": [3, 5.5, 4.5, 6.25], "texture": "#2"},
				"west": {"uv": [4.5, 4, 7, 4.75], "texture": "#2"},
				"up": {"uv": [1.5, 2.5, 0, 0], "texture": "#2"},
				"down": {"uv": [3, 0, 1.5, 2.5], "texture": "#2"}
			}
		},
		{
			"from": [6.925, 2.17158, 5.225],
			"to": [9.075, 2.76079, 10.5],
			"rotation": {"angle": 0, "axis": "y", "origin": [8, 3.36222, 6.12406]},
			"faces": {
				"north": {"uv": [7, 6, 8, 6.25], "texture": "#2"},
				"east": {"uv": [7, 1, 9.75, 1.25], "texture": "#2"},
				"south": {"uv": [6.5, 7, 7.5, 7.25], "texture": "#2"},
				"west": {"uv": [7, 1.5, 9.75, 1.75], "texture": "#2"},
				"up": {"uv": [1, 5.25, 0, 2.5], "texture": "#2"},
				"down": {"uv": [2, 2.5, 1, 5.25], "texture": "#2"}
			}
		},
		{
			"name": "head7",
			"from": [8.35772, 4.00826, 6.50678],
			"to": [10.35772, 4.50826, 8.50678],
			"rotation": {"angle": -45, "axis": "y", "origin": [8, 3.36222, 6.12406]},
			"faces": {
				"north": {"uv": [7, 4, 8, 4.25], "texture": "#2"},
				"east": {"uv": [4.5, 7, 5.5, 7.25], "texture": "#2"},
				"south": {"uv": [7, 4.5, 8, 4.75], "texture": "#2"},
				"west": {"uv": [5.5, 7, 6.5, 7.25], "texture": "#2"},
				"up": {"uv": [7, 7, 6, 6], "texture": "#2"},
				"down": {"uv": [1, 6.5, 0, 7.5], "texture": "#2"}
			}
		},
		{
			"from": [6.399, 2.10995, 4.66971],
			"to": [9.601, 4.13495, 5.76971],
			"rotation": {"angle": 22.5, "axis": "x", "origin": [8, 3.36222, 6.12406]},
			"faces": {
				"north": {"uv": [4.5, 5, 6, 6], "texture": "#2"},
				"east": {"uv": [4, 6.5, 4.5, 7.5], "texture": "#2"},
				"south": {"uv": [0, 5.5, 1.5, 6.5], "texture": "#2"},
				"west": {"uv": [7, 2, 7.5, 3], "texture": "#2"},
				"up": {"uv": [4.5, 2.5, 3, 2], "texture": "#2"},
				"down": {"uv": [2.5, 6.5, 1, 7], "texture": "#2"}
			}
		},
		{
			"from": [6.449, 1.36837, 6.235],
			"to": [9.551, 3.24337, 7.235],
			"rotation": {"angle": -22.5, "axis": "x", "origin": [8, 3.36222, 6.12406]},
			"faces": {
				"north": {"uv": [5.5, 0, 7, 1], "texture": "#2"},
				"east": {"uv": [2.5, 7, 3, 8], "texture": "#2"},
				"south": {"uv": [5.5, 1, 7, 2], "texture": "#2"},
				"west": {"uv": [3, 7, 3.5, 8], "texture": "#2"},
				"up": {"uv": [8.5, 1, 7, 0.5], "texture": "#2"},
				"down": {"uv": [2.5, 7, 1, 7.5], "texture": "#2"}
			}
		},
		{
			"from": [6.449, 0.41166, 8.54469],
			"to": [9.551, 2.28666, 9.54469],
			"rotation": {"angle": -22.5, "axis": "x", "origin": [8, 3.36222, 6.12406]},
			"faces": {
				"north": {"uv": [5.5, 0, 7, 1], "texture": "#2"},
				"east": {"uv": [2.5, 7, 3, 8], "texture": "#2"},
				"south": {"uv": [5.5, 1, 7, 2], "texture": "#2"},
				"west": {"uv": [3, 7, 3.5, 8], "texture": "#2"},
				"up": {"uv": [8.5, 1, 7, 0.5], "texture": "#2"},
				"down": {"uv": [2.5, 7, 1, 7.5], "texture": "#2"}
			}
		},
		{
			"from": [8, 3.45496, 0.15538],
			"to": [8, 4.45496, 5.15538],
			"rotation": {"angle": 0, "axis": "x", "origin": [8, 3.36222, 6.12406]},
			"faces": {
				"north": {"uv": [0, 0, 0, 1], "texture": "#2"},
				"east": {"uv": [2, 2.5, 4.5, 3], "texture": "#2"},
				"south": {"uv": [0, 0, 0, 1], "texture": "#2"},
				"west": {"uv": [3, 0, 5.5, 0.5], "texture": "#2"},
				"up": {"uv": [0, 2.5, 0, 0], "texture": "#2"},
				"down": {"uv": [0, 0, 0, 2.5], "texture": "#2"}
			}
		},
		{
			"from": [9, 3.20496, 0.65538],
			"to": [9, 4.20496, 5.65538],
			"rotation": {"angle": 0, "axis": "x", "origin": [8, 3.36222, 6.12406]},
			"faces": {
				"north": {"uv": [0, 0, 0, 1], "texture": "#2"},
				"east": {"uv": [3, 1, 5.5, 1.5], "texture": "#2"},
				"south": {"uv": [0, 0, 0, 1], "texture": "#2"},
				"west": {"uv": [2, 3.5, 4.5, 4], "texture": "#2"},
				"up": {"uv": [0, 2.5, 0, 0], "texture": "#2"},
				"down": {"uv": [0, 0, 0, 2.5], "texture": "#2"}
			}
		},
		{
			"from": [7, 3.20496, 0.65538],
			"to": [7, 4.20496, 5.65538],
			"rotation": {"angle": 0, "axis": "x", "origin": [8, 3.36222, 6.12406]},
			"faces": {
				"north": {"uv": [0, 0, 0, 1], "texture": "#2"},
				"east": {"uv": [2, 4.5, 4.5, 5], "texture": "#2"},
				"south": {"uv": [0, 0, 0, 1], "texture": "#2"},
				"west": {"uv": [4.5, 2, 7, 2.5], "texture": "#2"},
				"up": {"uv": [0, 2.5, 0, 0], "texture": "#2"},
				"down": {"uv": [0, 0, 0, 2.5], "texture": "#2"}
			}
		},
		{
			"from": [6.398, 2.76414, 4.41055],
			"to": [9.603, 4.22664, 5.51055],
			"rotation": {"angle": -45, "axis": "x", "origin": [8, 3.36222, 6.12406]},
			"faces": {
				"north": {"uv": [4.5, 6, 6, 6.75], "texture": "#2"},
				"east": {"uv": [7, 3, 7.5, 3.75], "texture": "#2"},
				"south": {"uv": [6, 5, 7.5, 5.75], "texture": "#2"},
				"west": {"uv": [3.5, 7, 4, 7.75], "texture": "#2"},
				"up": {"uv": [4, 7, 2.5, 6.5], "texture": "#2"},
				"down": {"uv": [8.5, 0, 7, 0.5], "texture": "#2"}
			}
		}
	],
	"gui_light": "front",
	"display": {
		"thirdperson_righthand": {
			"rotation": [0, 0, -90],
			"translation": [7.5, -1.9, 3.5],
			"scale": [1.5, 1.5, 1.5]
		},
		"thirdperson_lefthand": {
			"rotation": [0, 0, -90],
			"translation": [7.5, -1.9, 3.5],
			"scale": [1.5, 1.5, 1.5]
		},
		"firstperson_righthand": {
			"rotation": [10, 9, -44],
			"translation": [8.75, 5.5, 3.5],
			"scale": [1.5, 1.5, 1.5]
		},
		"firstperson_lefthand": {
			"rotation": [10, 9, -44],
			"translation": [8.75, 5.5, 3.5],
			"scale": [1.5, 1.5, 1.5]
		},
		"ground": {
			"rotation": [10, 10, 0],
			"translation": [0, 9.5, 2.25],
			"scale": [1.5, 1.5, 1.5]
		},
		"gui": {
			"rotation": [70, -48, 33],
			"translation": [-4.75, 2.75, 0],
			"scale": [1.5, 1.5, 1.5]
		},
		"head": {
			"rotation": [180, 0, 0],
			"translation": [0, -8.25, 0],
			"scale": [4, 4, 4]
		},
		"fixed": {
			"rotation": [-90, 180, 0],
			"translation": [0, 0, -29.75],
			"scale": [4, 4, 4]
		}
	}
}