{
	"credit": "Made with Blockbench",
	"textures": {
		"0": "custom/weapons/gauntlet/woodgauntlet",
		"particle": "custom/weapons/gauntlet/woodgauntlet"
	},
	"elements": [
		{
			"from": [6.65, 2.83579, 5.35],
			"to": [9.85, 4.25, 10.5],
			"faces": {
				"north": {"uv": [0, 7, 3, 8.5], "texture": "#0"},
				"east": {"uv": [0, 5, 5, 6.5], "texture": "#0"},
				"south": {"uv": [3, 7, 6, 8.5], "texture": "#0"},
				"west": {"uv": [5, 5, 10, 6.5], "texture": "#0"},
				"up": {"uv": [3, 5, 0, 0], "texture": "#0"},
				"down": {"uv": [6, 0, 3, 5], "texture": "#0"}
			}
		},
		{
			"from": [6.55, 1.78579, 6.5],
			"to": [9.95, 1.78579, 7.5],
			"faces": {
				"north": {"uv": [0, 0, 3.5, 0], "texture": "#0"},
				"east": {"uv": [0, 0, 1, 0], "texture": "#0"},
				"south": {"uv": [0, 0, 3.5, 0], "texture": "#0"},
				"west": {"uv": [0, 0, 1, 0], "texture": "#0"},
				"up": {"uv": [9.5, 9, 6, 8], "texture": "#0"},
				"down": {"uv": [3.5, 9, 0, 10], "texture": "#0"}
			}
		},
		{
			"from": [9.95, 1.78579, 6.5],
			"to": [9.95, 4.35, 7.5],
			"faces": {
				"north": {"uv": [0, 0, 0, 2.5], "texture": "#0"},
				"east": {"uv": [8, 10, 9, 12.5], "texture": "#0"},
				"south": {"uv": [0, 0, 0, 2.5], "texture": "#0"},
				"west": {"uv": [9, 10, 10, 12.5], "texture": "#0"},
				"up": {"uv": [0, 1, 0, 0], "texture": "#0"},
				"down": {"uv": [0, 0, 0, 1], "texture": "#0"}
			}
		},
		{
			"from": [6.55, 4.35, 6.5],
			"to": [9.95, 4.35, 7.5],
			"faces": {
				"north": {"uv": [0, 0, 3.5, 0], "texture": "#0"},
				"east": {"uv": [0, 0, 1, 0], "texture": "#0"},
				"south": {"uv": [0, 0, 3.5, 0], "texture": "#0"},
				"west": {"uv": [0, 0, 1, 0], "texture": "#0"},
				"up": {"uv": [9.5, 5, 6, 4], "texture": "#0"},
				"down": {"uv": [9.5, 7, 6, 8], "texture": "#0"}
			}
		},
		{
			"from": [6.55, 1.78579, 6.5],
			"to": [6.55, 4.35, 7.5],
			"faces": {
				"north": {"uv": [0, 0, 0, 2.5], "texture": "#0"},
				"east": {"uv": [3, 10, 4, 12.5], "texture": "#0"},
				"south": {"uv": [0, 0, 0, 2.5], "texture": "#0"},
				"west": {"uv": [10, 4, 11, 6.5], "texture": "#0"},
				"up": {"uv": [0, 1, 0, 0], "texture": "#0"},
				"down": {"uv": [0, 0, 0, 1], "texture": "#0"}
			}
		},
		{
			"from": [6.549, 1.78579, 9.25],
			"to": [6.549, 4.35, 10.25],
			"rotation": {"angle": 0, "axis": "y", "origin": [-0.001, 0, 2.75]},
			"faces": {
				"north": {"uv": [0, 0, 0, 2.5], "texture": "#0"},
				"east": {"uv": [1, 11, 2, 13.5], "texture": "#0"},
				"south": {"uv": [0, 0, 0, 2.5], "texture": "#0"},
				"west": {"uv": [2, 11, 3, 13.5], "texture": "#0"},
				"up": {"uv": [0, 1, 0, 0], "texture": "#0"},
				"down": {"uv": [0, 0, 0, 1], "texture": "#0"}
			}
		},
		{
			"from": [6.549, 4.35, 9.25],
			"to": [9.949, 4.35, 10.25],
			"rotation": {"angle": 0, "axis": "y", "origin": [-0.001, 0, 2.75]},
			"faces": {
				"north": {"uv": [0, 0, 3.5, 0], "texture": "#0"},
				"east": {"uv": [0, 0, 1, 0], "texture": "#0"},
				"south": {"uv": [0, 0, 3.5, 0], "texture": "#0"},
				"west": {"uv": [0, 0, 1, 0], "texture": "#0"},
				"up": {"uv": [12.5, 3, 9, 2], "texture": "#0"},
				"down": {"uv": [12.5, 3, 9, 4], "texture": "#0"}
			}
		},
		{
			"from": [6.549, 1.78579, 9.25],
			"to": [9.949, 1.78579, 10.25],
			"rotation": {"angle": 0, "axis": "y", "origin": [-0.001, 0, 2.75]},
			"faces": {
				"north": {"uv": [0, 0, 3.5, 0], "texture": "#0"},
				"east": {"uv": [0, 0, 1, 0], "texture": "#0"},
				"south": {"uv": [0, 0, 3.5, 0], "texture": "#0"},
				"west": {"uv": [0, 0, 1, 0], "texture": "#0"},
				"up": {"uv": [12.5, 1, 9, 0], "texture": "#0"},
				"down": {"uv": [12.5, 1, 9, 2], "texture": "#0"}
			}
		},
		{
			"from": [9.949, 1.78579, 9.25],
			"to": [9.949, 4.35, 10.25],
			"rotation": {"angle": 0, "axis": "y", "origin": [-0.001, 0, 2.75]},
			"faces": {
				"north": {"uv": [0, 0, 0, 2.5], "texture": "#0"},
				"east": {"uv": [10, 10, 11, 12.5], "texture": "#0"},
				"south": {"uv": [0, 0, 0, 2.5], "texture": "#0"},
				"west": {"uv": [0, 11, 1, 13.5], "texture": "#0"},
				"up": {"uv": [0, 1, 0, 0], "texture": "#0"},
				"down": {"uv": [0, 0, 0, 1], "texture": "#0"}
			}
		},
		{
			"from": [6.651, 2.51746, 4.65538],
			"to": [9.849, 4.51746, 6.65538],
			"rotation": {"angle": 22.5, "axis": "x", "origin": [8.25, 3.51746, 5.15538]},
			"faces": {
				"north": {"uv": [6, 0, 9, 2], "texture": "#0"},
				"east": {"uv": [4, 11, 5, 13], "texture": "#0"},
				"south": {"uv": [6, 2, 9, 4], "texture": "#0"},
				"west": {"uv": [11, 4, 12, 6], "texture": "#0"},
				"up": {"uv": [11, 10, 8, 9], "texture": "#0"},
				"down": {"uv": [3, 10, 0, 11], "texture": "#0"}
			}
		},
		{
			"from": [6.651, 2.18137, 4.87141],
			"to": [9.849, 3.43137, 5.87141],
			"rotation": {"angle": -45, "axis": "x", "origin": [8.25, 2.43137, 5.37141]},
			"faces": {
				"north": {"uv": [6, 0, 9, 2], "texture": "#0"},
				"east": {"uv": [4, 11, 5, 13], "texture": "#0"},
				"south": {"uv": [6, 2, 9, 4], "texture": "#0"},
				"west": {"uv": [11, 4, 12, 6], "texture": "#0"},
				"up": {"uv": [11, 10, 8, 9], "texture": "#0"},
				"down": {"uv": [3, 10, 0, 11], "texture": "#0"}
			}
		},
		{
			"from": [7.726, 3.03771, 7.32821],
			"to": [9.326, 4.23771, 9.32821],
			"rotation": {"angle": -22.5, "axis": "x", "origin": [8.251, 3.63771, 7.47821]},
			"faces": {
				"north": {"uv": [11, 11, 12.5, 12], "texture": "#0"},
				"east": {"uv": [10, 7, 12, 8], "texture": "#0"},
				"south": {"uv": [12, 4, 13.5, 5], "texture": "#0"},
				"west": {"uv": [10, 8, 12, 9], "texture": "#0"},
				"up": {"uv": [5.5, 11, 4, 9], "texture": "#0"},
				"down": {"uv": [7.5, 9, 6, 11], "texture": "#0"}
			}
		}
	],
	"gui_light": "front",
	"display": {
		"thirdperson_righthand": {
			"rotation": [0, 0, -90],
			"translation": [7.5, -1.65, 3.5],
			"scale": [1.5, 1.5, 1.5]
		},
		"thirdperson_lefthand": {
			"rotation": [0, 0, -90],
			"translation": [7.5, -1.65, 3.5],
			"scale": [1.5, 1.5, 1.5]
		},
		"firstperson_righthand": {
			"rotation": [-10, 0, -13],
			"translation": [3.25, 8.25, 0.25],
			"scale": [1.5, 1.5, 1.5]
		},
		"firstperson_lefthand": {
			"rotation": [-10, 0, -13],
			"translation": [3.25, 8.25, 0.25],
			"scale": [1.5, 1.5, 1.5]
		},
		"ground": {
			"rotation": [10, 10, 0],
			"translation": [0, 9.5, 0],
			"scale": [1.5, 1.5, 1.5]
		},
		"gui": {
			"rotation": [83, -14, 21],
			"translation": [-2.75, 1, 0],
			"scale": [1.5, 1.5, 1.5]
		},
		"head": {
			"rotation": [180, 0, 0],
			"translation": [0, -8.25, 0],
			"scale": [4, 4, 4]
		},
		"fixed": {
			"rotation": [-90, 180, 0],
			"translation": [0, 0, -29.75],
			"scale": [4, 4, 4]
		}
	}
}