{
	"credit": "Made with Blockbench",
	"texture_size": [128, 128],
	"citadel": {
		"animation": "blacksmith.gif",
		"slot": 53
	},
	"textures": {
		"0": "custom/ui/shops/blacksmith/bs-1",
		"particle": "custom/ui/shops/blacksmith/bs-1"
	},
	"elements": [
		{
			"name": "PlaneX1",
			"from": [16, 0, -16],
			"to": [16.001, 32, 32],
			"rotation": {"angle": 0, "axis": "y", "origin": [16, 0, -16]},
			"faces": {
				"east": {"uv": [0, 0, 8, 16], "texture": "#0"},
				"west": {"uv": [0, 0, 12, 16], "texture": "#0"}
			}
		}
	],
	"gui_light": "front",
	"display": {
		"gui": {
			"rotation": [0, 90, 0],
			"translation": [-60, 31, 0],
			"scale": [4, 4, 4]
		}
	}
}