{
	"credit": "Made with Blockbench",
	"texture_size": [128, 128],
	"textures": {
		"3": "custom/environment/decor/chair/darkoakchair"
	},
	"elements": [
		{
			"from": [3, 8, 3],
			"to": [13, 10, 13],
			"faces": {
				"north": {"uv": [2, 9, 3.25, 9.25], "texture": "#3"},
				"east": {"uv": [2, 9.25, 3.25, 9.5], "texture": "#3"},
				"south": {"uv": [2, 9.5, 3.25, 9.75], "texture": "#3"},
				"west": {"uv": [2, 9.75, 3.25, 10], "texture": "#3"},
				"up": {"uv": [1.25, 9.25, 0, 8], "texture": "#3"},
				"down": {"uv": [1.25, 9.25, 0, 10.5], "texture": "#3"}
			}
		},
		{
			"from": [11, 8.8603, 11.20699],
			"to": [12.5, 18.8603, 12.70699],
			"rotation": {"angle": 0, "axis": "y", "origin": [8, 14.8603, 14.75699]},
			"faces": {
				"north": {"uv": [2, 10, 2.25, 11.25], "texture": "#3"},
				"east": {"uv": [2.25, 10, 2.5, 11.25], "texture": "#3"},
				"south": {"uv": [0, 10.5, 0.25, 11.75], "texture": "#3"},
				"west": {"uv": [0.25, 10.5, 0.5, 11.75], "texture": "#3"},
				"up": {"uv": [3.75, 11.25, 3.5, 11], "texture": "#3"},
				"down": {"uv": [4, 11, 3.75, 11.25], "texture": "#3"}
			}
		},
		{
			"from": [5, 8.8603, 11.95699],
			"to": [11, 18.8603, 11.95699],
			"rotation": {"angle": 0, "axis": "y", "origin": [8, 14.8603, 14.75699]},
			"faces": {
				"north": {"uv": [1.25, 8, 2, 9.25], "texture": "#3"},
				"east": {"uv": [0, 8, 0, 9.25], "texture": "#3"},
				"south": {"uv": [1.25, 9.25, 2, 10.5], "texture": "#3"},
				"west": {"uv": [0, 8, 0, 9.25], "texture": "#3"},
				"up": {"uv": [0.75, 8, 0, 8], "texture": "#3"},
				"down": {"uv": [0.75, 8, 0, 8], "texture": "#3"}
			}
		},
		{
			"from": [2.5, 18.8353, 11.20699],
			"to": [13.5, 20.6103, 12.70699],
			"rotation": {"angle": 0, "axis": "y", "origin": [12, 13.8603, 11.95699]},
			"faces": {
				"north": {"uv": [2, 8, 3.375, 8.25], "texture": "#3"},
				"east": {"uv": [3.875, 9.25, 4.125, 9.5], "texture": "#3"},
				"south": {"uv": [2, 8.25, 3.375, 8.5], "texture": "#3"},
				"west": {"uv": [3.875, 9.5, 4.125, 9.75], "texture": "#3"},
				"up": {"uv": [3.375, 8.75, 2, 8.5], "texture": "#3"},
				"down": {"uv": [3.375, 8.75, 2, 9], "texture": "#3"}
			}
		},
		{
			"from": [4.5, 20.5603, 11.20699],
			"to": [11.5, 22.3353, 12.70699],
			"rotation": {"angle": 0, "axis": "y", "origin": [12, 12.8603, 11.95699]},
			"faces": {
				"north": {"uv": [3.25, 11.25, 4.125, 11.5], "texture": "#3"},
				"east": {"uv": [1.25, 12.125, 1.5, 12.375], "texture": "#3"},
				"south": {"uv": [3.375, 8, 4.25, 8.25], "texture": "#3"},
				"west": {"uv": [4.125, 9.25, 4.375, 9.5], "texture": "#3"},
				"up": {"uv": [4.25, 8.5, 3.375, 8.25], "texture": "#3"},
				"down": {"uv": [4.25, 8.5, 3.375, 8.75], "texture": "#3"}
			}
		},
		{
			"from": [3.5, 8.8603, 11.20699],
			"to": [5, 18.8603, 12.70699],
			"rotation": {"angle": 0, "axis": "y", "origin": [8, 14.8603, 14.75699]},
			"faces": {
				"north": {"uv": [0.5, 10.5, 0.75, 11.75], "texture": "#3"},
				"east": {"uv": [0.75, 10.5, 1, 11.75], "texture": "#3"},
				"south": {"uv": [1, 10.5, 1.25, 11.75], "texture": "#3"},
				"west": {"uv": [1.25, 10.5, 1.5, 11.75], "texture": "#3"},
				"up": {"uv": [4.125, 9, 3.875, 8.75], "texture": "#3"},
				"down": {"uv": [4.125, 9, 3.875, 9.25], "texture": "#3"}
			}
		},
		{
			"from": [3.75, -0.3147, 3.85699],
			"to": [5.25, 8.9603, 5.43199],
			"rotation": {"angle": 0, "axis": "y", "origin": [8, 14.8603, 14.75699]},
			"faces": {
				"north": {"uv": [8, 0, 8.5, 2.25], "texture": "#3"},
				"east": {"uv": [8.5, 0, 9, 2.25], "texture": "#3"},
				"south": {"uv": [9, 0, 9.5, 2.25], "texture": "#3"},
				"west": {"uv": [9.5, 0, 10, 2.25], "texture": "#3"},
				"up": {"uv": [10, 3.5, 9.5, 3], "texture": "#3"},
				"down": {"uv": [11.5, 1.5, 11, 2], "texture": "#3"}
			}
		},
		{
			"from": [10.75, -0.3147, 3.85699],
			"to": [12.25, 8.9603, 5.43199],
			"rotation": {"angle": 0, "axis": "y", "origin": [8, 14.8603, 14.75699]},
			"faces": {
				"north": {"uv": [10, 0, 10.5, 2.25], "texture": "#3"},
				"east": {"uv": [8, 2.25, 8.5, 4.5], "texture": "#3"},
				"south": {"uv": [8.5, 2.25, 9, 4.5], "texture": "#3"},
				"west": {"uv": [9, 2.25, 9.5, 4.5], "texture": "#3"},
				"up": {"uv": [10.5, 3.5, 10, 3], "texture": "#3"},
				"down": {"uv": [11.5, 2, 11, 2.5], "texture": "#3"}
			}
		},
		{
			"from": [10.5, 5.6853, 3.60699],
			"to": [12.5, 8.9603, 5.68199],
			"rotation": {"angle": 0, "axis": "y", "origin": [8, 14.8603, 14.75699]},
			"faces": {
				"north": {"uv": [10.5, 1.5, 11, 2.25], "texture": "#3"},
				"east": {"uv": [10.5, 2.25, 11, 3], "texture": "#3"},
				"south": {"uv": [11, 0, 11.5, 0.75], "texture": "#3"},
				"west": {"uv": [11, 0.75, 11.5, 1.5], "texture": "#3"},
				"up": {"uv": [11.5, 3.5, 11, 3], "texture": "#3"},
				"down": {"uv": [12, 0, 11.5, 0.5], "texture": "#3"}
			}
		},
		{
			"from": [3.5, 5.6853, 3.60699],
			"to": [5.5, 8.9603, 5.68199],
			"rotation": {"angle": 0, "axis": "y", "origin": [8, 14.8603, 14.75699]},
			"faces": {
				"north": {"uv": [9.5, 2.25, 10, 3], "texture": "#3"},
				"east": {"uv": [10, 2.25, 10.5, 3], "texture": "#3"},
				"south": {"uv": [10.5, 0, 11, 0.75], "texture": "#3"},
				"west": {"uv": [10.5, 0.75, 11, 1.5], "texture": "#3"},
				"up": {"uv": [11, 3.5, 10.5, 3], "texture": "#3"},
				"down": {"uv": [11.5, 2.5, 11, 3], "texture": "#3"}
			}
		},
		{
			"from": [3.5, 2.6853, 3.60699],
			"to": [5.5, 3.9603, 5.68199],
			"rotation": {"angle": 0, "axis": "y", "origin": [8, 14.8603, 14.75699]},
			"faces": {
				"north": {"uv": [10, 3.5, 10.5, 3.75], "texture": "#3"},
				"east": {"uv": [11.5, 2, 12, 2.25], "texture": "#3"},
				"south": {"uv": [11.5, 2.25, 12, 2.5], "texture": "#3"},
				"west": {"uv": [10.5, 3.5, 11, 3.75], "texture": "#3"},
				"up": {"uv": [12, 1, 11.5, 0.5], "texture": "#3"},
				"down": {"uv": [12, 1, 11.5, 1.5], "texture": "#3"}
			}
		},
		{
			"from": [10.5, 2.6853, 3.60699],
			"to": [12.5, 3.9603, 5.68199],
			"rotation": {"angle": 0, "axis": "y", "origin": [8, 14.8603, 14.75699]},
			"faces": {
				"north": {"uv": [11.5, 2.5, 12, 2.75], "texture": "#3"},
				"east": {"uv": [11.5, 2.75, 12, 3], "texture": "#3"},
				"south": {"uv": [11, 3.5, 11.5, 3.75], "texture": "#3"},
				"west": {"uv": [11.5, 3, 12, 3.25], "texture": "#3"},
				"up": {"uv": [10, 4, 9.5, 3.5], "texture": "#3"},
				"down": {"uv": [12, 1.5, 11.5, 2], "texture": "#3"}
			}
		},
		{
			"from": [3.5, 2.6853, 12.31801],
			"to": [5.5, 3.9603, 14.31801],
			"rotation": {"angle": -22.5, "axis": "x", "origin": [8, 3.3228, 11.39301]},
			"faces": {
				"north": {"uv": [5, 4.5, 5.5, 4.75], "texture": "#3"},
				"east": {"uv": [5, 4.75, 5.5, 5], "texture": "#3"},
				"south": {"uv": [5, 5, 5.5, 5.25], "texture": "#3"},
				"west": {"uv": [0, 5.25, 0.5, 5.5], "texture": "#3"},
				"up": {"uv": [2, 5.5, 1.5, 5], "texture": "#3"},
				"down": {"uv": [5.5, 1.5, 5, 2], "texture": "#3"}
			}
		},
		{
			"from": [10.5, 2.6853, 12.31801],
			"to": [12.5, 3.9603, 14.31801],
			"rotation": {"angle": -22.5, "axis": "x", "origin": [8, 3.3228, 11.39301]},
			"faces": {
				"north": {"uv": [4, 5, 4.5, 5.25], "texture": "#3"},
				"east": {"uv": [5, 4, 5.5, 4.25], "texture": "#3"},
				"south": {"uv": [5, 4.25, 5.5, 4.5], "texture": "#3"},
				"west": {"uv": [4.5, 5, 5, 5.25], "texture": "#3"},
				"up": {"uv": [5, 4, 4.5, 3.5], "texture": "#3"},
				"down": {"uv": [4.5, 4.5, 4, 5], "texture": "#3"}
			}
		},
		{
			"from": [3.5, 5.6853, 10.79301],
			"to": [5.5, 8.9603, 12.79301],
			"rotation": {"angle": -22.5, "axis": "x", "origin": [4.5, 7.3228, 11.39301]},
			"faces": {
				"north": {"uv": [0, 4.5, 0.5, 5.25], "texture": "#3"},
				"east": {"uv": [4.5, 0, 5, 0.75], "texture": "#3"},
				"south": {"uv": [0.5, 4.5, 1, 5.25], "texture": "#3"},
				"west": {"uv": [4.5, 0.75, 5, 1.5], "texture": "#3"},
				"up": {"uv": [5.5, 0.5, 5, 0], "texture": "#3"},
				"down": {"uv": [5.5, 0.5, 5, 1], "texture": "#3"}
			}
		},
		{
			"from": [10.5, 5.6853, 10.79301],
			"to": [12.5, 8.9603, 12.79301],
			"rotation": {"angle": -22.5, "axis": "x", "origin": [11.5, 7.3228, 11.39301]},
			"faces": {
				"north": {"uv": [4, 1.5, 4.5, 2.25], "texture": "#3"},
				"east": {"uv": [4, 2.25, 4.5, 3], "texture": "#3"},
				"south": {"uv": [4, 3, 4.5, 3.75], "texture": "#3"},
				"west": {"uv": [4, 3.75, 4.5, 4.5], "texture": "#3"},
				"up": {"uv": [5, 3.5, 4.5, 3], "texture": "#3"},
				"down": {"uv": [4, 4.5, 3.5, 5], "texture": "#3"}
			}
		},
		{
			"from": [10.75, -0.3147, 12.33199],
			"to": [12.25, 8.9603, 13.83199],
			"rotation": {"angle": -22.5, "axis": "x", "origin": [8, 4.3228, 13.08199]},
			"faces": {
				"north": {"uv": [2, 0, 2.5, 2.25], "texture": "#3"},
				"east": {"uv": [0, 2.25, 0.5, 4.5], "texture": "#3"},
				"south": {"uv": [0.5, 2.25, 1, 4.5], "texture": "#3"},
				"west": {"uv": [1, 2.25, 1.5, 4.5], "texture": "#3"},
				"up": {"uv": [5, 4.5, 4.5, 4], "texture": "#3"},
				"down": {"uv": [5, 4.5, 4.5, 5], "texture": "#3"}
			}
		},
		{
			"from": [3.75, -0.3147, 12.33199],
			"to": [5.25, 8.9603, 13.83199],
			"rotation": {"angle": -22.5, "axis": "x", "origin": [8, 4.3228, 13.08199]},
			"faces": {
				"north": {"uv": [1.5, 2.25, 2, 4.5], "texture": "#3"},
				"east": {"uv": [2, 2.25, 2.5, 4.5], "texture": "#3"},
				"south": {"uv": [2.5, 0, 3, 2.25], "texture": "#3"},
				"west": {"uv": [2.5, 2.25, 3, 4.5], "texture": "#3"},
				"up": {"uv": [1.5, 5.5, 1, 5], "texture": "#3"},
				"down": {"uv": [5.5, 1, 5, 1.5], "texture": "#3"}
			}
		}
	],
	"gui_light": "front",
	"display": {
		"gui": {
			"rotation": [-180, 50.5, -180],
			"translation": [-0.75, -1.75, 0],
			"scale": [0.7, 0.7, 0.7]
		},
		"fixed": {
			"rotation": [-84.75, 0, 0],
			"translation": [0, 0, -15.75],
			"scale": [2, 2, 2]
		}
	}
}