{
	"credit": "Made with Blockbench",
	"texture_size": [64, 64],
	"textures": {
		"0": "custom/environment/decor/chair/oakchair",
		"particle": "custom/environment/decor/chair/oakchair"
	},
	"elements": [
		{
			"from": [3, 8, 3],
			"to": [13, 10, 13],
			"faces": {
				"north": {"uv": [4, 3, 6.5, 3.5], "texture": "#0"},
				"east": {"uv": [4, 3.5, 6.5, 4], "texture": "#0"},
				"south": {"uv": [4, 4, 6.5, 4.5], "texture": "#0"},
				"west": {"uv": [4, 4.5, 6.5, 5], "texture": "#0"},
				"up": {"uv": [2.5, 2.5, 0, 0], "texture": "#0"},
				"down": {"uv": [2.5, 2.5, 0, 5], "texture": "#0"}
			}
		},
		{
			"from": [10.75, 8.8603, 10.95699],
			"to": [12.75, 18.8603, 12.95699],
			"rotation": {"angle": 0, "axis": "y", "origin": [8, 14.8603, 14.75699]},
			"faces": {
				"north": {"uv": [0, 5, 0.5, 7.5], "texture": "#0"},
				"east": {"uv": [0.5, 5, 1, 7.5], "texture": "#0"},
				"south": {"uv": [1, 5, 1.5, 7.5], "texture": "#0"},
				"west": {"uv": [1.5, 5, 2, 7.5], "texture": "#0"},
				"up": {"uv": [6.5, 7.75, 6, 7.25], "texture": "#0"},
				"down": {"uv": [2, 7.5, 1.5, 8], "texture": "#0"}
			}
		},
		{
			"from": [5, 8.8603, 11.95699],
			"to": [11, 18.8603, 11.95699],
			"rotation": {"angle": 0, "axis": "y", "origin": [8, 14.8603, 14.75699]},
			"faces": {
				"north": {"uv": [2.5, 0, 4, 2.5], "texture": "#0"},
				"east": {"uv": [0, 0, 0, 2.5], "texture": "#0"},
				"south": {"uv": [2.5, 2.5, 4, 5], "texture": "#0"},
				"west": {"uv": [0, 0, 0, 2.5], "texture": "#0"},
				"up": {"uv": [1.5, 0, 0, 0], "texture": "#0"},
				"down": {"uv": [1.5, 0, 0, 0], "texture": "#0"}
			}
		},
		{
			"from": [2.5, 18.6103, 10.70699],
			"to": [13.5, 21.1103, 13.20699],
			"rotation": {"angle": 0, "axis": "y", "origin": [12, 13.8603, 11.95699]},
			"faces": {
				"north": {"uv": [4, 0, 6.75, 0.75], "texture": "#0"},
				"east": {"uv": [0, 7.5, 0.75, 8.25], "texture": "#0"},
				"south": {"uv": [4, 0.75, 6.75, 1.5], "texture": "#0"},
				"west": {"uv": [0.75, 7.5, 1.5, 8.25], "texture": "#0"},
				"up": {"uv": [6.75, 2.25, 4, 1.5], "texture": "#0"},
				"down": {"uv": [6.75, 2.25, 4, 3], "texture": "#0"}
			}
		},
		{
			"from": [3.25, 8.8603, 10.95699],
			"to": [5.25, 18.8603, 12.95699],
			"rotation": {"angle": 0, "axis": "y", "origin": [8, 14.8603, 14.75699]},
			"faces": {
				"north": {"uv": [2, 5, 2.5, 7.5], "texture": "#0"},
				"east": {"uv": [2.5, 5, 3, 7.5], "texture": "#0"},
				"south": {"uv": [3, 5, 3.5, 7.5], "texture": "#0"},
				"west": {"uv": [3.5, 5, 4, 7.5], "texture": "#0"},
				"up": {"uv": [2.5, 8, 2, 7.5], "texture": "#0"},
				"down": {"uv": [8, 2.25, 7.5, 2.75], "texture": "#0"}
			}
		},
		{
			"from": [3.5, -0.3147, 3.60699],
			"to": [5.5, 8.9603, 5.60699],
			"rotation": {"angle": 0, "axis": "y", "origin": [8, 14.8603, 14.75699]},
			"faces": {
				"north": {"uv": [6, 5, 6.5, 7.25], "texture": "#0"},
				"east": {"uv": [6.5, 3, 7, 5.25], "texture": "#0"},
				"south": {"uv": [6.5, 5.25, 7, 7.5], "texture": "#0"},
				"west": {"uv": [6.75, 0, 7.25, 2.25], "texture": "#0"},
				"up": {"uv": [3.5, 8, 3, 7.5], "texture": "#0"},
				"down": {"uv": [8, 3.25, 7.5, 3.75], "texture": "#0"}
			}
		},
		{
			"from": [10.5, -0.3147, 3.60699],
			"to": [12.5, 8.9603, 5.60699],
			"rotation": {"angle": 0, "axis": "y", "origin": [8, 14.8603, 14.75699]},
			"faces": {
				"north": {"uv": [4, 5, 4.5, 7.25], "texture": "#0"},
				"east": {"uv": [4.5, 5, 5, 7.25], "texture": "#0"},
				"south": {"uv": [5, 5, 5.5, 7.25], "texture": "#0"},
				"west": {"uv": [5.5, 5, 6, 7.25], "texture": "#0"},
				"up": {"uv": [3, 8, 2.5, 7.5], "texture": "#0"},
				"down": {"uv": [8, 2.75, 7.5, 3.25], "texture": "#0"}
			}
		},
		{
			"from": [10.5, -0.3147, 12.08199],
			"to": [12.5, 8.9603, 14.08199],
			"rotation": {"angle": -22.5, "axis": "x", "origin": [8, 4.3228, 13.08199]},
			"faces": {
				"north": {"uv": [4, 7.25, 4.5, 9.5], "texture": "#0"},
				"east": {"uv": [4.5, 7.25, 5, 9.5], "texture": "#0"},
				"south": {"uv": [5, 7.25, 5.5, 9.5], "texture": "#0"},
				"west": {"uv": [5.5, 7.25, 6, 9.5], "texture": "#0"},
				"up": {"uv": [8, 4.75, 7.5, 4.25], "texture": "#0"},
				"down": {"uv": [8, 4.75, 7.5, 5.25], "texture": "#0"}
			}
		},
		{
			"from": [3.5, -0.3147, 12.08199],
			"to": [5.5, 8.9603, 14.08199],
			"rotation": {"angle": -22.5, "axis": "x", "origin": [8, 4.3228, 13.08199]},
			"faces": {
				"north": {"uv": [7, 2.25, 7.5, 4.5], "texture": "#0"},
				"east": {"uv": [7, 4.5, 7.5, 6.75], "texture": "#0"},
				"south": {"uv": [7, 6.75, 7.5, 9], "texture": "#0"},
				"west": {"uv": [7.25, 0, 7.75, 2.25], "texture": "#0"},
				"up": {"uv": [4, 8, 3.5, 7.5], "texture": "#0"},
				"down": {"uv": [8, 3.75, 7.5, 4.25], "texture": "#0"}
			}
		}
	],
	"gui_light": "front",
	"display": {
		"gui": {
			"rotation": [-180, 50.5, -180],
			"translation": [-1, -1.5, 0],
			"scale": [0.7, 0.7, 0.7]
		},
		"fixed": {
			"rotation": [-84.75, 0, 0],
			"translation": [0, 0, -15.75],
			"scale": [2, 2, 2]
		}
	}
}