{
	"credit": "Made with Blockbench",
	"texture_size": [32, 32],
	"textures": {
		"0": "custom/weapons/sword/goldkatana",
		"particle": "custom/weapons/sword/goldkatana"
	},
	"elements": [
		{
			"from": [7.56, 0.66008, 7.55961],
			"to": [8.44, 4.18008, 8.43961],
			"rotation": {"angle": 0, "axis": "y", "origin": [8, 9.58428, 7.9993]},
			"faces": {
				"north": {"uv": [4.03, 0.03, 4.97, 3.97], "texture": "#0"},
				"east": {"uv": [4.03, 4.03, 4.97, 7.97], "texture": "#0"},
				"south": {"uv": [5.03, 0.03, 5.97, 3.97], "texture": "#0"},
				"west": {"uv": [5.03, 4.03, 5.97, 7.97], "texture": "#0"}
			}
		},
		{
			"from": [13.74149, 2.96279, 7.55917],
			"to": [14.62149, 3.84279, 8.44005],
			"rotation": {"angle": -45, "axis": "z", "origin": [8, 9.58428, 7.9993]},
			"faces": {
				"north": {"uv": [5.03, 8.03, 5.97, 8.97], "texture": "#0"},
				"east": {"uv": [7.53, 8.03, 8.47, 8.97], "texture": "#0"},
				"south": {"uv": [8.53, 8.03, 9.47, 8.97], "texture": "#0"},
				"west": {"uv": [9.03, 3.03, 9.97, 3.97], "texture": "#0"},
				"up": {"uv": [4.97, 9.97, 4.03, 9.03], "texture": "#0"},
				"down": {"uv": [9.97, 4.03, 9.03, 4.97], "texture": "#0"}
			}
		},
		{
			"from": [10.66149, 6.02808, 7.55917],
			"to": [11.54149, 6.90808, 8.44005],
			"rotation": {"angle": -45, "axis": "z", "origin": [8, 9.58428, 7.9993]},
			"faces": {
				"north": {"uv": [5.03, 9.03, 5.97, 9.97], "texture": "#0"},
				"east": {"uv": [9.03, 5.03, 9.97, 5.97], "texture": "#0"},
				"south": {"uv": [6.03, 9.03, 6.97, 9.97], "texture": "#0"},
				"west": {"uv": [7.03, 9.03, 7.97, 9.97], "texture": "#0"},
				"up": {"uv": [9.97, 7.97, 9.03, 7.03], "texture": "#0"},
				"down": {"uv": [8.97, 9.03, 8.03, 9.97], "texture": "#0"}
			}
		},
		{
			"from": [14.18149, 1.64279, 7.99917],
			"to": [15.94149, 3.40279, 8.00005],
			"rotation": {"angle": -45, "axis": "z", "origin": [8, 9.58428, 7.9993]},
			"faces": {
				"north": {"uv": [12.03, 6.53, 13.97, 8.47], "texture": "#0"},
				"east": {"uv": [0.03, 0.03, -0.05, 1.47], "texture": "#0"},
				"south": {"uv": [12.03, 4.53, 13.97, 6.47], "texture": "#0"},
				"west": {"uv": [0.03, 0.03, -0.05, 1.47], "texture": "#0"},
				"up": {"uv": [1.47, 0.03, 0.03, -0.05], "texture": "#0"},
				"down": {"uv": [1.47, 0.03, 0.03, -0.05], "texture": "#0"}
			}
		},
		{
			"from": [7.34044, 4.62008, 7.77961],
			"to": [8.66044, 18.26008, 8.21961],
			"rotation": {"angle": 0, "axis": "y", "origin": [8, 9.58428, 7.9993]},
			"faces": {
				"north": {"uv": [0.03, 0.03, 1.47, 15.47], "texture": "#0"},
				"east": {"uv": [3.03, 0.03, 3.47, 15.47], "texture": "#0"},
				"south": {"uv": [1.53, 0.03, 2.97, 15.47], "texture": "#0"},
				"west": {"uv": [3.53, 0.03, 3.97, 15.47], "texture": "#0"},
				"up": {"uv": [10.97, 10.47, 9.53, 10.03], "texture": "#0"}
			}
		},
		{
			"from": [11.49025, 17.34693, 7.77917],
			"to": [11.93025, 18.66693, 8.22005],
			"rotation": {"angle": 22.5, "axis": "z", "origin": [8, 9.58428, 7.9993]},
			"faces": {
				"north": {"uv": [10.53, 3.03, 10.97, 4.47], "texture": "#0"},
				"east": {"uv": [9.53, 10.53, 9.97, 11.97], "texture": "#0"},
				"south": {"uv": [10.03, 10.53, 10.47, 11.97], "texture": "#0"},
				"west": {"uv": [10.53, 10.53, 10.97, 11.97], "texture": "#0"},
				"up": {"uv": [11.47, 9.97, 11.03, 9.53], "texture": "#0"},
				"down": {"uv": [11.47, 10.03, 11.03, 10.47], "texture": "#0"}
			}
		},
		{
			"from": [7.34086, 18.2476, 7.77961],
			"to": [8.22086, 19.2596, 8.21873],
			"rotation": {"angle": 0, "axis": "y", "origin": [8, 9.58428, 7.9993]},
			"faces": {
				"north": {"uv": [9.03, 9.03, 9.97, 9.97], "texture": "#0"},
				"south": {"uv": [9.53, 0.03, 10.47, 0.97], "texture": "#0"},
				"west": {"uv": [10.53, 8.03, 10.97, 8.97], "texture": "#0"},
				"up": {"uv": [11.47, 0.97, 10.53, 0.53], "texture": "#0"}
			}
		},
		{
			"from": [7.3413, 19.0396, 7.77965],
			"to": [8.1553, 19.4796, 8.21833],
			"rotation": {"angle": 0, "axis": "y", "origin": [8, 9.58428, 7.9993]},
			"faces": {
				"north": {"uv": [11.03, 3.03, 11.97, 3.47], "texture": "#0"},
				"south": {"uv": [11.03, 3.53, 11.97, 3.97], "texture": "#0"},
				"west": {"uv": [11.03, 11.03, 11.47, 11.47], "texture": "#0"},
				"up": {"uv": [11.97, 4.47, 11.03, 4.03], "texture": "#0"}
			}
		},
		{
			"from": [7.12, 4.18008, 7.11961],
			"to": [8.88, 4.62008, 8.87961],
			"rotation": {"angle": 0, "axis": "y", "origin": [8, 9.58428, 7.9993]},
			"faces": {
				"north": {"uv": [9.53, 1.03, 11.47, 1.47], "texture": "#0"},
				"east": {"uv": [9.53, 1.53, 11.47, 1.97], "texture": "#0"},
				"south": {"uv": [9.53, 2.03, 11.47, 2.47], "texture": "#0"},
				"west": {"uv": [9.53, 2.53, 11.47, 2.97], "texture": "#0"},
				"up": {"uv": [7.97, 1.97, 6.03, 0.03], "texture": "#0"},
				"down": {"uv": [7.97, 2.03, 6.03, 3.97], "texture": "#0"}
			}
		},
		{
			"from": [6.68, 4.18052, 7.55961],
			"to": [9.32, 4.61964, 8.43961],
			"rotation": {"angle": 0, "axis": "y", "origin": [8, 9.58428, 7.9993]},
			"faces": {
				"north": {"uv": [7.53, 6.03, 10.47, 6.47], "texture": "#0"},
				"south": {"uv": [7.53, 6.53, 10.47, 6.97], "texture": "#0"},
				"up": {"uv": [8.97, 4.97, 6.03, 4.03], "texture": "#0"},
				"down": {"uv": [8.97, 5.03, 6.03, 5.97], "texture": "#0"}
			}
		},
		{
			"from": [9.50313, 2.23739, 7.77961],
			"to": [9.94225, 3.99739, 8.21961],
			"rotation": {"angle": 0, "axis": "y", "origin": [8, 9.58428, 7.9993]},
			"faces": {
				"north": {"uv": [10.03, 3.03, 10.47, 4.97], "texture": "#0"},
				"east": {"uv": [4.03, 10.03, 4.47, 11.97], "texture": "#0"},
				"south": {"uv": [4.53, 10.03, 4.97, 11.97], "texture": "#0"},
				"west": {"uv": [5.03, 10.03, 5.47, 11.97], "texture": "#0"},
				"down": {"uv": [11.97, 1.03, 11.53, 1.47], "texture": "#0"}
			}
		},
		{
			"from": [6.05775, 4.80277, 7.77961],
			"to": [6.49687, 6.56277, 8.21961],
			"rotation": {"angle": 0, "axis": "y", "origin": [8, 9.58428, 7.9993]},
			"faces": {
				"north": {"uv": [5.53, 10.03, 5.97, 11.97], "texture": "#0"},
				"east": {"uv": [6.03, 10.03, 6.47, 11.97], "texture": "#0"},
				"south": {"uv": [6.53, 10.03, 6.97, 11.97], "texture": "#0"},
				"west": {"uv": [7.03, 10.03, 7.47, 11.97], "texture": "#0"},
				"up": {"uv": [11.97, 1.97, 11.53, 1.53], "texture": "#0"}
			}
		},
		{
			"from": [12.44391, 6.56801, 7.55961],
			"to": [13.32391, 7.00713, 8.43961],
			"rotation": {"angle": -45, "axis": "z", "origin": [8, 9.58428, 7.9993]},
			"faces": {
				"north": {"uv": [11.03, 6.53, 11.97, 6.97], "texture": "#0"},
				"east": {"uv": [11.03, 7.03, 11.97, 7.47], "texture": "#0"},
				"south": {"uv": [7.53, 11.03, 8.47, 11.47], "texture": "#0"},
				"up": {"uv": [10.47, 8.97, 9.53, 8.03], "texture": "#0"},
				"down": {"uv": [10.97, 5.03, 10.03, 5.97], "texture": "#0"}
			}
		},
		{
			"from": [10.00765, 4.82986, 7.55961],
			"to": [10.88765, 5.26898, 8.43961],
			"rotation": {"angle": -45, "axis": "z", "origin": [8, 9.58428, 7.9993]},
			"faces": {
				"north": {"uv": [11.03, 8.03, 11.97, 8.47], "texture": "#0"},
				"south": {"uv": [11.03, 8.53, 11.97, 8.97], "texture": "#0"},
				"west": {"uv": [11.03, 9.03, 11.97, 9.47], "texture": "#0"},
				"up": {"uv": [10.97, 7.97, 10.03, 7.03], "texture": "#0"},
				"down": {"uv": [8.47, 10.03, 7.53, 10.97], "texture": "#0"}
			}
		},
		{
			"from": [7.34, 4.62008, 7.55961],
			"to": [8.66088, 5.50008, 8.43961],
			"rotation": {"angle": 0, "axis": "y", "origin": [8, 9.58428, 7.9993]},
			"faces": {
				"north": {"uv": [7.53, 7.03, 8.97, 7.97], "texture": "#0"},
				"east": {"uv": [8.53, 10.03, 9.47, 10.97], "texture": "#0"},
				"south": {"uv": [8.03, 0.03, 9.47, 0.97], "texture": "#0"},
				"west": {"uv": [10.03, 9.03, 10.97, 9.97], "texture": "#0"},
				"up": {"uv": [9.47, 1.97, 8.03, 1.03], "texture": "#0"}
			}
		}
	],
	"gui_light": "front",
	"display": {
		"thirdperson_righthand": {
			"rotation": [0, 90, 0],
			"translation": [0, 6.25, 1.25],
			"scale": [1.5, 1.5, 1.5]
		},
		"thirdperson_lefthand": {
			"rotation": [0, -90, 0],
			"translation": [0, 6.25, 1.25],
			"scale": [1.5, 1.5, 1.5]
		},
		"firstperson_righthand": {
			"rotation": [-10, 99, 0],
			"translation": [1.5, 4.5, -0.75],
			"scale": [1.5, 1.5, 1.5]
		},
		"firstperson_lefthand": {
			"rotation": [-10, -81, 0],
			"translation": [1.5, 4.5, -0.75],
			"scale": [1.5, 1.5, 1.5]
		},
		"ground": {
			"rotation": [80, 10, 0],
			"scale": [1.5, 1.5, 1.5]
		},
		"gui": {
			"rotation": [-180, 0, -135],
			"translation": [-1.5, -1.5, 0],
			"scale": [1.5, 1.5, 1.5]
		},
		"head": {
			"rotation": [180, 0, 0],
			"scale": [4, 4, 4]
		},
		"fixed": {
			"translation": [0, 0, -0.25],
			"scale": [4, 4, 4]
		}
	},
	"groups": [
		{
			"name": "group",
			"origin": [8, 8, 8],
			"color": 0,
			"nbt": "{}",
			"children": [0, 1, 2, 3, 4, 5, 6, 7, 8, 9, 10, 11, 12, 13, 14]
		}
	]
}