{
	"credit": "Made with Blockbench",
	"texture_size": [576, 128],
	"textures": {
		"2": "custom/weapons/sword/irontanto"
	},
	"elements": [
		{
			"from": [7.15, -1.025, 7.15],
			"to": [8.85, 5.325, 8.85],
			"rotation": {"angle": 0, "axis": "y", "origin": [8, 0, 8]},
			"faces": {
				"north": {"uv": [13.33333, 3, 13.66667, 6.5], "texture": "#2"},
				"east": {"uv": [13.33333, 3, 13.66667, 6.5], "texture": "#2"},
				"south": {"uv": [13.33333, 3, 13.66667, 6.5], "texture": "#2"},
				"west": {"uv": [13.33333, 3, 13.66667, 6.5], "texture": "#2"},
				"up": {"uv": [14.66667, 1, 14.33333, 0], "texture": "#2"},
				"down": {"uv": [14, 3, 13.66667, 4], "texture": "#2"}
			}
		},
		{
			"from": [6.8, 5.325, 6.8],
			"to": [9.2, 6.325, 9.2],
			"rotation": {"angle": 0, "axis": "y", "origin": [8, 5.825, 8]},
			"faces": {
				"north": {"uv": [11.33333, 0, 12, 0.5], "texture": "#2"},
				"east": {"uv": [11.33333, 0.5, 12, 1], "texture": "#2"},
				"south": {"uv": [11.33333, 1, 12, 1.5], "texture": "#2"},
				"west": {"uv": [11.33333, 1.5, 12, 2], "texture": "#2"},
				"up": {"uv": [11.33333, 2, 10.66667, 0], "texture": "#2"},
				"down": {"uv": [11.33333, 2, 10.66667, 4], "texture": "#2"}
			}
		},
		{
			"from": [7.5, 6.375, 7],
			"to": [8.5, 23.075, 9],
			"rotation": {"angle": 0, "axis": "y", "origin": [0, 1.975, 0]},
			"faces": {
				"north": {"uv": [11, 8, 11.08333, 14], "texture": "#2"},
				"east": {"uv": [11, 8, 10.83333, 14], "texture": "#2"},
				"south": {"uv": [11.08333, 8, 11.16667, 14], "texture": "#2"},
				"west": {"uv": [10.83333, 8, 11, 14], "texture": "#2"},
				"up": {"uv": [11.25, 8.5, 11.16667, 8], "texture": "#2"},
				"down": {"uv": [11.25, 8.5, 11.16667, 9], "texture": "#2"}
			}
		},
		{
			"from": [7.501, 22.975, 7.785],
			"to": [8.499, 24.875, 9.01],
			"rotation": {"angle": 0, "axis": "y", "origin": [0, -5.025, 0]},
			"faces": {
				"north": {"uv": [8, 8, 8.16667, 9], "texture": "#2"},
				"east": {"uv": [8.33334, 8, 8.5, 9], "texture": "#2"},
				"south": {"uv": [8, 9, 8.16667, 10], "texture": "#2"},
				"west": {"uv": [8.33334, 8, 8.5, 9], "texture": "#2"},
				"up": {"uv": [8.33334, 9.5, 8.16667, 9], "texture": "#2"},
				"down": {"uv": [8.5, 9, 8.33334, 9.5], "texture": "#2"}
			}
		},
		{
			"from": [7.501, 24.875, 8.31],
			"to": [8.499, 26.225, 9.01],
			"rotation": {"angle": 0, "axis": "y", "origin": [0, -5.025, 0]},
			"faces": {
				"north": {"uv": [0, 0, 0.5, 1], "texture": "#2"},
				"east": {"uv": [0, 1, 0.5, 2], "texture": "#2"},
				"south": {"uv": [0.5, 0, 1, 1], "texture": "#2"},
				"west": {"uv": [0.5, 1, 1, 2], "texture": "#2"},
				"up": {"uv": [0.5, 3, 0, 2], "texture": "#2"},
				"down": {"uv": [1.5, 0, 1, 1], "texture": "#2"}
			}
		},
		{
			"from": [7.49702, 22.95, 7.38],
			"to": [8.50298, 25.8, 8.38],
			"rotation": {"angle": 22.5, "axis": "x", "origin": [8, 23.975, 7.5]},
			"faces": {
				"north": {"uv": [8, 0, 8.16667, 1], "texture": "#2"},
				"east": {"uv": [8.33334, 0, 8.5, 1], "texture": "#2"},
				"south": {"uv": [8, 1, 8.16667, 2], "texture": "#2"},
				"west": {"uv": [8.33334, 0, 8.5, 1], "texture": "#2"},
				"up": {"uv": [8.33334, 1.5, 8.16667, 1], "texture": "#2"},
				"down": {"uv": [8.5, 1, 8.33334, 1.5], "texture": "#2"}
			}
		},
		{
			"from": [7.49702, 25.8, 7.38],
			"to": [8.50298, 26.35, 8.105],
			"rotation": {"angle": 22.5, "axis": "x", "origin": [8, 23.975, 7.5]},
			"faces": {
				"north": {"uv": [8, 0, 8.16667, 1], "texture": "#2"},
				"east": {"uv": [8.33334, 0, 8.5, 1], "texture": "#2"},
				"south": {"uv": [8, 1, 8.16667, 2], "texture": "#2"},
				"west": {"uv": [8.33334, 0, 8.5, 1], "texture": "#2"},
				"up": {"uv": [8.33334, 1.5, 8.16667, 1], "texture": "#2"},
				"down": {"uv": [8.5, 1, 8.33334, 1.5], "texture": "#2"}
			}
		}
	],
	"gui_light": "front",
	"display": {
		"thirdperson_righthand": {
			"translation": [-0.25, 3.5, 1]
		},
		"thirdperson_lefthand": {
			"translation": [-0.25, 3.5, 1]
		},
		"firstperson_righthand": {
			"translation": [-0.25, 2.75, 2.25],
			"scale": [0.84, 0.84, 0.84]
		},
		"firstperson_lefthand": {
			"translation": [-0.25, 2.75, 2.25],
			"scale": [0.84, 0.84, 0.84]
		},
		"ground": {
			"rotation": [90, 90, 0],
			"translation": [0, -2, -6.75],
			"scale": [1.52, 1.52, 1.52]
		},
		"gui": {
			"rotation": [97, 54, -95],
			"translation": [-3, -3, 0],
			"scale": [1.01, 1.01, 1.01]
		},
		"head": {
			"rotation": [180, 0, 0],
			"translation": [0, 39.75, 0],
			"scale": [4, 4, 4]
		},
		"fixed": {
			"rotation": [0, -90, 0],
			"translation": [0, -15.25, 0],
			"scale": [3, 3, 3]
		}
	},
	"groups": [
		{
			"name": "handle",
			"origin": [8, 8, 8],
			"color": 0,
			"children": [0, 1]
		},
		{
			"name": "blade",
			"origin": [8, 8, 8],
			"color": 0,
			"children": [2, 3, 4, 5, 6]
		}
	]
}