{
	"credit": "Made with Blockbench",
	"texture_size": [128, 128],
	"textures": {
		"16": "custom/weapons/sword/ironclaymore"
	},
	"elements": [
		{
			"from": [2.40575, 1.67734, 7.3965],
			"to": [3.61275, 2.88434, 8.6035],
			"rotation": {"angle": 45, "axis": "z", "origin": [8, 7.27159, 8]},
			"faces": {
				"north": {"uv": [0, 4, 0.5, 4.5], "texture": "#16"},
				"east": {"uv": [0, 4.5, 0.5, 5], "texture": "#16"},
				"south": {"uv": [0.5, 4, 1, 4.5], "texture": "#16"},
				"west": {"uv": [0.5, 4.5, 1, 5], "texture": "#16"},
				"up": {"uv": [0.5, 5.5, 0, 5], "texture": "#16"},
				"down": {"uv": [1.5, 4, 1, 4.5], "texture": "#16"}
			}
		},
		{
			"from": [2.40575, 7.07734, 7.3965],
			"to": [3.61275, 8.28434, 8.6035],
			"rotation": {"angle": 45, "axis": "z", "origin": [8, 12.67159, 8]},
			"faces": {
				"north": {"uv": [0, 12, 0.5, 12.5], "texture": "#16"},
				"east": {"uv": [0.25, 12.5, 0.5, 13], "texture": "#16"},
				"south": {"uv": [0.5, 12, 0, 12.5], "texture": "#16"},
				"west": {"uv": [0.5, 12.5, 0.75, 13], "texture": "#16"},
				"up": {"uv": [0.5, 13.5, 0, 13.25], "texture": "#16"},
				"down": {"uv": [1.5, 12, 1, 12.5], "texture": "#16"}
			}
		},
		{
			"from": [7.5, 0.3, 7.5],
			"to": [8.5, 4.55, 8.5],
			"rotation": {"angle": 0, "axis": "y", "origin": [8, 3.05, 8]},
			"faces": {
				"north": {"uv": [4, 4, 4.5, 6.25], "texture": "#16"},
				"east": {"uv": [4.5, 4, 5, 6.25], "texture": "#16"},
				"south": {"uv": [5, 4, 5.5, 6.25], "texture": "#16"},
				"west": {"uv": [5.5, 4, 6, 6.25], "texture": "#16"},
				"up": {"uv": [6.5, 4.5, 6, 4], "texture": "#16"},
				"down": {"uv": [6.5, 4.5, 6, 5], "texture": "#16"}
			}
		},
		{
			"from": [6.92, 3.844, 7.3285],
			"to": [9.08, 4.594, 8.6715],
			"rotation": {"angle": 0, "axis": "y", "origin": [8, 7.27159, 8]},
			"faces": {
				"north": {"uv": [13, 8, 14, 8.5], "texture": "#16"},
				"east": {"uv": [13, 9, 13.75, 9.5], "texture": "#16"},
				"south": {"uv": [13, 8, 14, 8.5], "texture": "#16"},
				"west": {"uv": [13, 9.5, 13.75, 10], "texture": "#16"},
				"up": {"uv": [13, 8.75, 12, 8], "texture": "#16"},
				"down": {"uv": [13, 9, 12, 9.75], "texture": "#16"}
			}
		},
		{
			"from": [7.354, 3.5228, 7.4442],
			"to": [8.646, 5.5228, 8.5558],
			"rotation": {"angle": 0, "axis": "y", "origin": [8, 7.27159, 8]},
			"faces": {
				"north": {"uv": [8, 4, 8.75, 5], "texture": "#16"},
				"east": {"uv": [9, 4, 9.5, 5], "texture": "#16"},
				"south": {"uv": [8, 4, 8.75, 5], "texture": "#16"},
				"west": {"uv": [9, 5, 9.5, 6], "texture": "#16"},
				"up": {"uv": [10.25, 4.5, 9.5, 4], "texture": "#16"},
				"down": {"uv": [10.25, 4.5, 9.5, 5], "texture": "#16"}
			}
		},
		{
			"from": [6.4522, 2.554, 7.6442],
			"to": [8.0522, 3.221, 8.3558],
			"rotation": {"angle": -45, "axis": "z", "origin": [8, 3.05, 8]},
			"faces": {
				"north": {"uv": [12, 4, 12.75, 4.25], "texture": "#16"},
				"east": {"uv": [13, 4.5, 13.25, 4.75], "texture": "#16"},
				"south": {"uv": [12, 4.5, 12.75, 4.75], "texture": "#16"},
				"west": {"uv": [13, 5, 13.25, 5.25], "texture": "#16"},
				"up": {"uv": [12.75, 5.25, 12, 5], "texture": "#16"},
				"down": {"uv": [13.75, 4, 13, 4.25], "texture": "#16"}
			}
		},
		{
			"from": [7.9478, 2.554, 7.6442],
			"to": [9.5478, 3.221, 8.3558],
			"rotation": {"angle": 45, "axis": "z", "origin": [8, 3.05, 8]},
			"faces": {
				"north": {"uv": [8, 8, 8.75, 8.25], "texture": "#16"},
				"east": {"uv": [9, 8.5, 9.25, 8.75], "texture": "#16"},
				"south": {"uv": [8, 8.5, 8.75, 8.75], "texture": "#16"},
				"west": {"uv": [9, 9, 9.25, 9.25], "texture": "#16"},
				"up": {"uv": [8.75, 9.25, 8, 9], "texture": "#16"},
				"down": {"uv": [9.75, 8, 9, 8.25], "texture": "#16"}
			}
		},
		{
			"from": [9.3478, 2.879, 7.4442],
			"to": [12.3478, 3.746, 8.5558],
			"rotation": {"angle": 45, "axis": "z", "origin": [8, 3.05, 8]},
			"faces": {
				"north": {"uv": [4, 8, 5.5, 8.5], "texture": "#16"},
				"east": {"uv": [5.5, 8, 6, 8.5], "texture": "#16"},
				"south": {"uv": [4, 8.5, 5.5, 9], "texture": "#16"},
				"west": {"uv": [5.5, 8.5, 6, 9], "texture": "#16"},
				"up": {"uv": [5.5, 9.5, 4, 9], "texture": "#16"},
				"down": {"uv": [5.5, 9.5, 4, 10], "texture": "#16"}
			}
		},
		{
			"from": [3.6522, 2.879, 7.4442],
			"to": [6.6522, 3.746, 8.5558],
			"rotation": {"angle": -45, "axis": "z", "origin": [8, 3.05, 8]},
			"faces": {
				"north": {"uv": [0, 8, 1.5, 8.5], "texture": "#16"},
				"east": {"uv": [1.5, 8, 2, 8.5], "texture": "#16"},
				"south": {"uv": [0, 8.5, 1.5, 9], "texture": "#16"},
				"west": {"uv": [1.5, 8.5, 2, 9], "texture": "#16"},
				"up": {"uv": [1.5, 9.5, 0, 9], "texture": "#16"},
				"down": {"uv": [1.5, 9.5, 0, 10], "texture": "#16"}
			}
		},
		{
			"from": [7.65821, 4.61304, 7.44797],
			"to": [8.34179, 18.81784, 8.55203],
			"rotation": {"angle": 0, "axis": "y", "origin": [8, 6.76974, 8]},
			"faces": {
				"north": {"uv": [4, 0, 4.25, 3.5], "texture": "#16"},
				"east": {"uv": [4.25, 0, 4.5, 3.5], "texture": "#16"},
				"south": {"uv": [4, 0, 4.25, 3.5], "texture": "#16"},
				"west": {"uv": [4.75, 0, 5, 3.5], "texture": "#16"},
				"up": {"uv": [5.25, 0.25, 5, 0], "texture": "#16"},
				"down": {"uv": [5.25, 0.25, 5, 0.5], "texture": "#16"}
			}
		},
		{
			"from": [14.28608, 15.05582, 7.67207],
			"to": [17.1843, 17.95405, 8.32793],
			"rotation": {"angle": 45, "axis": "z", "origin": [8, 8.76974, 8]},
			"faces": {
				"north": {"uv": [4, 12, 5.5, 13.5], "texture": "#16"},
				"east": {"uv": [5.5, 12, 5.75, 13.5], "texture": "#16"},
				"south": {"uv": [5.5, 12, 4, 13.5], "texture": "#16"},
				"west": {"uv": [5.5, 13.5, 5.75, 15], "texture": "#16"},
				"up": {"uv": [7.5, 12.25, 6, 12], "texture": "#16"},
				"down": {"uv": [7.5, 12.5, 6, 12.75], "texture": "#16"}
			}
		},
		{
			"from": [14.78712, 15.55687, 7.4487],
			"to": [15.42521, 16.19495, 8.5513],
			"rotation": {"angle": 45, "axis": "z", "origin": [8, 8.76974, 8]},
			"faces": {
				"north": {"uv": [8, 0, 8.25, 0.25], "texture": "#16"},
				"east": {"uv": [8, 0.25, 8.25, 0.5], "texture": "#16"},
				"south": {"uv": [8, 0, 8.25, 0.25], "texture": "#16"},
				"west": {"uv": [8.25, 0.25, 8.5, 0.5], "texture": "#16"},
				"up": {"uv": [8.25, 0.75, 8, 0.5], "texture": "#16"},
				"down": {"uv": [8.75, 0, 8.5, 0.25], "texture": "#16"}
			}
		},
		{
			"from": [7.33321, 5.51304, 7.59797],
			"to": [8.66679, 18.81784, 8.40203],
			"rotation": {"angle": 0, "axis": "y", "origin": [8, 6.76974, 8]},
			"faces": {
				"north": {"uv": [12, 12, 12.375, 15.5], "texture": "#16"},
				"east": {"uv": [13.125, 12, 13.25, 15.5], "texture": "#16"},
				"south": {"uv": [12, 12, 12.375, 15.5], "texture": "#16"},
				"west": {"uv": [13.25, 12, 13.375, 15.5], "texture": "#16"},
				"up": {"uv": [13.875, 12.25, 13.5, 12], "texture": "#16"},
				"down": {"uv": [13.875, 12.25, 13.5, 12.5], "texture": "#16"}
			}
		},
		{
			"from": [14.53712, 15.30687, 7.5987],
			"to": [15.67521, 16.44495, 8.4013],
			"rotation": {"angle": 45, "axis": "z", "origin": [8, 8.76974, 8]},
			"faces": {
				"north": {"uv": [12, 0, 12.5, 0.5], "texture": "#16"},
				"east": {"uv": [12, 0.5, 12.5, 1], "texture": "#16"},
				"south": {"uv": [12, 0, 12.5, 0.5], "texture": "#16"},
				"west": {"uv": [12.5, 0.5, 13, 1], "texture": "#16"},
				"up": {"uv": [12.5, 1.5, 12, 1], "texture": "#16"},
				"down": {"uv": [13.5, 0, 13, 0.5], "texture": "#16"}
			}
		},
		{
			"from": [6.21089, 4.61304, 7.67133],
			"to": [9.78911, 19.72439, 8.32867],
			"rotation": {"angle": 0, "axis": "y", "origin": [8, 6.76974, 8]},
			"faces": {
				"north": {"uv": [8, 12, 8.875, 15.75], "texture": "#16"},
				"east": {"uv": [10, 12, 10.125, 15.75], "texture": "#16"},
				"south": {"uv": [8, 12, 8.875, 15.75], "texture": "#16"},
				"west": {"uv": [10.25, 12, 10.375, 15.75], "texture": "#16"},
				"up": {"uv": [11.375, 12.125, 10.5, 12], "texture": "#16"},
				"down": {"uv": [11.375, 12.25, 10.5, 12.375], "texture": "#16"}
			}
		}
	],
	"gui_light": "front",
	"display": {
		"thirdperson_righthand": {
			"rotation": [0, 90, 0],
			"translation": [0, 8, 1],
			"scale": [1.62, 1.62, 1.62]
		},
		"thirdperson_lefthand": {
			"rotation": [0, 90, 0],
			"translation": [0, 8, 1],
			"scale": [1.62, 1.62, 1.62]
		},
		"firstperson_righthand": {
			"rotation": [-4, 90, 0],
			"translation": [1.75, 3.75, 1],
			"scale": [1.62, 1.62, 1.62]
		},
		"firstperson_lefthand": {
			"rotation": [-4, 90, 0],
			"translation": [1.75, 3.75, 1],
			"scale": [1.62, 1.62, 1.62]
		},
		"ground": {
			"rotation": [90, 0, 0],
			"translation": [0, -2, -5.25],
			"scale": [2, 2, 2]
		},
		"gui": {
			"rotation": [0, 0, -45],
			"translation": [-2.25, -2.25, 0],
			"scale": [1.28, 1.28, 1.28]
		},
		"head": {
			"rotation": [180, 0, 0],
			"translation": [0, 26.5, 0],
			"scale": [3, 3, 3]
		},
		"fixed": {
			"translation": [0, -6, 0],
			"scale": [4, 4, 4]
		}
	},
	"groups": [
		{
			"name": "Hilt",
			"origin": [8, 7.27159, 8],
			"color": 0,
			"children": [0, 1, 2, 3, 4, 5, 6, 7, 8]
		},
		{
			"name": "Blade",
			"origin": [8, 7.27159, 8],
			"color": 0,
			"children": [9, 10, 11, 12, 13, 14]
		}
	]
}