{
	"credit": "Made with Blockbench",
	"textures": {
		"1": "custom/weapons/sword/ironkatana",
		"particle": "custom/weapons/sword/ironkatana"
	},
	"elements": [
		{
			"name": "handle",
			"from": [7.5, 0.25, 7.5],
			"to": [8.5, 4.25, 8.5],
			"rotation": {"angle": 0, "axis": "y", "origin": [0, -0.5, 0]},
			"faces": {
				"north": {"uv": [6, 0, 7, 4], "texture": "#1"},
				"east": {"uv": [6, 0, 7, 4], "texture": "#1"},
				"south": {"uv": [7, 0, 6, 4], "texture": "#1"},
				"west": {"uv": [7, 0, 6, 4], "texture": "#1"},
				"up": {"uv": [11, 3, 10, 2], "texture": "#1"},
				"down": {"uv": [11, 3, 10, 4], "texture": "#1"}
			}
		},
		{
			"name": "hiltR",
			"from": [6.90296, 4.13612, 6.89553],
			"to": [9.10296, 4.66112, 9.09553],
			"rotation": {"angle": 0, "axis": "y", "origin": [8.00158, 4.37315, 7.99468]},
			"faces": {
				"north": {"uv": [10, 4, 12, 4.5], "texture": "#1"},
				"east": {"uv": [10, 5, 12, 5.5], "texture": "#1"},
				"south": {"uv": [6, 10, 8, 10.5], "texture": "#1"},
				"west": {"uv": [8, 10, 10, 10.5], "texture": "#1"},
				"up": {"uv": [10, 2, 8, 0], "texture": "#1"},
				"down": {"uv": [10, 2, 8, 4], "texture": "#1"}
			}
		},
		{
			"name": "blade",
			"from": [7.3373, 4.14, 7.6716],
			"to": [8.6627, 18.55, 8.32894],
			"rotation": {"angle": 0, "axis": "y", "origin": [8, 6.01974, 8]},
			"faces": {
				"north": {"uv": [0, 0, 1.5, 14.5], "texture": "#1"},
				"east": {"uv": [4, 0, 4.5, 14.5], "texture": "#1"},
				"south": {"uv": [1.5, 0, 0, 14.5], "texture": "#1"},
				"west": {"uv": [5, 0, 5.5, 14.5], "texture": "#1"},
				"up": {"uv": [11.5, 10.5, 10, 10], "texture": "#1"},
				"down": {"uv": [12.5, 0, 11, 0.5], "texture": "#1"}
			}
		},
		{
			"name": "tip",
			"from": [7.62517, 18.33583, 7.667],
			"to": [8.5196, 19.63994, 8.332],
			"rotation": {"angle": 22.5, "axis": "z", "origin": [8.05279, 18.80264, 7.99959]},
			"faces": {
				"north": {"uv": [9, 8, 9.93125, 9.5], "texture": "#1"},
				"east": {"uv": [11, 1, 11.5, 2.5], "texture": "#1"},
				"south": {"uv": [9.93125, 8, 9, 9.5], "texture": "#1"},
				"west": {"uv": [6.5, 11, 7, 12.5], "texture": "#1"},
				"up": {"uv": [12, 3, 11, 2.5], "texture": "#1"},
				"down": {"uv": [12, 5.5, 11, 6], "texture": "#1"}
			}
		},
		{
			"name": "tip",
			"from": [7.3373, 18.55, 7.67133],
			"to": [8.16364, 19.75484, 8.32733],
			"rotation": {"angle": 0, "axis": "z", "origin": [7.80411, 19.01681, 8.00041]},
			"faces": {
				"north": {"uv": [10.0625, 8, 11, 9], "texture": "#1"},
				"east": {"uv": [7, 11, 7.5, 12], "texture": "#1"},
				"south": {"uv": [11, 8, 10.0625, 9], "texture": "#1"},
				"west": {"uv": [11, 7, 11.5, 8], "texture": "#1"},
				"up": {"uv": [9, 11.5, 8, 11], "texture": "#1"},
				"down": {"uv": [12, 8, 11, 8.5], "texture": "#1"}
			}
		}
	],
	"gui_light": "front",
	"display": {
		"thirdperson_righthand": {
			"rotation": [0, 90, 0],
			"translation": [0, 6.25, 1.25],
			"scale": [1.5, 1.5, 1.5]
		},
		"thirdperson_lefthand": {
			"rotation": [0, -90, 0],
			"translation": [0, 6.25, 1.25],
			"scale": [1.5, 1.5, 1.5]
		},
		"firstperson_righthand": {
			"rotation": [-10, 99, 0],
			"translation": [1.5, 4.5, -0.75],
			"scale": [1.5, 1.5, 1.5]
		},
		"firstperson_lefthand": {
			"rotation": [-10, -81, 0],
			"translation": [1.5, 4.5, -0.75],
			"scale": [1.5, 1.5, 1.5]
		},
		"ground": {
			"rotation": [80, 10, 0],
			"scale": [1.5, 1.5, 1.5]
		},
		"gui": {
			"rotation": [-180, 0, -135],
			"translation": [-1.5, -1.5, 0],
			"scale": [1.5, 1.5, 1.5]
		},
		"head": {
			"rotation": [180, 0, 0],
			"scale": [4, 4, 4]
		},
		"fixed": {
			"translation": [0, 0, -0.25],
			"scale": [4, 4, 4]
		}
	},
	"groups": [
		{
			"name": "Iron Sword",
			"origin": [8.70387, 5.31304, 7.99459],
			"color": 0,
			"nbt": "{}",
			"children": [0, 1, 2, 3, 4]
		}
	]
}