{
	"credit": "Made with Blockbench",
	"texture_size": [32, 32],
	"textures": {
		"0": "custom/weapons/sword/silverkatana",
		"particle": "custom/weapons/sword/silverkatana"
	},
	"elements": [
		{
			"from": [7.53004, 0.67606, 7.55961],
			"to": [8.41004, 4.19606, 8.43961],
			"rotation": {"angle": 0, "axis": "y", "origin": [4.45004, 7.71606, 4.47961]},
			"faces": {
				"north": {"uv": [4.03, 0.03, 4.97, 3.97], "texture": "#0"},
				"east": {"uv": [4.03, 4.03, 4.97, 7.97], "texture": "#0"},
				"south": {"uv": [5.03, 0.03, 5.97, 3.97], "texture": "#0"},
				"west": {"uv": [5.03, 4.03, 5.97, 7.97], "texture": "#0"},
				"up": {"uv": [8.97, 2.97, 8.03, 2.03], "texture": "#0"},
				"down": {"uv": [8.97, 3.03, 8.03, 3.97], "texture": "#0"}
			}
		},
		{
			"from": [7.31048, 4.63606, 7.77961],
			"to": [8.63048, 17.83606, 8.21961],
			"rotation": {"angle": 0, "axis": "y", "origin": [4.45004, 7.71606, 4.47961]},
			"faces": {
				"north": {"uv": [0.03, 0.03, 1.47, 14.97], "texture": "#0"},
				"east": {"uv": [3.03, 0.03, 3.47, 14.97], "texture": "#0"},
				"south": {"uv": [1.53, 0.03, 2.97, 14.97], "texture": "#0"},
				"west": {"uv": [3.53, 0.03, 3.97, 14.97], "texture": "#0"},
				"up": {"uv": [5.47, 9.47, 4.03, 9.03], "texture": "#0"},
				"down": {"uv": [10.47, 4.03, 9.03, 4.47], "texture": "#0"}
			}
		},
		{
			"from": [7.5471, 17.55054, 7.77917],
			"to": [7.9871, 18.87054, 8.22005],
			"rotation": {"angle": 22.5, "axis": "z", "origin": [7.5911, 19.31054, 7.99745]},
			"faces": {
				"north": {"uv": [9.03, 4.53, 9.47, 5.97], "texture": "#0"},
				"east": {"uv": [5.53, 9.03, 5.97, 10.47], "texture": "#0"},
				"south": {"uv": [6.03, 9.03, 6.47, 10.47], "texture": "#0"},
				"west": {"uv": [9.03, 6.03, 9.47, 7.47], "texture": "#0"},
				"up": {"uv": [9.97, 4.97, 9.53, 4.53], "texture": "#0"},
				"down": {"uv": [5.47, 9.53, 5.03, 9.97], "texture": "#0"}
			}
		},
		{
			"from": [7.31089, 17.82358, 7.77961],
			"to": [8.19089, 18.83558, 8.21873],
			"rotation": {"angle": 0, "axis": "y", "origin": [4.45089, 8.58358, 4.47961]},
			"faces": {
				"north": {"uv": [4.03, 8.03, 4.97, 8.97], "texture": "#0"},
				"east": {"uv": [6.53, 9.03, 6.97, 9.97], "texture": "#0"},
				"south": {"uv": [5.03, 8.03, 5.97, 8.97], "texture": "#0"},
				"west": {"uv": [7.03, 9.03, 7.47, 9.97], "texture": "#0"},
				"up": {"uv": [8.47, 9.47, 7.53, 9.03], "texture": "#0"},
				"down": {"uv": [9.97, 7.53, 9.03, 7.97], "texture": "#0"}
			}
		},
		{
			"from": [7.31133, 18.61558, 7.77965],
			"to": [8.12533, 19.05558, 8.21833],
			"rotation": {"angle": 0, "axis": "y", "origin": [4.40733, 8.05558, 4.47873]},
			"faces": {
				"north": {"uv": [8.53, 9.03, 9.47, 9.47], "texture": "#0"},
				"east": {"uv": [9.53, 5.03, 9.97, 5.47], "texture": "#0"},
				"south": {"uv": [9.53, 0.03, 10.47, 0.47], "texture": "#0"},
				"west": {"uv": [9.53, 5.53, 9.97, 5.97], "texture": "#0"},
				"up": {"uv": [10.47, 0.97, 9.53, 0.53], "texture": "#0"},
				"down": {"uv": [10.47, 1.03, 9.53, 1.47], "texture": "#0"}
			}
		},
		{
			"from": [7.09004, 4.19606, 7.11961],
			"to": [8.85004, 4.63606, 8.87961],
			"rotation": {"angle": 0, "axis": "y", "origin": [4.45004, 7.71606, 4.47961]},
			"faces": {
				"north": {"uv": [6.03, 8.03, 7.97, 8.47], "texture": "#0"},
				"east": {"uv": [8.03, 8.03, 9.97, 8.47], "texture": "#0"},
				"south": {"uv": [6.03, 8.53, 7.97, 8.97], "texture": "#0"},
				"west": {"uv": [8.03, 8.53, 9.97, 8.97], "texture": "#0"},
				"up": {"uv": [7.97, 1.97, 6.03, 0.03], "texture": "#0"},
				"down": {"uv": [7.97, 2.03, 6.03, 3.97], "texture": "#0"}
			}
		},
		{
			"from": [6.65004, 4.1965, 7.55961],
			"to": [9.29004, 4.63562, 8.43961],
			"rotation": {"angle": 0, "axis": "y", "origin": [4.45004, 7.71606, 4.47961]},
			"faces": {
				"north": {"uv": [6.03, 6.03, 8.97, 6.47], "texture": "#0"},
				"east": {"uv": [9.53, 1.53, 10.47, 1.97], "texture": "#0"},
				"south": {"uv": [6.03, 6.53, 8.97, 6.97], "texture": "#0"},
				"west": {"uv": [4.03, 9.53, 4.97, 9.97], "texture": "#0"},
				"up": {"uv": [8.97, 4.97, 6.03, 4.03], "texture": "#0"},
				"down": {"uv": [8.97, 5.03, 6.03, 5.97], "texture": "#0"}
			}
		},
		{
			"from": [7.31004, 4.63606, 7.55961],
			"to": [8.63092, 5.51606, 8.43961],
			"rotation": {"angle": 0, "axis": "y", "origin": [7.97048, 5.29606, 7.99961]},
			"faces": {
				"north": {"uv": [6.03, 7.03, 7.47, 7.97], "texture": "#0"},
				"east": {"uv": [9.03, 2.03, 9.97, 2.97], "texture": "#0"},
				"south": {"uv": [7.53, 7.03, 8.97, 7.97], "texture": "#0"},
				"west": {"uv": [9.03, 3.03, 9.97, 3.97], "texture": "#0"},
				"up": {"uv": [9.47, 0.97, 8.03, 0.03], "texture": "#0"},
				"down": {"uv": [9.47, 1.03, 8.03, 1.97], "texture": "#0"}
			}
		}
	],
	"gui_light": "front",
	"display": {
		"thirdperson_righthand": {
			"rotation": [0, 90, 0],
			"translation": [0, 6.25, 1.25],
			"scale": [1.5, 1.5, 1.5]
		},
		"thirdperson_lefthand": {
			"rotation": [0, -90, 0],
			"translation": [0, 6.25, 1.25],
			"scale": [1.5, 1.5, 1.5]
		},
		"firstperson_righthand": {
			"rotation": [-10, 99, 0],
			"translation": [1.5, 4.5, -0.75],
			"scale": [1.5, 1.5, 1.5]
		},
		"firstperson_lefthand": {
			"rotation": [-10, -81, 0],
			"translation": [1.5, 4.5, -0.75],
			"scale": [1.5, 1.5, 1.5]
		},
		"ground": {
			"rotation": [80, 10, 0],
			"scale": [1.5, 1.5, 1.5]
		},
		"gui": {
			"rotation": [-180, 0, -135],
			"translation": [-1.5, -1.5, 0],
			"scale": [1.5, 1.5, 1.5]
		},
		"head": {
			"rotation": [180, 0, 0],
			"scale": [4, 4, 4]
		},
		"fixed": {
			"translation": [0, 0, -0.25],
			"scale": [4, 4, 4]
		}
	},
	"groups": [
		{
			"name": "group",
			"origin": [8, 8, 8],
			"color": 0,
			"nbt": "{}",
			"children": [0, 1, 2, 3, 4, 5, 6, 7]
		}
	]
}