{
	"credit": "Made with Blockbench",
	"texture_size": [384, 64],
	"textures": {
		"6": "custom/weapons/sword/silversword",
		"particle": "custom/weapons/sword/ironsword"
	},
	"elements": [
		{
			"name": "handle",
			"from": [7.5, 1.5, 7.5],
			"to": [8.5, 4.5, 8.5],
			"rotation": {"angle": 0, "axis": "y", "origin": [0, -0.5, 0]},
			"faces": {
				"north": {"uv": [9.83333, 8, 9.91667, 9.5], "texture": "#6"},
				"east": {"uv": [9.83333, 8, 9.91667, 9.5], "texture": "#6"},
				"south": {"uv": [9.91667, 8, 9.83333, 9.5], "texture": "#6"},
				"west": {"uv": [9.91667, 8, 9.83333, 9.5], "texture": "#6"},
				"up": {"uv": [10.08333, 12.5, 10, 12], "texture": "#6"},
				"down": {"uv": [10.16667, 8, 10.08333, 8.5], "texture": "#6"}
			}
		},
		{
			"name": "blade",
			"from": [7.01089, 4.14, 7.67133],
			"to": [8.98911, 11.55, 8.32867],
			"rotation": {"angle": 0, "axis": "y", "origin": [8, 6.01974, 8]},
			"faces": {
				"north": {"uv": [9.33333, 8, 9.5, 11.75], "texture": "#6"},
				"east": {"uv": [9.66667, 8, 9.70833, 11.75], "texture": "#6"},
				"south": {"uv": [9.5, 8, 9.33333, 11.75], "texture": "#6"},
				"west": {"uv": [9.75, 8, 9.79167, 11.75], "texture": "#6"},
				"up": {"uv": [10, 12.75, 9.83333, 12.5], "texture": "#6"},
				"down": {"uv": [10.16667, 12.5, 10, 12.75], "texture": "#6"}
			}
		},
		{
			"name": "hiltL",
			"from": [7.804, 3.72115, 7.4567],
			"to": [9.94291, 4.7103, 8.5433],
			"rotation": {"angle": 22.5, "axis": "z", "origin": [8, 4.1853, 8]},
			"faces": {
				"north": {"uv": [0, 8, 1.33333, 9], "texture": "#6"},
				"east": {"uv": [0, 12, 0.66667, 13], "texture": "#6"},
				"south": {"uv": [1.33333, 8, 0, 9], "texture": "#6"},
				"west": {"uv": [2.66667, 8, 3.33333, 9], "texture": "#6"},
				"up": {"uv": [1.33333, 11, 0, 10], "texture": "#6"},
				"down": {"uv": [2.66667, 11, 1.33333, 12], "texture": "#6"}
			}
		},
		{
			"name": "hiltR",
			"from": [6.05709, 3.72115, 7.4569],
			"to": [8.196, 4.7103, 8.5434],
			"rotation": {"angle": -22.5, "axis": "z", "origin": [8, 4.1853, 8]},
			"faces": {
				"north": {"uv": [1.33333, 8, 0, 9], "texture": "#6"},
				"east": {"uv": [0.66667, 12, 1.33333, 13], "texture": "#6"},
				"south": {"uv": [0, 8, 1.33333, 9], "texture": "#6"},
				"west": {"uv": [0, 12, 0.66667, 13], "texture": "#6"},
				"up": {"uv": [0, 11, 1.33333, 10], "texture": "#6"},
				"down": {"uv": [1.33333, 11, 2.66667, 12], "texture": "#6"}
			}
		},
		{
			"name": "pommel",
			"from": [3.15575, 2.42734, 7.3965],
			"to": [4.36275, 3.63434, 8.6035],
			"rotation": {"angle": 45, "axis": "z", "origin": [8, 7.27159, 8]},
			"faces": {
				"north": {"uv": [9.58333, 12.5, 9.66667, 13], "texture": "#6"},
				"east": {"uv": [10.08333, 12, 10.16667, 12.5], "texture": "#6"},
				"south": {"uv": [9.66667, 12.5, 9.58333, 13], "texture": "#6"},
				"west": {"uv": [9.41667, 13, 9.5, 13.5], "texture": "#6"},
				"up": {"uv": [10.25, 9, 10.16667, 8.5], "texture": "#6"},
				"down": {"uv": [9.58333, 13, 9.5, 13.5], "texture": "#6"}
			}
		},
		{
			"name": "hiltM",
			"from": [3.15575, 5.42734, 7.384],
			"to": [4.36275, 6.63434, 8.616],
			"rotation": {"angle": 45, "axis": "z", "origin": [8, 10.27159, 8]},
			"faces": {
				"north": {"uv": [9.58333, 12.5, 9.66667, 13], "texture": "#6"},
				"east": {"uv": [10.08333, 12, 10.16667, 12.5], "texture": "#6"},
				"south": {"uv": [9.66667, 12.5, 9.58333, 13], "texture": "#6"},
				"west": {"uv": [9.41667, 13, 9.5, 13.5], "texture": "#6"},
				"up": {"uv": [10.25, 9, 10.16667, 8.5], "texture": "#6"},
				"down": {"uv": [9.58333, 13, 9.5, 13.5], "texture": "#6"}
			}
		},
		{
			"name": "tip",
			"from": [11.92202, 9.52613, 7.67233],
			"to": [13.31624, 10.92036, 8.32419],
			"rotation": {"angle": 45, "axis": "z", "origin": [8.70894, 5.31305, 7.99826]},
			"faces": {
				"north": {"uv": [9.66667, 12, 9.79167, 12.75], "texture": "#6"},
				"east": {"uv": [9.58333, 13, 9.625, 13.75], "texture": "#6"},
				"south": {"uv": [10, 11, 10.125, 11.75], "texture": "#6"},
				"west": {"uv": [9.66667, 13, 9.70833, 13.75], "texture": "#6"},
				"up": {"uv": [10.29167, 9.25, 10.16667, 9], "texture": "#6"},
				"down": {"uv": [9.875, 13, 9.75, 13.25], "texture": "#6"}
			}
		},
		{
			"name": "tipface2",
			"from": [11.92202, 9.52613, 7.665],
			"to": [13.31624, 10.92036, 7.665],
			"rotation": {"angle": 45, "axis": "z", "origin": [8.70894, 5.31305, 7.99826]},
			"faces": {
				"north": {"uv": [0, 0, 1, 1.5], "texture": "#6"},
				"east": {"uv": [5.33333, 0, 5.33333, 0.5], "texture": "#6"},
				"south": {"uv": [5.33333, 0.5, 5.66667, 1], "texture": "#6"},
				"west": {"uv": [5.33333, 0, 5.33333, 0.5], "texture": "#6"},
				"up": {"uv": [5.66667, 0, 5.33333, 0], "texture": "#6"},
				"down": {"uv": [5.66667, 0, 5.33333, 0], "texture": "#6"}
			}
		},
		{
			"name": "tipface1",
			"from": [11.92202, 9.52613, 8.333],
			"to": [13.31624, 10.92036, 8.333],
			"rotation": {"angle": 45, "axis": "z", "origin": [8.70894, 5.31305, 8.00174]},
			"faces": {
				"north": {"uv": [5.66667, 0.5, 5.33333, 1], "texture": "#6"},
				"east": {"uv": [5.33333, 0, 5.33333, 0.5], "texture": "#6"},
				"south": {"uv": [1, 0, 0, 1.5], "texture": "#6"},
				"west": {"uv": [5.33333, 0, 5.33333, 0.5], "texture": "#6"},
				"up": {"uv": [5.66667, 0, 5.33333, 0], "texture": "#6"},
				"down": {"uv": [5.66667, 0, 5.33333, 0], "texture": "#6"}
			}
		}
	],
	"gui_light": "front",
	"display": {
		"thirdperson_righthand": {
			"rotation": [0, 90, 0],
			"translation": [0, 6, 1.25],
			"scale": [1.5, 1.5, 1.5]
		},
		"thirdperson_lefthand": {
			"rotation": [0, 90, 0],
			"translation": [0, 6, 1.25],
			"scale": [1.5, 1.5, 1.5]
		},
		"firstperson_righthand": {
			"rotation": [-10, 99, 0],
			"translation": [1.5, 4.5, -0.75],
			"scale": [1.5, 1.5, 1.5]
		},
		"firstperson_lefthand": {
			"rotation": [-10, -81, 0],
			"translation": [1.5, 4.5, -0.75],
			"scale": [1.5, 1.5, 1.5]
		},
		"ground": {
			"rotation": [80, 10, 0],
			"translation": [0, -1.25, 0],
			"scale": [1.5, 1.5, 1.5]
		},
		"gui": {
			"rotation": [0, -180, 45],
			"translation": [1.5, 1.5, 0],
			"scale": [1.5, 1.5, 1.5]
		},
		"head": {
			"rotation": [180, 0, 0],
			"scale": [4, 4, 4]
		},
		"fixed": {
			"translation": [0, 0, -0.25],
			"scale": [4, 4, 4]
		}
	},
	"groups": [
		{
			"name": "Silver Sword",
			"origin": [8.70894, 5.31305, 8.00174],
			"color": 0,
			"nbt": "{}",
			"children": [0, 1, 2, 3, 4, 5, 6, 7, 8]
		}
	]
}