{
	"credit": "Made with Blockbench",
	"textures": {
		"3": "custom/weapons/sword/woodsword"
	},
	"elements": [
		{
			"name": "tip",
			"from": [11.91695, 9.52612, 7.673],
			"to": [13.31117, 10.92035, 8.328],
			"rotation": {"angle": 45, "axis": "z", "origin": [8.70387, 5.31304, 7.99362]},
			"faces": {
				"north": {"uv": [3, 9, 4.5, 10.5], "texture": "#3"},
				"east": {"uv": [11, 3, 11.5, 4.5], "texture": "#3"},
				"south": {"uv": [5, 9, 6.5, 10.5], "texture": "#3"},
				"west": {"uv": [4, 11, 4.5, 12.5], "texture": "#3"},
				"up": {"uv": [6.5, 11.5, 5, 11], "texture": "#3"},
				"down": {"uv": [8.5, 11, 7, 11.5], "texture": "#3"}
			}
		},
		{
			"name": "leaf2",
			"from": [5.88, 7.401, 8],
			"to": [6.38, 7.901, 8],
			"rotation": {"angle": -22.5, "axis": "z", "origin": [6.13, 7.651, 8]},
			"faces": {
				"north": {"uv": [12, 2, 12.5, 2.5], "texture": "#3"},
				"east": {"uv": [0, 0, 0, 0.5], "texture": "#3"},
				"south": {"uv": [3, 12, 3.5, 12.5], "texture": "#3"},
				"west": {"uv": [0, 0, 0, 0.5], "texture": "#3"},
				"up": {"uv": [0.5, 0, 0, 0], "texture": "#3"},
				"down": {"uv": [0.5, 0, 0, 0], "texture": "#3"}
			}
		},
		{
			"name": "leaf1",
			"from": [6.15085, 6.74906, 8],
			"to": [7.15085, 7.24906, 8],
			"rotation": {"angle": -22.5, "axis": "z", "origin": [6.39737, 6.999, 8]},
			"faces": {
				"north": {"uv": [10, 11, 11, 11.5], "texture": "#3"},
				"east": {"uv": [0, 0, 0, 0.5], "texture": "#3"},
				"south": {"uv": [11, 10, 12, 10.5], "texture": "#3"},
				"west": {"uv": [0, 0, 0, 0.5], "texture": "#3"},
				"up": {"uv": [1, 0, 0, 0], "texture": "#3"},
				"down": {"uv": [1, 0, 0, 0], "texture": "#3"}
			}
		},
		{
			"name": "leaf3",
			"from": [5.96809, 6.07123, 8],
			"to": [6.46809, 6.57123, 8],
			"rotation": {"angle": 22.5, "axis": "z", "origin": [6.39737, 6.999, 8]},
			"faces": {
				"north": {"uv": [12, 1, 12.5, 1.5], "texture": "#3"},
				"east": {"uv": [0, 0, 0, 0.5], "texture": "#3"},
				"south": {"uv": [2, 12, 2.5, 12.5], "texture": "#3"},
				"west": {"uv": [0, 0, 0, 0.5], "texture": "#3"},
				"up": {"uv": [0.5, 0, 0, 0], "texture": "#3"},
				"down": {"uv": [0.5, 0, 0, 0], "texture": "#3"}
			}
		},
		{
			"name": "handle",
			"from": [7.5, 1.5, 7.5],
			"to": [8.5, 4.5, 8.5],
			"rotation": {"angle": 0, "axis": "y", "origin": [0, -0.5, 0]},
			"faces": {
				"north": {"uv": [6, 0, 7, 3], "texture": "#3"},
				"east": {"uv": [6, 3, 7, 6], "texture": "#3"},
				"south": {"uv": [6, 6, 7, 9], "texture": "#3"},
				"west": {"uv": [0, 7, 1, 10], "texture": "#3"},
				"up": {"uv": [4, 9, 3, 8], "texture": "#3"},
				"down": {"uv": [11, 0, 10, 1], "texture": "#3"}
			}
		},
		{
			"name": "blade",
			"from": [7.01089, 4.64, 7.67133],
			"to": [8.98911, 11.55, 8.32867],
			"rotation": {"angle": 0, "axis": "y", "origin": [8, 6.01974, 8]},
			"faces": {
				"north": {"uv": [0, 0, 2, 7], "texture": "#3"},
				"east": {"uv": [4, 0, 4.5, 7], "texture": "#3"},
				"south": {"uv": [2, 0, 4, 7], "texture": "#3"},
				"west": {"uv": [5, 0, 5.5, 7], "texture": "#3"},
				"up": {"uv": [12, 1.5, 10, 1], "texture": "#3"},
				"down": {"uv": [12, 2, 10, 2.5], "texture": "#3"}
			}
		},
		{
			"name": "pommel",
			"from": [3.15575, 2.42734, 7.3965],
			"to": [4.36275, 3.63434, 8.6035],
			"rotation": {"angle": 45, "axis": "z", "origin": [8, 7.27159, 8]},
			"faces": {
				"north": {"uv": [10, 3, 11, 4], "texture": "#3"},
				"east": {"uv": [10, 4, 11, 5], "texture": "#3"},
				"south": {"uv": [7, 10, 8, 11], "texture": "#3"},
				"west": {"uv": [8, 10, 9, 11], "texture": "#3"},
				"up": {"uv": [10, 11, 9, 10], "texture": "#3"},
				"down": {"uv": [11, 9, 10, 10], "texture": "#3"}
			}
		},
		{
			"name": "pommel",
			"from": [3.15575, 2.42734, 7.3965],
			"to": [4.36275, 3.63434, 8.6035],
			"rotation": {"angle": 45, "axis": "z", "origin": [8, 7.27159, 8]},
			"faces": {
				"north": {"uv": [10, 10, 11, 11], "texture": "#3"},
				"east": {"uv": [0, 11, 1, 12], "texture": "#3"},
				"south": {"uv": [11, 0, 12, 1], "texture": "#3"},
				"west": {"uv": [1, 11, 2, 12], "texture": "#3"},
				"up": {"uv": [3, 12, 2, 11], "texture": "#3"},
				"down": {"uv": [4, 11, 3, 12], "texture": "#3"}
			}
		},
		{
			"name": "tipface2",
			"from": [11.92202, 9.52613, 7.665],
			"to": [13.31624, 10.92036, 7.665],
			"rotation": {"angle": 45, "axis": "z", "origin": [8.70894, 5.31305, 7.99826]},
			"faces": {
				"north": {"uv": [7, 7, 8.5, 8.5], "texture": "#3"},
				"east": {"uv": [0, 0, 0, 1.5], "texture": "#3"},
				"south": {"uv": [1, 8, 2.5, 9.5], "texture": "#3"},
				"west": {"uv": [0, 0, 0, 1.5], "texture": "#3"},
				"up": {"uv": [1.5, 0, 0, 0], "texture": "#3"},
				"down": {"uv": [1.5, 0, 0, 0], "texture": "#3"}
			}
		},
		{
			"name": "tipface1",
			"from": [11.92202, 9.52613, 8.333],
			"to": [13.31624, 10.92036, 8.333],
			"rotation": {"angle": 45, "axis": "z", "origin": [8.70894, 5.31305, 8.00174]},
			"faces": {
				"north": {"uv": [4, 7, 5.5, 8.5], "texture": "#3"},
				"east": {"uv": [0, 0, 0, 1.5], "texture": "#3"},
				"south": {"uv": [7, 5, 8.5, 6.5], "texture": "#3"},
				"west": {"uv": [0, 0, 0, 1.5], "texture": "#3"},
				"up": {"uv": [1.5, 0, 0, 0], "texture": "#3"},
				"down": {"uv": [1.5, 0, 0, 0], "texture": "#3"}
			}
		},
		{
			"name": "hilt",
			"from": [6.879, 4.4728, 7.4942],
			"to": [9.121, 4.9978, 8.5058],
			"rotation": {"angle": 0, "axis": "y", "origin": [8, 7.27159, 8]},
			"faces": {
				"north": {"uv": [9, 5, 11.5, 5.5], "texture": "#3"},
				"east": {"uv": [9, 11, 10, 11.5], "texture": "#3"},
				"south": {"uv": [9, 6, 11.5, 6.5], "texture": "#3"},
				"west": {"uv": [11, 9, 12, 9.5], "texture": "#3"},
				"up": {"uv": [9.5, 1, 7, 0], "texture": "#3"},
				"down": {"uv": [3.5, 7, 1, 8], "texture": "#3"}
			}
		},
		{
			"name": "pommel",
			"from": [6.6965, 4.49024, 7.4465],
			"to": [9.3535, 4.99724, 8.5535],
			"rotation": {"angle": 22.5, "axis": "z", "origin": [8, 4.84374, 8]},
			"faces": {
				"north": {"uv": [9, 8, 11.5, 8.5], "texture": "#3"},
				"east": {"uv": [12, 0, 13, 0.5], "texture": "#3"},
				"south": {"uv": [0, 10, 2.5, 10.5], "texture": "#3"},
				"west": {"uv": [1, 12, 2, 12.5], "texture": "#3"},
				"up": {"uv": [9.5, 4, 7, 3], "texture": "#3"},
				"down": {"uv": [9.5, 4, 7, 5], "texture": "#3"}
			}
		},
		{
			"name": "pommel",
			"from": [6.6465, 4.49024, 7.3965],
			"to": [9.3035, 4.99724, 8.6035],
			"rotation": {"angle": -22.5, "axis": "z", "origin": [8, 4.84374, 8]},
			"faces": {
				"north": {"uv": [7, 9, 9.5, 9.5], "texture": "#3"},
				"east": {"uv": [11, 11, 12, 11.5], "texture": "#3"},
				"south": {"uv": [9, 7, 11.5, 7.5], "texture": "#3"},
				"west": {"uv": [0, 12, 1, 12.5], "texture": "#3"},
				"up": {"uv": [9.5, 2, 7, 1], "texture": "#3"},
				"down": {"uv": [9.5, 2, 7, 3], "texture": "#3"}
			}
		}
	],
	"gui_light": "front",
	"display": {
		"thirdperson_righthand": {
			"rotation": [0, 90, 0],
			"translation": [0, 6, 1.25],
			"scale": [1.5, 1.5, 1.5]
		},
		"thirdperson_lefthand": {
			"rotation": [0, 90, 0],
			"translation": [0, 6, 1.25],
			"scale": [1.5, 1.5, 1.5]
		},
		"firstperson_righthand": {
			"rotation": [-10, 99, 0],
			"translation": [1.5, 4.5, -0.75],
			"scale": [1.5, 1.5, 1.5]
		},
		"firstperson_lefthand": {
			"rotation": [-10, -81, 0],
			"translation": [1.5, 4.5, -0.75],
			"scale": [1.5, 1.5, 1.5]
		},
		"ground": {
			"rotation": [80, 10, 0],
			"translation": [0, -1.25, 0],
			"scale": [1.5, 1.5, 1.5]
		},
		"gui": {
			"rotation": [0, -180, 45],
			"translation": [1.5, 1.5, 0],
			"scale": [1.5, 1.5, 1.5]
		},
		"head": {
			"rotation": [180, 0, 0],
			"scale": [4, 4, 4]
		},
		"fixed": {
			"translation": [0, 0, -0.25],
			"scale": [4, 4, 4]
		}
	},
	"groups": [
		{
			"name": "Wooden Sword",
			"origin": [8.70894, 5.31305, 8.00174],
			"color": 0,
			"nbt": "{}",
			"children": [
				0,
				{
					"name": "Leaves",
					"origin": [6.39737, 6.999, 8],
					"color": 0,
					"nbt": "{}",
					"children": [1, 2, 3]
				},
				4,
				5,
				6,
				7,
				8,
				9,
				10,
				11,
				12
			]
		}
	]
}