{
	"credit": "Made with Blockbench",
	"textures": {
		"0": "custom/item/boons/commonboon",
		"particle": "custom/item/boons/commonboon"
	},
	"elements": [
		{
			"from": [4.53261, 9.20942, 7.5],
			"to": [7.53261, 12.20942, 10.5],
			"rotation": {"angle": 22.5, "axis": "z", "origin": [8.42456, 12.15799, 7.78911]},
			"faces": {
				"north": {"uv": [4, 8, 7, 11], "texture": "#0"},
				"east": {"uv": [4, 8, 7, 11], "texture": "#0"},
				"south": {"uv": [4, 8, 7, 11], "texture": "#0"},
				"west": {"uv": [4, 8, 7, 11], "texture": "#0"},
				"up": {"uv": [13, 13, 10, 10], "texture": "#0"},
				"down": {"uv": [7, 11, 4, 14], "texture": "#0"}
			}
		},
		{
			"name": "cube_outline",
			"from": [12.88203, 14.5994, 9.70309],
			"to": [8.92203, 10.6394, 5.74309],
			"rotation": {"angle": 22.5, "axis": "y", "origin": [8.20403, 12.11184, 7.89763]},
			"faces": {
				"north": {"uv": [0, 4, 4, 8], "texture": "#0"},
				"east": {"uv": [0, 4, 4, 8], "texture": "#0"},
				"south": {"uv": [0, 4, 4, 8], "texture": "#0"},
				"west": {"uv": [0, 4, 4, 8], "texture": "#0"},
				"up": {"uv": [4, 12, 0, 8], "rotation": 90, "texture": "#0"},
				"down": {"uv": [4, 0, 0, 4], "rotation": 270, "texture": "#0"}
			}
		},
		{
			"from": [9.37728, 11.1194, 6.13044],
			"to": [12.37728, 14.1194, 9.13044],
			"rotation": {"angle": 22.5, "axis": "y", "origin": [8.42456, 12.15799, 7.78911]},
			"faces": {
				"north": {"uv": [4, 8, 7, 11], "texture": "#0"},
				"east": {"uv": [4, 8, 7, 11], "texture": "#0"},
				"south": {"uv": [4, 8, 7, 11], "texture": "#0"},
				"west": {"uv": [4, 8, 7, 11], "texture": "#0"},
				"up": {"uv": [13, 13, 10, 10], "rotation": 90, "texture": "#0"},
				"down": {"uv": [7, 11, 4, 14], "rotation": 270, "texture": "#0"}
			}
		},
		{
			"name": "cube_outline",
			"from": [7.94927, 16.75, 9.56801],
			"to": [3.98927, 12.79, 5.60801],
			"rotation": {"angle": -22.5, "axis": "x", "origin": [8.64509, 11.94219, 7.9102]},
			"faces": {
				"north": {"uv": [0, 4, 4, 8], "texture": "#0"},
				"east": {"uv": [0, 4, 4, 8], "texture": "#0"},
				"south": {"uv": [0, 4, 4, 8], "texture": "#0"},
				"west": {"uv": [0, 4, 4, 8], "texture": "#0"},
				"up": {"uv": [4, 12, 0, 8], "texture": "#0"},
				"down": {"uv": [4, 0, 0, 4], "texture": "#0"}
			}
		},
		{
			"from": [4.46927, 13.24009, 5.99621],
			"to": [7.46927, 16.24009, 8.99621],
			"rotation": {"angle": -22.5, "axis": "x", "origin": [8.42456, 12.15799, 7.78911]},
			"faces": {
				"north": {"uv": [4, 8, 7, 11], "texture": "#0"},
				"east": {"uv": [4, 8, 7, 11], "texture": "#0"},
				"south": {"uv": [4, 8, 7, 11], "texture": "#0"},
				"west": {"uv": [4, 8, 7, 11], "texture": "#0"},
				"up": {"uv": [13, 13, 10, 10], "texture": "#0"},
				"down": {"uv": [7, 11, 4, 14], "texture": "#0"}
			}
		},
		{
			"name": "cube_outline",
			"from": [7.95087, 12.66037, 10.97],
			"to": [3.99087, 8.70037, 7.01],
			"rotation": {"angle": 22.5, "axis": "z", "origin": [8.57702, 12.27378, 7.65802]},
			"faces": {
				"north": {"uv": [0, 4, 4, 8], "texture": "#0"},
				"east": {"uv": [0, 4, 4, 8], "texture": "#0"},
				"south": {"uv": [0, 4, 4, 8], "texture": "#0"},
				"west": {"uv": [0, 4, 4, 8], "texture": "#0"},
				"up": {"uv": [4, 12, 0, 8], "texture": "#0"},
				"down": {"uv": [4, 0, 0, 4], "texture": "#0"}
			}
		}
	],
	"gui_light": "front",
	"display": {
		"ground": {
			"translation": [0, 10.25, 0],
			"scale": [1.2, 1.2, 1.2]
		},
		"gui": {
			"rotation": [0, 14, 0],
			"translation": [0, -5.75, 0],
			"scale": [1.5, 1.5, 1.5]
		},
		"fixed": {
			"rotation": [0, 56, 0],
			"translation": [1.5, -2.5, 0],
			"scale": [1.5, 1.5, 1.5]
		}
	}
}