{
	"credit": "Made with Blockbench",
	"texture_size": [64, 32],
	"textures": {
		"7": "custom/armor/silver/silver"
	},
	"elements": [
		{
			"name": "Helmet",
			"from": [3, 0.25, 3],
			"to": [13, 10.225, 13],
			"faces": {
				"north": {"uv": [0, 0, 0, 0], "texture": "#7"},
				"east": {"uv": [0, 4, 2, 8], "texture": "#7"},
				"south": {"uv": [6, 4, 8, 8], "texture": "#7"},
				"west": {"uv": [4, 4, 6, 8], "texture": "#7"},
				"up": {"uv": [4, 4, 2, 0], "texture": "#7"},
				"down": {"uv": [0, 0, 0, 0], "texture": "#7"}
			}
		},
		{
			"name": "Helmet FaceR",
			"from": [2.9218, 0.25, 1.3905],
			"to": [8.33111, 10.226, 3.3],
			"rotation": {"angle": 22.5, "axis": "y", "origin": [7, 30, 2]},
			"faces": {
				"north": {"uv": [3, 4, 4, 8], "texture": "#7"},
				"east": {"uv": [0, 0, 0, 0], "texture": "#7"},
				"south": {"uv": [0, 0, 0, 0], "texture": "#7"},
				"west": {"uv": [0, 0, 0, 0], "texture": "#7"},
				"up": {"uv": [1, 3, 2, 3.5], "texture": "#7"},
				"down": {"uv": [0, 0, 0, 0], "texture": "#7"}
			}
		},
		{
			"name": "Helmet FaceL",
			"from": [7.6625, 0.25, 1.39315],
			"to": [13.0782, 10.226, 3.3],
			"rotation": {"angle": -22.5, "axis": "y", "origin": [9, 30, 2]},
			"faces": {
				"north": {"uv": [2, 4, 3, 8], "texture": "#7"},
				"east": {"uv": [0, 0, 0, 0], "texture": "#7"},
				"south": {"uv": [0, 0, 0, 0], "texture": "#7"},
				"west": {"uv": [0, 0, 0, 0], "texture": "#7"},
				"up": {"uv": [2, 3.5, 1, 4], "texture": "#7"},
				"down": {"uv": [0, 0, 0, 0], "texture": "#7"}
			}
		},
		{
			"name": "Helmet InsideFaceR",
			"from": [2.86314, 0.499, 0.92856],
			"to": [8.52246, 8.475, 1.42856],
			"rotation": {"angle": 22.5, "axis": "y", "origin": [7, 30, 2]},
			"faces": {
				"north": {"uv": [5.25, 1, 6.5, 4], "texture": "#7"},
				"east": {"uv": [0, 0, 0, 0], "texture": "#7"},
				"south": {"uv": [1.25, 0.5, 1.25, 0.5], "texture": "#7"},
				"west": {"uv": [6.25, 1, 6.5, 4], "texture": "#7"},
				"up": {"uv": [6.5, 1, 5.25, 1.5], "texture": "#7"},
				"down": {"uv": [6.5, 3.5, 5.25, 4], "texture": "#7"}
			}
		},
		{
			"name": "Helmet InsideFaceL",
			"from": [7.47116, 0.5, 0.93121],
			"to": [13.13686, 8.477, 1.43121],
			"rotation": {"angle": -22.5, "axis": "y", "origin": [9, 30, 2]},
			"faces": {
				"north": {"uv": [4, 1, 5.25, 4], "texture": "#7"},
				"east": {"uv": [6.25, 1, 6.5, 4], "texture": "#7"},
				"south": {"uv": [0.25, 0.5, 0.25, 0.5], "texture": "#7"},
				"west": {"uv": [0, 0, 0, 0], "texture": "#7"},
				"up": {"uv": [5.25, 1, 4, 1.5], "texture": "#7"},
				"down": {"uv": [5.25, 3.5, 4, 4], "texture": "#7"}
			}
		},
		{
			"name": "Helmet inverted",
			"from": [13, 10.25, 13],
			"to": [2.99899, 0.25, 2.99756],
			"faces": {
				"north": {"uv": [6, 8, 8, 4], "texture": "#7"},
				"east": {"uv": [4, 8, 6, 4], "texture": "#7"},
				"south": {"uv": [0, 0, 0, 0], "texture": "#7"},
				"west": {"uv": [0, 8, 2, 4], "texture": "#7"},
				"up": {"uv": [0, 0, 0, 0], "texture": "#7"},
				"down": {"uv": [2, 4, 4, 0], "texture": "#7"}
			}
		},
		{
			"name": "Helmet FaceL inverted",
			"from": [13.0782, 10.226, 3.3],
			"to": [7.6625, 0.25, 1.39315],
			"rotation": {"angle": -22.5, "axis": "y", "origin": [9, 30, 2]},
			"faces": {
				"north": {"uv": [0, 0, 0, 0], "texture": "#7"},
				"east": {"uv": [0, 0, 0, 0], "texture": "#7"},
				"south": {"uv": [2, 8, 3, 4], "texture": "#7"},
				"west": {"uv": [0, 0, 0, 0], "texture": "#7"},
				"up": {"uv": [0, 0, 0, 0], "texture": "#7"},
				"down": {"uv": [1, 3.5, 2, 4], "texture": "#7"}
			}
		},
		{
			"name": "Helmet FaceR inverted",
			"from": [8.33111, 10.226, 3.3],
			"to": [2.9218, 0.25, 1.3905],
			"rotation": {"angle": 22.5, "axis": "y", "origin": [7, 30, 2]},
			"faces": {
				"north": {"uv": [0, 0, 0, 0], "texture": "#7"},
				"east": {"uv": [0, 0, 0, 0], "texture": "#7"},
				"south": {"uv": [3, 8, 4, 4], "texture": "#7"},
				"west": {"uv": [0, 0, 0, 0], "texture": "#7"},
				"up": {"uv": [0, 0, 0, 0], "texture": "#7"},
				"down": {"uv": [2, 3, 1, 3.5], "texture": "#7"}
			}
		},
		{
			"from": [7.5, 10.22234, 2.15537],
			"to": [8.5, 14.22234, 2.15537],
			"rotation": {"angle": 0, "axis": "x", "origin": [8, 10.72234, 5.03037]},
			"faces": {
				"north": {"uv": [11.25, 2, 11.5, 4], "texture": "#7"},
				"east": {"uv": [1, 2.5, 2, 3], "texture": "#7"},
				"south": {"uv": [11.25, 2, 11.5, 4], "texture": "#7"},
				"west": {"uv": [0, 0, 0, 2], "texture": "#7"},
				"up": {"uv": [0, 0, 0.25, 0], "texture": "#7"},
				"down": {"uv": [0, 0, 0.25, 0], "texture": "#7"}
			}
		},
		{
			"from": [4.5, 10.3201, 3.92073],
			"to": [7.5, 13.3201, 3.92073],
			"rotation": {"angle": 45, "axis": "x", "origin": [7, 12.0701, 2.92073]},
			"faces": {
				"north": {"uv": [7.75, 0, 7, 1.5], "texture": "#7"},
				"east": {"uv": [0, 0, 0, 1.5], "texture": "#7"},
				"south": {"uv": [7, 0, 7.75, 1.5], "texture": "#7"},
				"west": {"uv": [0, 0, 0, 1.5], "texture": "#7"},
				"up": {"uv": [0, 0, 0.75, 0], "texture": "#7"},
				"down": {"uv": [0, 0, 0.75, 0], "texture": "#7"}
			}
		},
		{
			"from": [8.5, 10.3201, 3.92073],
			"to": [11.5, 13.3201, 3.92073],
			"rotation": {"angle": 45, "axis": "x", "origin": [9, 12.0701, 2.92073]},
			"faces": {
				"north": {"uv": [7, 0, 7.75, 1.5], "texture": "#7"},
				"east": {"uv": [0, 0, 0, 1.5], "texture": "#7"},
				"south": {"uv": [7.75, 0, 7, 1.5], "texture": "#7"},
				"west": {"uv": [0, 0, 0, 1.5], "texture": "#7"},
				"up": {"uv": [0.75, 0, 1.5, 0], "texture": "#7"},
				"down": {"uv": [0.75, 0, 1.5, 0], "texture": "#7"}
			}
		},
		{
			"from": [8, 10.22234, 2.15537],
			"to": [8, 18.22234, 15.15537],
			"rotation": {"angle": 0, "axis": "y", "origin": [8, 12.22234, 2.15537]},
			"faces": {
				"north": {"uv": [6.25, 0, 6.25, 2], "texture": "#7"},
				"east": {"uv": [8.5, 0, 11.5, 4], "texture": "#7"},
				"south": {"uv": [0, 0, 0, 2], "texture": "#7"},
				"west": {"uv": [11.5, 0, 8.5, 4], "texture": "#7"},
				"up": {"uv": [0, 0, 2.5, 0], "rotation": 90, "texture": "#7"},
				"down": {"uv": [0, 0, 2.5, 0], "rotation": 270, "texture": "#7"}
			}
		},
		{
			"name": "Helmet InsideFaceR inverted",
			"from": [8.52246, 8.475, 1.42856],
			"to": [2.86314, 0.499, 0.92856],
			"rotation": {"angle": 22.5, "axis": "y", "origin": [7, 30, 2]},
			"faces": {
				"north": {"uv": [1.25, 0.5, 1.25, 0.5], "texture": "#7"},
				"east": {"uv": [6.25, 4, 6.5, 1], "texture": "#7"},
				"south": {"uv": [5.25, 4, 6.5, 1], "texture": "#7"},
				"west": {"uv": [0, 0, 0, 0], "texture": "#7"},
				"up": {"uv": [5.25, 3.5, 6.5, 4], "texture": "#7"},
				"down": {"uv": [5.25, 1, 6.5, 1.5], "texture": "#7"}
			}
		},
		{
			"name": "Helmet InsideFaceL inverted",
			"from": [13.13686, 8.477, 1.43121],
			"to": [7.47116, 0.5, 0.93121],
			"rotation": {"angle": -22.5, "axis": "y", "origin": [9, 30, 2]},
			"faces": {
				"north": {"uv": [0.25, 0.5, 0.25, 0.5], "texture": "#7"},
				"east": {"uv": [0, 0, 0, 0], "texture": "#7"},
				"south": {"uv": [4, 4, 5.25, 1], "texture": "#7"},
				"west": {"uv": [6.25, 4, 6.5, 1], "texture": "#7"},
				"up": {"uv": [4, 3.5, 5.25, 4], "texture": "#7"},
				"down": {"uv": [4, 1, 5.25, 1.5], "texture": "#7"}
			}
		},
		{
			"from": [2.76802, 5.722, 2.59323],
			"to": [2.95936, 8.472, 6.59323],
			"rotation": {"angle": 0, "axis": "x", "origin": [2.86369, 7.475, 3.59323]},
			"faces": {
				"north": {"uv": [0, 0, 0.04784, 1.375], "texture": "#7"},
				"east": {"uv": [0, 0, 1, 1.375], "texture": "#7"},
				"south": {"uv": [7.5, 1.5, 7.75, 2.5], "texture": "#7"},
				"west": {"uv": [7, 1.5, 7.75, 2.5], "texture": "#7"},
				"up": {"uv": [7, 1.5, 7.25, 3], "texture": "#7"},
				"down": {"uv": [7.25, 2.5, 7, 3], "texture": "#7"}
			}
		},
		{
			"from": [13.04064, 5.722, 2.59323],
			"to": [13.23198, 8.472, 6.59323],
			"rotation": {"angle": 0, "axis": "x", "origin": [13.13631, 7.475, 3.59323]},
			"faces": {
				"north": {"uv": [0.04784, 0, 0, 1.375], "texture": "#7"},
				"east": {"uv": [8.5, 1.5, 7.75, 2.5], "texture": "#7"},
				"south": {"uv": [7.75, 1.5, 7.5, 2.5], "texture": "#7"},
				"west": {"uv": [1, 0, 0, 1.375], "texture": "#7"},
				"up": {"uv": [7.25, 1.5, 7, 3], "texture": "#7"},
				"down": {"uv": [7, 2.5, 7.25, 3], "texture": "#7"}
			}
		}
	],
	"gui_light": "front",
	"display": {
		"thirdperson_righthand": {
			"rotation": [75, 45, 0],
			"translation": [0, 2.5, 0],
			"scale": [0.375, 0.375, 0.375]
		},
		"thirdperson_lefthand": {
			"rotation": [75, 45, 0],
			"translation": [0, 2.5, 0],
			"scale": [0.375, 0.375, 0.375]
		},
		"firstperson_righthand": {
			"rotation": [0, 45, 0],
			"scale": [0.4, 0.4, 0.4]
		},
		"firstperson_lefthand": {
			"rotation": [0, 45, 0],
			"scale": [0.4, 0.4, 0.4]
		},
		"ground": {
			"rotation": [13, 0, 0],
			"translation": [0, 2.75, 1],
			"scale": [0.9, 0.9, 0.9]
		},
		"gui": {
			"rotation": [23, 157, 0],
			"translation": [0, 2.75, 0]
		},
		"head": {
			"translation": [0, 4, 0],
			"scale": [1.49, 1.49, 1.49]
		},
		"fixed": {
			"rotation": [-80, 0, 0],
			"translation": [0, 0, -14.1],
			"scale": [2, 2, 2]
		}
	},
	"groups": [
		{
			"name": "Head",
			"origin": [0, 24, 0],
			"rotation": [6, -5, 0],
			"color": 0,
			"nbt": "{}",
			"children": [0, 1, 2, 3, 4, 5, 6, 7, 8, 9, 10, 11, 12, 13]
		},
		14,
		15
	]
}