{
	"credit": "Made with Blockbench",
	"texture_size": [256, 256],
	"textures": {
		"1": "custom/weapons/sword/irondagger",
		"5": "custom/environment/questboard/questboard",
		"particle": "custom/weapons/sword/irondagger"
	},
	"elements": [
		{
			"from": [-5.74922, 8.73925, 7.47289],
			"to": [20.75578, 20.70925, 8.49889],
			"rotation": {"angle": 0, "axis": "y", "origin": [7.5, 13.72022, 7.98389]},
			"faces": {
				"north": {"uv": [0, 8, 3.875, 9.75], "texture": "#5"},
				"east": {"uv": [2.5, 12.5, 2.75, 14.25], "texture": "#5"},
				"south": {"uv": [0, 8, 3.875, 9.75], "texture": "#5"},
				"west": {"uv": [4.5, 10.5, 4.75, 12.25], "texture": "#5"},
				"up": {"uv": [7.875, 9.75, 4, 9.5], "texture": "#5"},
				"down": {"uv": [7.875, 9.75, 4, 10], "texture": "#5"}
			}
		},
		{
			"from": [20.75578, 7.02925, 7.04539],
			"to": [22.46578, 22.41925, 8.92639],
			"rotation": {"angle": 0, "axis": "y", "origin": [7.5, 13.72022, 7.98389]},
			"faces": {
				"north": {"uv": [1.5, 12.5, 1.75, 14.75], "texture": "#5"},
				"east": {"uv": [1.5, 12.5, 1.75, 14.75], "texture": "#5"},
				"south": {"uv": [1.75, 12.5, 1.5, 14.75], "texture": "#5"},
				"west": {"uv": [0, 12.5, 0.0625, 14.75], "texture": "#5"},
				"up": {"uv": [3.75, 12.75, 4, 12.5], "texture": "#5"},
				"down": {"uv": [4.75, 10.875, 5, 11.125], "texture": "#5"}
			}
		},
		{
			"from": [-7.45922, 7.02925, 7.04539],
			"to": [-5.74922, 22.41925, 8.92639],
			"rotation": {"angle": 0, "axis": "y", "origin": [7.5, 13.72022, 7.98389]},
			"faces": {
				"north": {"uv": [2, 12.5, 2.25, 14.75], "texture": "#5"},
				"east": {"uv": [0.8125, 12.5, 0.875, 14.75], "texture": "#5"},
				"south": {"uv": [2.25, 12.5, 2, 14.75], "texture": "#5"},
				"west": {"uv": [2, 12.5, 2.25, 14.75], "texture": "#5"},
				"up": {"uv": [4, 12.75, 3.75, 12.5], "texture": "#5"},
				"down": {"uv": [5, 10.875, 4.75, 11.125], "texture": "#5"}
			}
		},
		{
			"from": [-5.74922, 20.70925, 7.04539],
			"to": [20.75578, 22.41925, 8.92639],
			"rotation": {"angle": 0, "axis": "z", "origin": [7.5, 13.72022, 7.98389]},
			"faces": {
				"north": {"uv": [4, 9, 7.875, 9.25], "texture": "#5"},
				"east": {"uv": [3.25, 12.5, 3.625, 12.75], "texture": "#5"},
				"south": {"uv": [7.875, 9, 4, 9.25], "texture": "#5"},
				"west": {"uv": [4.5, 12.25, 4.875, 12.5], "texture": "#5"},
				"up": {"uv": [4, 9, 7.875, 9.25], "texture": "#5"},
				"down": {"uv": [3.875, 12.3125, 0, 12.375], "texture": "#5"}
			}
		},
		{
			"from": [-5.74922, 7.02925, 7.04539],
			"to": [20.75578, 8.73925, 8.92639],
			"rotation": {"angle": 0, "axis": "z", "origin": [7.5, 13.72022, 7.98389]},
			"faces": {
				"north": {"uv": [4, 10, 7.875, 10.25], "texture": "#5"},
				"east": {"uv": [4.5, 12.5, 4.875, 12.75], "texture": "#5"},
				"south": {"uv": [7.875, 10, 4, 10.25], "texture": "#5"},
				"west": {"uv": [4.75, 10.5, 5.125, 10.75], "texture": "#5"},
				"up": {"uv": [7.875, 8.375, 4, 8.3125], "texture": "#5"},
				"down": {"uv": [4, 10, 7.875, 10.25], "texture": "#5"}
			}
		},
		{
			"from": [10.05, 11.245, 7.27],
			"to": [13.535, 16.195, 7.27],
			"rotation": {"angle": -22.5, "axis": "z", "origin": [8.3075, 11.9925, 7.1675]},
			"faces": {
				"north": {"uv": [10.5, 4, 11.375, 5.25], "texture": "#5"},
				"east": {"uv": [8, 0, 8, 1.25], "texture": "#5"},
				"south": {"uv": [10.5, 4, 11.375, 5.25], "texture": "#5"},
				"west": {"uv": [8, 0, 8, 1.25], "texture": "#5"},
				"up": {"uv": [8.875, 0, 8, 0], "texture": "#5"},
				"down": {"uv": [8.875, 0, 8, 0], "texture": "#5"}
			}
		},
		{
			"from": [14.97, 9.095, 7.27],
			"to": [20.3, 12.915, 7.27],
			"rotation": {"angle": 0, "axis": "y", "origin": [17.225, 17.015, 7.1675]},
			"faces": {
				"north": {"uv": [8, 3, 9.375, 4], "texture": "#5"},
				"east": {"uv": [8, 0, 8, 1], "texture": "#5"},
				"south": {"uv": [8, 3, 9.375, 4], "texture": "#5"},
				"west": {"uv": [8, 0, 8, 1], "texture": "#5"},
				"up": {"uv": [9.375, 0, 8, 0], "texture": "#5"},
				"down": {"uv": [9.375, 0, 8, 0], "texture": "#5"}
			}
		},
		{
			"from": [9.435, 15.58, 7.27],
			"to": [13.535, 20.5, 7.27],
			"rotation": {"angle": 0, "axis": "y", "origin": [19.685, 17.015, 7.1675]},
			"faces": {
				"north": {"uv": [9.5, 3.5, 10.5, 4.75], "texture": "#5"},
				"east": {"uv": [8, 0, 8, 1.25], "texture": "#5"},
				"south": {"uv": [9.5, 3.5, 10.5, 4.75], "texture": "#5"},
				"west": {"uv": [8, 0, 8, 1.25], "texture": "#5"},
				"up": {"uv": [9, 0, 8, 0], "texture": "#5"},
				"down": {"uv": [9, 0, 8, 0], "texture": "#5"}
			}
		},
		{
			"from": [15.175, 14.145, 7.27],
			"to": [19.275, 19.885, 7.27],
			"rotation": {"angle": 22.5, "axis": "z", "origin": [17.225, 17.015, 7.1675]},
			"faces": {
				"north": {"uv": [11.25, 1, 12.25, 2.375], "texture": "#5"},
				"east": {"uv": [8, 0, 8, 1.375], "texture": "#5"},
				"south": {"uv": [11.25, 1, 12.25, 2.375], "texture": "#5"},
				"west": {"uv": [8, 0, 8, 1.375], "texture": "#5"},
				"up": {"uv": [9, 0, 8, 0], "texture": "#5"},
				"down": {"uv": [9, 0, 8, 0], "texture": "#5"}
			}
		},
		{
			"from": [3.9, 12.71, 7.27],
			"to": [8.82, 19.27, 7.27],
			"rotation": {"angle": 0, "axis": "y", "origin": [19.685, 17.015, 7.1675]},
			"faces": {
				"north": {"uv": [10, 0, 11.25, 1.625], "texture": "#5"},
				"east": {"uv": [8, 0, 8, 1.625], "texture": "#5"},
				"south": {"uv": [10, 0, 11.25, 1.625], "texture": "#5"},
				"west": {"uv": [8, 0, 8, 1.625], "texture": "#5"},
				"up": {"uv": [9.25, 0, 8, 0], "texture": "#5"},
				"down": {"uv": [9.25, 0, 8, 0], "texture": "#5"}
			}
		},
		{
			"from": [-4.895, 14.07, 7.27],
			"to": [3.285, 20.31, 7.27],
			"rotation": {"angle": 0, "axis": "y", "origin": [19.685, 17.015, 7.1675]},
			"faces": {
				"north": {"uv": [8, 0, 10, 1.5], "texture": "#5"},
				"east": {"uv": [8, 0, 8, 1.5], "texture": "#5"},
				"south": {"uv": [8, 0, 10, 1.5], "texture": "#5"},
				"west": {"uv": [8, 0, 8, 1.5], "texture": "#5"},
				"up": {"uv": [10, 0, 8, 0], "texture": "#5"},
				"down": {"uv": [10, 0, 8, 0], "texture": "#5"}
			}
		},
		{
			"from": [-2.625, 9.24, 7.27],
			"to": [-0.37, 13.545, 7.27],
			"rotation": {"angle": 0, "axis": "y", "origin": [19.685, 17.015, 7.1675]},
			"faces": {
				"north": {"uv": [12.25, 2.5, 12.875, 3.625], "texture": "#5"},
				"east": {"uv": [8, 0, 8, 1.125], "texture": "#5"},
				"south": {"uv": [12.25, 2.5, 12.875, 3.625], "texture": "#5"},
				"west": {"uv": [8, 0, 8, 1.125], "texture": "#5"},
				"up": {"uv": [8.625, 0, 8, 0], "texture": "#5"},
				"down": {"uv": [8.625, 0, 8, 0], "texture": "#5"}
			}
		},
		{
			"from": [-5.08, 11.2, 7.27],
			"to": [-3.03, 13.66, 7.27],
			"rotation": {"angle": 0, "axis": "y", "origin": [19.685, 17.015, 7.1675]},
			"faces": {
				"north": {"uv": [9, 4, 9.5, 4.625], "texture": "#5"},
				"east": {"uv": [8, 0, 8, 0.625], "texture": "#5"},
				"south": {"uv": [9, 4, 9.5, 4.625], "texture": "#5"},
				"west": {"uv": [8, 0, 8, 0.625], "texture": "#5"},
				"up": {"uv": [8.5, 0, 8, 0], "texture": "#5"},
				"down": {"uv": [8.5, 0, 8, 0], "texture": "#5"}
			}
		},
		{
			"from": [-5.405, 6.775, 6.97],
			"to": [-3.355, 8.415, 6.97],
			"rotation": {"angle": 0, "axis": "y", "origin": [19.685, 17.015, 7.1675]},
			"faces": {
				"north": {"uv": [9, 4.75, 9.5, 5.125], "texture": "#5"},
				"east": {"uv": [8, 0, 8, 0.375], "texture": "#5"},
				"south": {"uv": [9, 4.75, 9.5, 5.125], "texture": "#5"},
				"west": {"uv": [8, 0, 8, 0.375], "texture": "#5"},
				"up": {"uv": [8.5, 0, 8, 0], "texture": "#5"},
				"down": {"uv": [8.5, 0, 8, 0], "texture": "#5"}
			}
		},
		{
			"from": [-3.15, 5.86, 6.87],
			"to": [-1.05, 7.78, 6.87],
			"rotation": {"angle": 0, "axis": "y", "origin": [19.685, 17.015, 7.1675]},
			"faces": {
				"north": {"uv": [9.5, 3, 10, 3.5], "texture": "#5"},
				"east": {"uv": [8, 0, 8, 0.5], "texture": "#5"},
				"south": {"uv": [9.5, 3, 10, 3.5], "texture": "#5"},
				"west": {"uv": [8, 0, 8, 0.5], "texture": "#5"},
				"up": {"uv": [8.5, 0, 8, 0], "texture": "#5"},
				"down": {"uv": [8.5, 0, 8, 0], "texture": "#5"}
			}
		},
		{
			"from": [2.26, 9.225, 7.27],
			"to": [7.18, 11.685, 7.27],
			"rotation": {"angle": 0, "axis": "y", "origin": [19.685, 17.015, 7.1675]},
			"faces": {
				"north": {"uv": [12.25, 1, 13.5, 1.625], "texture": "#5"},
				"east": {"uv": [8, 0, 8, 0.625], "texture": "#5"},
				"south": {"uv": [12.25, 1, 13.5, 1.625], "texture": "#5"},
				"west": {"uv": [8, 0, 8, 0.625], "texture": "#5"},
				"up": {"uv": [9.25, 0, 8, 0], "texture": "#5"},
				"down": {"uv": [9.25, 0, 8, 0], "texture": "#5"}
			}
		},
		{
			"name": "hiltM",
			"from": [15.77571, 18.75447, 4.45464],
			"to": [16.62061, 19.59937, 5.29954],
			"rotation": {"angle": -45, "axis": "y", "origin": [16.19816, 19.17692, 4.87709]},
			"faces": {
				"north": {"uv": [1, 4, 2, 5], "rotation": 180, "texture": "#1"},
				"east": {"uv": [1, 4, 2, 5], "rotation": 270, "texture": "#1"},
				"south": {"uv": [1, 4, 2, 5], "texture": "#1"},
				"west": {"uv": [1, 4, 2, 5], "rotation": 90, "texture": "#1"},
				"up": {"uv": [2, 4, 1, 5], "rotation": 180, "texture": "#1"},
				"down": {"uv": [1, 4, 2, 5], "texture": "#1"}
			}
		},
		{
			"from": [15.68994, 19.00686, 4.79657],
			"to": [16.71355, 19.34699, 7.54488],
			"rotation": {"angle": 0, "axis": "x", "origin": [16.0308, 19.17589, 5.46397]},
			"faces": {
				"north": {"uv": [6.5, 7, 5, 7.5], "rotation": 180, "texture": "#1"},
				"east": {"uv": [3, 4, 3.5, 8], "rotation": 270, "texture": "#1"},
				"south": {"uv": [8.5, 4.5, 7, 4], "texture": "#1"},
				"west": {"uv": [4, 3, 4.5, 7], "rotation": 90, "texture": "#1"},
				"up": {"uv": [0, 0, 1.5, 4], "rotation": 180, "texture": "#1"},
				"down": {"uv": [1.5, 0, 0, 4], "texture": "#1"}
			}
		},
		{
			"from": [15.90774, 18.88292, 3.076],
			"to": [16.49574, 19.47092, 4.84],
			"rotation": {"angle": 0, "axis": "x", "origin": [16.0308, 19.17589, 5.46397]},
			"faces": {
				"north": {"uv": [7, 3, 6, 4], "rotation": 180, "texture": "#1"},
				"east": {"uv": [0, 4, 1, 6.5], "rotation": 270, "texture": "#1"},
				"south": {"uv": [7, 3, 6, 2], "texture": "#1"},
				"west": {"uv": [1, 4, 0, 6.5], "rotation": 90, "texture": "#1"},
				"up": {"uv": [0, 4, 1, 6.5], "rotation": 180, "texture": "#1"},
				"down": {"uv": [1, 4, 0, 6.5], "texture": "#1"}
			}
		},
		{
			"from": [15.84381, 18.88966, 2.56066],
			"to": [16.55293, 19.59937, 3.27038],
			"rotation": {"angle": -45, "axis": "y", "origin": [16.19837, 19.24451, 2.91552]},
			"faces": {
				"north": {"uv": [7, 4, 6, 5], "rotation": 180, "texture": "#1"},
				"east": {"uv": [7, 4, 6, 5], "rotation": 270, "texture": "#1"},
				"south": {"uv": [7, 4, 6, 5], "texture": "#1"},
				"west": {"uv": [6, 4, 7, 5], "rotation": 90, "texture": "#1"},
				"up": {"uv": [6, 4, 7, 5], "rotation": 180, "texture": "#1"},
				"down": {"uv": [7, 4, 6, 5], "texture": "#1"}
			}
		}
	],
	"gui_light": "front",
	"display": {
		"thirdperson_righthand": {
			"scale": [0.29, 0.29, 0.29]
		},
		"thirdperson_lefthand": {
			"scale": [0.29, 0.29, 0.29]
		},
		"firstperson_righthand": {
			"rotation": [0, 121, 0],
			"scale": [0.39, 0.39, 0.39]
		},
		"firstperson_lefthand": {
			"rotation": [0, 121, 0],
			"scale": [0.39, 0.39, 0.39]
		},
		"gui": {
			"rotation": [10, 143, 0],
			"translation": [0, -2.5, 0],
			"scale": [0.54, 0.54, 0.54]
		},
		"fixed": {
			"translation": [0, 0, -3.75],
			"scale": [4, 4, 4]
		}
	},
	"groups": [
		{
			"name": "boardstructure",
			"origin": [0, 0, 0],
			"color": 0,
			"nbt": "{}",
			"children": [0, 1, 2, 3, 4]
		},
		{
			"name": "stuff on board",
			"origin": [0, 0, 0],
			"color": 0,
			"nbt": "{}",
			"children": [
				{
					"name": "sword",
					"origin": [7.95754, 4.70612, 18.99962],
					"color": 0,
					"nbt": "{}",
					"children": []
				}
			]
		},
		{
			"name": "paper",
			"origin": [19.685, 17.015, 7.1675],
			"color": 0,
			"nbt": "{}",
			"children": [5, 6, 7, 8, 9, 10, 11, 12, 13, 14, 15]
		},
		{
			"name": "Iron Dagger",
			"origin": [7.99958, 1.02038, 8],
			"color": 0,
			"nbt": "{}",
			"children": [16, 17, 18, 19]
		}
	]
}