{
	"credit": "Made with Blockbench",
	"textures": {
		"0": "custom/ui/playermenu/tabs/home",
		"particle": "custom/ui/playermenu/tabs/home"
	},
	"elements": [
		{
			"name": "home_0",
			"from": [0, 15.11111, 0],
			"to": [16, 16, 0.88889],
			"faces": {
				"north": {"uv": [16, 0, 0, 1], "texture": "#0"},
				"east": {"uv": [15.11111, 0, 16, 1], "texture": "#0"},
				"south": {"uv": [0, 0, 16, 1], "texture": "#0"},
				"west": {"uv": [0, 0, 0.88889, 1], "texture": "#0"},
				"up": {"uv": [0, 0, 16, 1], "texture": "#0"},
				"down": {"uv": [0, 0, 16, 1], "texture": "#0"}
			}
		},
		{
			"name": "home_1",
			"from": [0.88889, 13.33333, 0],
			"to": [16, 15.11111, 0.88889],
			"faces": {
				"north": {"uv": [16, 1, 0.88889, 3], "texture": "#0"},
				"east": {"uv": [15.11111, 1, 16, 3], "texture": "#0"},
				"south": {"uv": [0.88889, 1, 16, 3], "texture": "#0"},
				"west": {"uv": [0.88889, 1, 1.77778, 3], "texture": "#0"},
				"up": {"uv": [0.88889, 1, 16, 2], "texture": "#0"},
				"down": {"uv": [0.88889, 2, 16, 3], "texture": "#0"}
			}
		},
		{
			"name": "home_2",
			"from": [1.77778, 11.55556, 0],
			"to": [16, 13.33333, 0.88889],
			"faces": {
				"north": {"uv": [16, 3, 1.77778, 5], "texture": "#0"},
				"east": {"uv": [15.11111, 3, 16, 5], "texture": "#0"},
				"south": {"uv": [1.77778, 3, 16, 5], "texture": "#0"},
				"west": {"uv": [1.77778, 3, 2.66667, 5], "texture": "#0"},
				"up": {"uv": [1.77778, 3, 16, 4], "texture": "#0"},
				"down": {"uv": [1.77778, 4, 16, 5], "texture": "#0"}
			}
		},
		{
			"name": "home_3",
			"from": [2.66667, 9.77778, 0],
			"to": [16, 11.55556, 0.88889],
			"faces": {
				"north": {"uv": [16, 5, 2.66667, 7], "texture": "#0"},
				"east": {"uv": [15.11111, 5, 16, 7], "texture": "#0"},
				"south": {"uv": [2.66667, 5, 16, 7], "texture": "#0"},
				"west": {"uv": [2.66667, 5, 3.55556, 7], "texture": "#0"},
				"up": {"uv": [2.66667, 5, 16, 6], "texture": "#0"},
				"down": {"uv": [2.66667, 6, 16, 7], "texture": "#0"}
			}
		},
		{
			"name": "home_4",
			"from": [3.55556, 1.77778, 0],
			"to": [16, 9.77778, 0.88889],
			"faces": {
				"north": {"uv": [16, 7, 3.55556, 16], "texture": "#0"},
				"east": {"uv": [15.11111, 7, 16, 16], "texture": "#0"},
				"south": {"uv": [3.55556, 7, 16, 16], "texture": "#0"},
				"west": {"uv": [3.55556, 7, 4.44444, 16], "texture": "#0"},
				"up": {"uv": [3.55556, 7, 16, 8], "texture": "#0"},
				"down": {"uv": [3.55556, 15, 16, 16], "texture": "#0"}
			}
		},
		{
			"name": "home_5",
			"from": [2.66667, 1.77778, 0],
			"to": [3.55556, 8, 0.88889],
			"faces": {
				"north": {"uv": [3.55556, 9, 2.66667, 16], "texture": "#0"},
				"east": {"uv": [2.66667, 9, 3.55556, 16], "texture": "#0"},
				"south": {"uv": [2.66667, 9, 3.55556, 16], "texture": "#0"},
				"west": {"uv": [2.66667, 9, 3.55556, 16], "texture": "#0"},
				"up": {"uv": [2.66667, 9, 3.55556, 10], "texture": "#0"},
				"down": {"uv": [2.66667, 15, 3.55556, 16], "texture": "#0"}
			}
		},
		{
			"name": "home_6",
			"from": [1.77778, 1.77778, 0],
			"to": [2.66667, 6.22222, 0.88889],
			"faces": {
				"north": {"uv": [2.66667, 11, 1.77778, 16], "texture": "#0"},
				"east": {"uv": [1.77778, 11, 2.66667, 16], "texture": "#0"},
				"south": {"uv": [1.77778, 11, 2.66667, 16], "texture": "#0"},
				"west": {"uv": [1.77778, 11, 2.66667, 16], "texture": "#0"},
				"up": {"uv": [1.77778, 11, 2.66667, 12], "texture": "#0"},
				"down": {"uv": [1.77778, 15, 2.66667, 16], "texture": "#0"}
			}
		},
		{
			"name": "home_7",
			"from": [0.88889, 1.77778, 0],
			"to": [1.77778, 4.44444, 0.88889],
			"faces": {
				"north": {"uv": [1.77778, 13, 0.88889, 16], "texture": "#0"},
				"east": {"uv": [0.88889, 13, 1.77778, 16], "texture": "#0"},
				"south": {"uv": [0.88889, 13, 1.77778, 16], "texture": "#0"},
				"west": {"uv": [0.88889, 13, 1.77778, 16], "texture": "#0"},
				"up": {"uv": [0.88889, 13, 1.77778, 14], "texture": "#0"},
				"down": {"uv": [0.88889, 15, 1.77778, 16], "texture": "#0"}
			}
		},
		{
			"name": "home_8",
			"from": [0, 1.77778, 0],
			"to": [0.88889, 2.66667, 0.88889],
			"faces": {
				"north": {"uv": [0.88889, 15, 0, 16], "texture": "#0"},
				"east": {"uv": [0, 15, 0.88889, 16], "texture": "#0"},
				"south": {"uv": [0, 15, 0.88889, 16], "texture": "#0"},
				"west": {"uv": [0, 15, 0.88889, 16], "texture": "#0"},
				"up": {"uv": [0, 15, 0.88889, 16], "texture": "#0"},
				"down": {"uv": [0, 15, 0.88889, 16], "texture": "#0"}
			}
		}
	],
	"gui_light": "front",
	"display": {
		"gui": {
			"translation": [-3, -1, 0],
			"scale": [1.12, 1.12, 1.12]
		}
	},
	"groups": [
		{
			"name": "home",
			"origin": [8, 8, 8],
			"color": 0,
			"nbt": "{}",
			"children": [0, 1, 2, 3, 4, 5, 6, 7, 8]
		}
	]
}