{
	"credit": "Made with Blockbench",
	"texture_size": [58, 9],
	"textures": {
		"0": "custom/ui/playermenu/coalition/missions/progress10",
		"1": "custom/ui/playermenu/coalition/missions/progress1",
		"particle": "custom/ui/playermenu/coalition/missions/progress1"
	},
	"elements": [
		{
			"name": "progress10_1",
			"from": [-4.5, 10.875, 2.03448],
			"to": [-2.5, 12.375, 2.03448],
			"rotation": {"angle": 0, "axis": "y", "origin": [3.5, 3.875, 2.03448]},
			"faces": {
				"north": {"uv": [3.58621, 5.71429, 2.48276, 9.14286], "texture": "#0"},
				"east": {"uv": [3.31034, 5.71429, 3.58621, 9.14286], "texture": "#0"},
				"south": {"uv": [2.48276, 5.71429, 3.58621, 9.14286], "texture": "#0"},
				"west": {"uv": [2.48276, 5.71429, 2.75862, 9.14286], "texture": "#0"},
				"up": {"uv": [2.48276, 5.71429, 3.58621, 6.85714], "texture": "#0"},
				"down": {"uv": [2.48276, 8, 3.58621, 9.14286], "texture": "#0"}
			}
		},
		{
			"name": "progress20_2",
			"from": [-2, 10.875, 2.03448],
			"to": [0, 12.375, 2.03448],
			"rotation": {"angle": 0, "axis": "y", "origin": [3.5, 3.875, 2.03448]},
			"faces": {
				"north": {"uv": [3.58621, 5.71429, 2.48276, 9.14286], "texture": "#0"},
				"east": {"uv": [3.31034, 5.71429, 3.58621, 9.14286], "texture": "#0"},
				"south": {"uv": [2.48276, 5.71429, 3.58621, 9.14286], "texture": "#0"},
				"west": {"uv": [2.48276, 5.71429, 2.75862, 9.14286], "texture": "#0"},
				"up": {"uv": [2.48276, 5.71429, 3.58621, 6.85714], "texture": "#0"},
				"down": {"uv": [2.48276, 8, 3.58621, 9.14286], "texture": "#0"}
			}
		},
		{
			"name": "progress30_3",
			"from": [0.5, 10.875, 2.03448],
			"to": [2.5, 12.375, 2.03448],
			"rotation": {"angle": 0, "axis": "y", "origin": [3.5, 3.875, 2.03448]},
			"faces": {
				"north": {"uv": [3.58621, 5.71429, 2.48276, 9.14286], "texture": "#0"},
				"east": {"uv": [3.31034, 5.71429, 3.58621, 9.14286], "texture": "#0"},
				"south": {"uv": [2.48276, 5.71429, 3.58621, 9.14286], "texture": "#0"},
				"west": {"uv": [2.48276, 5.71429, 2.75862, 9.14286], "texture": "#0"},
				"up": {"uv": [2.48276, 5.71429, 3.58621, 6.85714], "texture": "#0"},
				"down": {"uv": [2.48276, 8, 3.58621, 9.14286], "texture": "#0"}
			}
		},
		{
			"name": "progress40_4",
			"from": [3, 10.875, 2.03448],
			"to": [5, 12.375, 2.03448],
			"rotation": {"angle": 0, "axis": "y", "origin": [3.5, 3.875, 2.03448]},
			"faces": {
				"north": {"uv": [3.58621, 5.71429, 2.48276, 9.14286], "texture": "#0"},
				"east": {"uv": [3.31034, 5.71429, 3.58621, 9.14286], "texture": "#0"},
				"south": {"uv": [2.48276, 5.71429, 3.58621, 9.14286], "texture": "#0"},
				"west": {"uv": [2.48276, 5.71429, 2.75862, 9.14286], "texture": "#0"},
				"up": {"uv": [2.48276, 5.71429, 3.58621, 6.85714], "texture": "#0"},
				"down": {"uv": [2.48276, 8, 3.58621, 9.14286], "texture": "#0"}
			}
		},
		{
			"name": "progress50_5",
			"from": [5.5, 10.875, 2.03448],
			"to": [7.5, 12.375, 2.03448],
			"rotation": {"angle": 0, "axis": "y", "origin": [3.5, 3.875, 2.03448]},
			"faces": {
				"north": {"uv": [3.58621, 5.71429, 2.48276, 9.14286], "texture": "#0"},
				"east": {"uv": [3.31034, 5.71429, 3.58621, 9.14286], "texture": "#0"},
				"south": {"uv": [2.48276, 5.71429, 3.58621, 9.14286], "texture": "#0"},
				"west": {"uv": [2.48276, 5.71429, 2.75862, 9.14286], "texture": "#0"},
				"up": {"uv": [2.48276, 5.71429, 3.58621, 6.85714], "texture": "#0"},
				"down": {"uv": [2.48276, 8, 3.58621, 9.14286], "texture": "#0"}
			}
		},
		{
			"name": "progress60_6",
			"from": [8, 10.875, 2.03448],
			"to": [10, 12.375, 2.03448],
			"rotation": {"angle": 0, "axis": "y", "origin": [3.5, 3.875, 2.03448]},
			"faces": {
				"north": {"uv": [3.58621, 5.71429, 2.48276, 9.14286], "texture": "#0"},
				"east": {"uv": [3.31034, 5.71429, 3.58621, 9.14286], "texture": "#0"},
				"south": {"uv": [2.48276, 5.71429, 3.58621, 9.14286], "texture": "#0"},
				"west": {"uv": [2.48276, 5.71429, 2.75862, 9.14286], "texture": "#0"},
				"up": {"uv": [2.48276, 5.71429, 3.58621, 6.85714], "texture": "#0"},
				"down": {"uv": [2.48276, 8, 3.58621, 9.14286], "texture": "#0"}
			}
		},
		{
			"name": "progress70_7",
			"from": [10.5, 10.875, 2.03448],
			"to": [12.5, 12.375, 2.03448],
			"rotation": {"angle": 0, "axis": "y", "origin": [3.5, 3.875, 2.03448]},
			"faces": {
				"north": {"uv": [3.58621, 5.71429, 2.48276, 9.14286], "texture": "#0"},
				"east": {"uv": [3.31034, 5.71429, 3.58621, 9.14286], "texture": "#0"},
				"south": {"uv": [2.48276, 5.71429, 3.58621, 9.14286], "texture": "#0"},
				"west": {"uv": [2.48276, 5.71429, 2.75862, 9.14286], "texture": "#0"},
				"up": {"uv": [2.48276, 5.71429, 3.58621, 6.85714], "texture": "#0"},
				"down": {"uv": [2.48276, 8, 3.58621, 9.14286], "texture": "#0"}
			}
		},
		{
			"name": "progress80_8",
			"from": [13, 10.875, 2.03448],
			"to": [15, 12.375, 2.03448],
			"rotation": {"angle": 0, "axis": "y", "origin": [3.5, 3.875, 2.03448]},
			"faces": {
				"north": {"uv": [3.58621, 5.71429, 2.48276, 9.14286], "texture": "#0"},
				"east": {"uv": [3.31034, 5.71429, 3.58621, 9.14286], "texture": "#0"},
				"south": {"uv": [2.48276, 5.71429, 3.58621, 9.14286], "texture": "#0"},
				"west": {"uv": [2.48276, 5.71429, 2.75862, 9.14286], "texture": "#0"},
				"up": {"uv": [2.48276, 5.71429, 3.58621, 6.85714], "texture": "#0"},
				"down": {"uv": [2.48276, 8, 3.58621, 9.14286], "texture": "#0"}
			}
		},
		{
			"name": "progress90_9",
			"from": [15.5, 10.875, 2.03448],
			"to": [17.5, 12.375, 2.03448],
			"rotation": {"angle": 0, "axis": "y", "origin": [3.5, 3.875, 2.03448]},
			"faces": {
				"north": {"uv": [3.58621, 5.71429, 2.48276, 9.14286], "texture": "#0"},
				"east": {"uv": [3.31034, 5.71429, 3.58621, 9.14286], "texture": "#0"},
				"south": {"uv": [2.48276, 5.71429, 3.58621, 9.14286], "texture": "#0"},
				"west": {"uv": [2.48276, 5.71429, 2.75862, 9.14286], "texture": "#0"},
				"up": {"uv": [2.48276, 5.71429, 3.58621, 6.85714], "texture": "#0"},
				"down": {"uv": [2.48276, 8, 3.58621, 9.14286], "texture": "#0"}
			}
		},
		{
			"name": "progress100_10",
			"from": [18, 10.875, 2.03448],
			"to": [20, 12.375, 2.03448],
			"rotation": {"angle": 0, "axis": "y", "origin": [3.5, 3.875, 2.03448]},
			"faces": {
				"north": {"uv": [3.58621, 5.71429, 2.48276, 9.14286], "texture": "#0"},
				"east": {"uv": [3.31034, 5.71429, 3.58621, 9.14286], "texture": "#0"},
				"south": {"uv": [2.48276, 5.71429, 3.58621, 9.14286], "texture": "#0"},
				"west": {"uv": [2.48276, 5.71429, 2.75862, 9.14286], "texture": "#0"},
				"up": {"uv": [2.48276, 5.71429, 3.58621, 6.85714], "texture": "#0"},
				"down": {"uv": [2.48276, 8, 3.58621, 9.14286], "texture": "#0"}
			}
		},
		{
			"name": "progress1_0",
			"from": [-9, 7.875, 4],
			"to": [-1, 14.875, 4],
			"rotation": {"angle": 0, "axis": "y", "origin": [4, 0, 4]},
			"faces": {
				"north": {"uv": [16, 0, 0, 16], "texture": "#1"},
				"east": {"uv": [12, 0, 16, 16], "texture": "#1"},
				"south": {"uv": [0, 0, 16, 16], "texture": "#1"},
				"west": {"uv": [0, 0, 4, 16], "texture": "#1"},
				"up": {"uv": [0, 0, 16, 5.33333], "texture": "#1"},
				"down": {"uv": [0, 10.66667, 16, 16], "texture": "#1"}
			}
		}
	],
	"gui_light": "front",
	"display": {
		"thirdperson_righthand": {
			"scale": [3.8626, 3.8626, 3.8626]
		},
		"gui": {
			"translation": [26, -5.75, 0],
			"scale": [2, 2, 2]
		}
	},
	"groups": [
		{
			"name": "progress10",
			"origin": [8, 8, 8],
			"color": 0,
			"nbt": "{}",
			"children": [0, 1, 2, 3, 4, 5, 6, 7, 8, 9]
		},
		{
			"name": "progress1",
			"origin": [8, 8, 8],
			"color": 0,
			"nbt": "{}",
			"children": [10]
		}
	]
}