{
	"credit": "Made with Blockbench",
	"ambientocclusion": false,
	"textures": {
		"0": "custom/ui/playermenu/coalition/missions/progress1",
		"particle": "custom/ui/playermenu/coalition/missions/progress1"
	},
	"elements": [
		{
			"name": "progress1_0",
			"from": [0, 4, 0],
			"to": [16, 18, 0],
			"faces": {
				"north": {"uv": [16, 0, 0, 16], "texture": "#0"},
				"east": {"uv": [12, 0, 16, 16], "texture": "#0"},
				"south": {"uv": [0, 0, 16, 16], "texture": "#0"},
				"west": {"uv": [0, 0, 4, 16], "texture": "#0"},
				"up": {"uv": [0, 0, 16, 5.33333], "texture": "#0"},
				"down": {"uv": [0, 10.66667, 16, 16], "texture": "#0"}
			}
		}
	],
	"gui_light": "front",
	"display": {
		"gui": {
			"translation": [-0.01, -2.01, 0]
		}
	},
	"groups": [
		{
			"name": "progress1",
			"origin": [8, 8, 8],
			"color": 0,
			"nbt": "{}",
			"children": [0]
		}
	]
}