{
	"credit": "Made with Blockbench",
	"texture_size": [64, 64],
	"textures": {
		"0": "custom/environment/merchantcart/merchantcart",
		"particle": "custom/environment/merchantcart/merchantcart"
	},
	"elements": [
		{
			"from": [1.5, 4.5, 0],
			"to": [14.5, 5.5, 23],
			"rotation": {"angle": 0, "axis": "y", "origin": [0, 0.5, 0]},
			"faces": {
				"north": {"uv": [6.5, 1.5, 9.75, 1.75], "texture": "#0"},
				"east": {"uv": [2, 5.75, 6.75, 6], "texture": "#0"},
				"south": {"uv": [6.5, 1.75, 9.75, 2], "texture": "#0"},
				"west": {"uv": [2, 6, 6.75, 6.25], "texture": "#0"},
				"up": {"uv": [3.25, 4.75, 0, 0], "texture": "#0"},
				"down": {"uv": [6.5, 0, 3.25, 4.75], "texture": "#0"}
			}
		},
		{
			"from": [1.5, 5.75, 21.5],
			"to": [14.5, 6.75, 25.5],
			"rotation": {"angle": 0, "axis": "y", "origin": [0, 0.5, 0]},
			"faces": {
				"north": {"uv": [6.5, 1.5, 9.75, 1.75], "texture": "#0"},
				"east": {"uv": [2, 5.75, 6.75, 6], "texture": "#0"},
				"south": {"uv": [6.5, 1.75, 9.75, 2], "texture": "#0"},
				"west": {"uv": [2, 6, 6.75, 6.25], "texture": "#0"},
				"up": {"uv": [3.25, 4.75, 0, 0], "texture": "#0"},
				"down": {"uv": [6.5, 0, 3.25, 4.75], "texture": "#0"}
			}
		},
		{
			"from": [12, 4.6625, 22.25],
			"to": [13.5, 6.1625, 23.25],
			"rotation": {"angle": 22.5, "axis": "x", "origin": [8, 5.1625, 22.75]},
			"faces": {
				"north": {"uv": [6.5, 0, 3.25, 4.75], "rotation": 180, "texture": "#0"},
				"east": {"uv": [2, 5.75, 6.75, 6], "rotation": 270, "texture": "#0"},
				"south": {"uv": [3.25, 4.75, 0, 0], "texture": "#0"},
				"west": {"uv": [2, 6, 6.75, 6.25], "rotation": 90, "texture": "#0"},
				"up": {"uv": [6.5, 1.5, 9.75, 1.75], "rotation": 180, "texture": "#0"},
				"down": {"uv": [6.5, 1.75, 9.75, 2], "texture": "#0"}
			}
		},
		{
			"from": [2.5, 4.6625, 22.25],
			"to": [4, 6.1625, 23.25],
			"rotation": {"angle": 22.5, "axis": "x", "origin": [8, 5.1625, 22.75]},
			"faces": {
				"north": {"uv": [3.25, 0, 6.5, 4.75], "rotation": 180, "texture": "#0"},
				"east": {"uv": [2, 6.25, 6.75, 6], "rotation": 90, "texture": "#0"},
				"south": {"uv": [0, 4.75, 3.25, 0], "texture": "#0"},
				"west": {"uv": [2, 6, 6.75, 5.75], "rotation": 270, "texture": "#0"},
				"up": {"uv": [9.75, 1.5, 6.5, 1.75], "rotation": 180, "texture": "#0"},
				"down": {"uv": [9.75, 1.75, 6.5, 2], "texture": "#0"}
			}
		},
		{
			"from": [5.75, 4.6625, 22.25],
			"to": [7.25, 6.1625, 23.25],
			"rotation": {"angle": 22.5, "axis": "x", "origin": [8, 5.1625, 22.75]},
			"faces": {
				"north": {"uv": [3.25, 0, 6.5, 4.75], "rotation": 180, "texture": "#0"},
				"east": {"uv": [2, 6.25, 6.75, 6], "rotation": 90, "texture": "#0"},
				"south": {"uv": [0, 4.75, 3.25, 0], "texture": "#0"},
				"west": {"uv": [2, 6, 6.75, 5.75], "rotation": 270, "texture": "#0"},
				"up": {"uv": [9.75, 1.5, 6.5, 1.75], "rotation": 180, "texture": "#0"},
				"down": {"uv": [9.75, 1.75, 6.5, 2], "texture": "#0"}
			}
		},
		{
			"from": [8.75, 4.6625, 22.25],
			"to": [10.25, 6.1625, 23.25],
			"rotation": {"angle": 22.5, "axis": "x", "origin": [8, 5.1625, 22.75]},
			"faces": {
				"north": {"uv": [6.5, 0, 3.25, 4.75], "rotation": 180, "texture": "#0"},
				"east": {"uv": [2, 5.75, 6.75, 6], "rotation": 270, "texture": "#0"},
				"south": {"uv": [3.25, 4.75, 0, 0], "texture": "#0"},
				"west": {"uv": [2, 6, 6.75, 6.25], "rotation": 90, "texture": "#0"},
				"up": {"uv": [6.5, 1.5, 9.75, 1.75], "rotation": 180, "texture": "#0"},
				"down": {"uv": [6.5, 1.75, 9.75, 2], "texture": "#0"}
			}
		},
		{
			"from": [1.5, 6, 0],
			"to": [14.5, 7, 3],
			"rotation": {"angle": 0, "axis": "y", "origin": [0, 0.5, 23.5]},
			"faces": {
				"north": {"uv": [9.75, 1.75, 6.5, 2], "texture": "#0"},
				"east": {"uv": [6.75, 5.75, 2, 6], "texture": "#0"},
				"south": {"uv": [9.75, 1.5, 6.5, 1.75], "texture": "#0"},
				"west": {"uv": [6.75, 6, 2, 6.25], "texture": "#0"},
				"up": {"uv": [3.25, 0, 0, 4.75], "texture": "#0"},
				"down": {"uv": [6.5, 4.75, 3.25, 0], "texture": "#0"}
			}
		},
		{
			"from": [2.5, 4.1625, 0.25],
			"to": [4, 7.4125, 3.75],
			"rotation": {"angle": -22.5, "axis": "x", "origin": [8, 5.1625, 0.75]},
			"faces": {
				"north": {"uv": [3.25, 4.75, 0, 0], "texture": "#0"},
				"east": {"uv": [2, 6, 6.75, 6.25], "rotation": 90, "texture": "#0"},
				"south": {"uv": [6.5, 0, 3.25, 4.75], "rotation": 180, "texture": "#0"},
				"west": {"uv": [2, 5.75, 6.75, 6], "rotation": 270, "texture": "#0"},
				"up": {"uv": [9.75, 1.75, 6.5, 1.5], "rotation": 180, "texture": "#0"},
				"down": {"uv": [9.75, 2, 6.5, 1.75], "texture": "#0"}
			}
		},
		{
			"from": [12, 4.1625, 0.25],
			"to": [13.5, 7.4125, 3.75],
			"rotation": {"angle": -22.5, "axis": "x", "origin": [8, 5.1625, 0.75]},
			"faces": {
				"north": {"uv": [0, 4.75, 3.25, 0], "texture": "#0"},
				"east": {"uv": [2, 6, 6.75, 5.75], "rotation": 270, "texture": "#0"},
				"south": {"uv": [3.25, 0, 6.5, 4.75], "rotation": 180, "texture": "#0"},
				"west": {"uv": [2, 6.25, 6.75, 6], "rotation": 90, "texture": "#0"},
				"up": {"uv": [6.5, 1.75, 9.75, 1.5], "rotation": 180, "texture": "#0"},
				"down": {"uv": [6.5, 2, 9.75, 1.75], "texture": "#0"}
			}
		},
		{
			"from": [-0.5, 4, 16.5],
			"to": [16.5, 5, 17.5],
			"rotation": {"angle": 0, "axis": "y", "origin": [0, 0.5, 1.5]},
			"faces": {
				"north": {"uv": [2, 6.25, 6.25, 6.5], "texture": "#0"},
				"east": {"uv": [7.75, 5.75, 8, 6], "texture": "#0"},
				"south": {"uv": [6.25, 6.25, 10.5, 6.5], "texture": "#0"},
				"west": {"uv": [7.75, 6, 8, 6.25], "texture": "#0"},
				"up": {"uv": [10.75, 0.25, 6.5, 0], "texture": "#0"},
				"down": {"uv": [10.75, 0.25, 6.5, 0.5], "texture": "#0"}
			}
		},
		{
			"from": [0.5, 3.6875, -1.75],
			"to": [15.5, 4.6875, -0.75],
			"rotation": {"angle": 0, "axis": "x", "origin": [8, 5, -1.5]},
			"faces": {
				"north": {"uv": [6.5, 0.5, 10.25, 0.75], "texture": "#0"},
				"east": {"uv": [7.75, 7, 8, 7.25], "texture": "#0"},
				"south": {"uv": [6.5, 0.75, 10.25, 1], "texture": "#0"},
				"west": {"uv": [7.75, 7.25, 8, 7.5], "texture": "#0"},
				"up": {"uv": [10.25, 1.25, 6.5, 1], "texture": "#0"},
				"down": {"uv": [10.25, 1.25, 6.5, 1.5], "texture": "#0"}
			}
		},
		{
			"from": [13.24843, 4.00105, -9],
			"to": [14.74843, 5.00105, 24.5],
			"rotation": {"angle": 22.5, "axis": "z", "origin": [13.99843, 4.50105, 11]},
			"faces": {
				"north": {"uv": [7.75, 3.5, 8.25, 3.75], "texture": "#0"},
				"east": {"uv": [2, 4.75, 9.25, 5], "texture": "#0"},
				"south": {"uv": [7.75, 3.75, 8.25, 4], "texture": "#0"},
				"west": {"uv": [2, 5, 9.25, 5.25], "texture": "#0"},
				"up": {"uv": [0.5, 12, 0, 4.75], "texture": "#0"},
				"down": {"uv": [1, 4.75, 0.5, 12], "texture": "#0"}
			}
		},
		{
			"from": [1.25157, 4.00105, -9],
			"to": [2.75157, 5.00105, 24.5],
			"rotation": {"angle": -22.5, "axis": "z", "origin": [2.00157, 4.50105, 11]},
			"faces": {
				"north": {"uv": [4, 7.75, 4.5, 8], "texture": "#0"},
				"east": {"uv": [2, 5.25, 9.25, 5.5], "texture": "#0"},
				"south": {"uv": [4.5, 7.75, 5, 8], "texture": "#0"},
				"west": {"uv": [2, 5.5, 9.25, 5.75], "texture": "#0"},
				"up": {"uv": [1.5, 12, 1, 4.75], "texture": "#0"},
				"down": {"uv": [2, 4.75, 1.5, 12], "texture": "#0"}
			}
		},
		{
			"name": "octagon",
			"from": [-0.5, 2.63604, 12.5],
			"to": [0.5, 6.36396, 13.5],
			"rotation": {"angle": 45, "axis": "x", "origin": [0, 4.5, 17]},
			"faces": {
				"north": {"uv": [2, 6.5, 2.25, 7.5], "texture": "#0"},
				"east": {"uv": [6.5, 2, 6.75, 3], "texture": "#0"},
				"south": {"uv": [2.25, 6.5, 2.5, 7.5], "texture": "#0"},
				"west": {"uv": [2.5, 6.5, 2.75, 7.5], "texture": "#0"},
				"up": {"uv": [8, 7.75, 7.75, 7.5], "texture": "#0"},
				"down": {"uv": [8, 7.75, 7.75, 8], "texture": "#0"}
			}
		},
		{
			"name": "octagon",
			"from": [-0.5, 2.63604, 12.5],
			"to": [0.5, 6.36396, 13.5],
			"rotation": {"angle": 0, "axis": "x", "origin": [0, 4.5, 17]},
			"faces": {
				"north": {"uv": [2.75, 6.5, 3, 7.5], "texture": "#0"},
				"east": {"uv": [3, 6.5, 3.25, 7.5], "texture": "#0"},
				"south": {"uv": [6.5, 3, 6.75, 4], "texture": "#0"},
				"west": {"uv": [3.25, 6.5, 3.5, 7.5], "texture": "#0"},
				"up": {"uv": [8.25, 2.75, 8, 2.5], "texture": "#0"},
				"down": {"uv": [8.25, 2.75, 8, 3], "texture": "#0"}
			}
		},
		{
			"name": "octagon",
			"from": [-0.5, 2.63604, 20.5],
			"to": [0.5, 6.36396, 21.5],
			"rotation": {"angle": 45, "axis": "x", "origin": [0, 4.5, 17]},
			"faces": {
				"north": {"uv": [3.5, 6.5, 3.75, 7.5], "texture": "#0"},
				"east": {"uv": [3.75, 6.5, 4, 7.5], "texture": "#0"},
				"south": {"uv": [4, 6.5, 4.25, 7.5], "texture": "#0"},
				"west": {"uv": [4.25, 6.5, 4.5, 7.5], "texture": "#0"},
				"up": {"uv": [8.25, 3.25, 8, 3], "texture": "#0"},
				"down": {"uv": [8.25, 3.25, 8, 3.5], "texture": "#0"}
			}
		},
		{
			"name": "octagon",
			"from": [-0.5, 2.63604, 20.5],
			"to": [0.5, 6.36396, 21.5],
			"rotation": {"angle": 0, "axis": "x", "origin": [0, 4.5, 17]},
			"faces": {
				"north": {"uv": [4.5, 6.5, 4.75, 7.5], "texture": "#0"},
				"east": {"uv": [4.75, 6.5, 5, 7.5], "texture": "#0"},
				"south": {"uv": [5, 6.5, 5.25, 7.5], "texture": "#0"},
				"west": {"uv": [5.25, 6.5, 5.5, 7.5], "texture": "#0"},
				"up": {"uv": [4.25, 8.25, 4, 8], "texture": "#0"},
				"down": {"uv": [4.5, 8, 4.25, 8.25], "texture": "#0"}
			}
		},
		{
			"name": "octagon",
			"from": [-0.5, 0, 15.13604],
			"to": [0.5, 1, 18.86396],
			"rotation": {"angle": 45, "axis": "x", "origin": [0, 4.5, 17]},
			"faces": {
				"north": {"uv": [4.5, 8, 4.75, 8.25], "texture": "#0"},
				"east": {"uv": [6.5, 4, 7.5, 4.25], "texture": "#0"},
				"south": {"uv": [4.75, 8, 5, 8.25], "texture": "#0"},
				"west": {"uv": [6.5, 4.25, 7.5, 4.5], "texture": "#0"},
				"up": {"uv": [5.75, 7.5, 5.5, 6.5], "texture": "#0"},
				"down": {"uv": [6, 6.5, 5.75, 7.5], "texture": "#0"}
			}
		},
		{
			"name": "octagon",
			"from": [-0.5, 0, 15.13604],
			"to": [0.5, 1, 18.86396],
			"rotation": {"angle": 0, "axis": "x", "origin": [0, 4.5, 17]},
			"faces": {
				"north": {"uv": [8, 5.75, 8.25, 6], "texture": "#0"},
				"east": {"uv": [6.5, 4.5, 7.5, 4.75], "texture": "#0"},
				"south": {"uv": [8, 6, 8.25, 6.25], "texture": "#0"},
				"west": {"uv": [6, 6.5, 7, 6.75], "texture": "#0"},
				"up": {"uv": [7, 3, 6.75, 2], "texture": "#0"},
				"down": {"uv": [7, 3, 6.75, 4], "texture": "#0"}
			}
		},
		{
			"name": "octagon",
			"from": [-0.5, 8, 15.13604],
			"to": [0.5, 9, 18.86396],
			"rotation": {"angle": 45, "axis": "x", "origin": [0, 4.5, 17]},
			"faces": {
				"north": {"uv": [8, 7, 8.25, 7.25], "texture": "#0"},
				"east": {"uv": [6.75, 5.75, 7.75, 6], "texture": "#0"},
				"south": {"uv": [8, 7.25, 8.25, 7.5], "texture": "#0"},
				"west": {"uv": [6, 6.75, 7, 7], "texture": "#0"},
				"up": {"uv": [7.25, 3, 7, 2], "texture": "#0"},
				"down": {"uv": [7.25, 3, 7, 4], "texture": "#0"}
			}
		},
		{
			"name": "octagon",
			"from": [-0.5, 8, 15.13604],
			"to": [0.5, 9, 18.86396],
			"rotation": {"angle": 0, "axis": "x", "origin": [0, 4.5, 17]},
			"faces": {
				"north": {"uv": [7.5, 8, 7.75, 8.25], "texture": "#0"},
				"east": {"uv": [6.75, 6, 7.75, 6.25], "texture": "#0"},
				"south": {"uv": [8, 7.5, 8.25, 7.75], "texture": "#0"},
				"west": {"uv": [6, 7, 7, 7.25], "texture": "#0"},
				"up": {"uv": [7.25, 7.5, 7, 6.5], "texture": "#0"},
				"down": {"uv": [7.5, 2, 7.25, 3], "texture": "#0"}
			}
		},
		{
			"name": "octagon",
			"from": [15.5, 2.63604, 12.5],
			"to": [16.5, 6.36396, 13.5],
			"rotation": {"angle": 45, "axis": "x", "origin": [16, 4.5, 17]},
			"faces": {
				"north": {"uv": [7.25, 3, 7.5, 4], "texture": "#0"},
				"east": {"uv": [6, 7.25, 6.25, 8.25], "texture": "#0"},
				"south": {"uv": [6.25, 7.25, 6.5, 8.25], "texture": "#0"},
				"west": {"uv": [6.5, 7.25, 6.75, 8.25], "texture": "#0"},
				"up": {"uv": [8, 8.25, 7.75, 8], "texture": "#0"},
				"down": {"uv": [8.25, 7.75, 8, 8], "texture": "#0"}
			}
		},
		{
			"name": "octagon",
			"from": [15.5, 2.63604, 12.5],
			"to": [16.5, 6.36396, 13.5],
			"rotation": {"angle": 0, "axis": "x", "origin": [16, 4.5, 17]},
			"faces": {
				"north": {"uv": [7.25, 6.5, 7.5, 7.5], "texture": "#0"},
				"east": {"uv": [6.75, 7.25, 7, 8.25], "texture": "#0"},
				"south": {"uv": [2, 7.5, 2.25, 8.5], "texture": "#0"},
				"west": {"uv": [7.5, 2, 7.75, 3], "texture": "#0"},
				"up": {"uv": [8.25, 8.25, 8, 8], "texture": "#0"},
				"down": {"uv": [8.5, 2.5, 8.25, 2.75], "texture": "#0"}
			}
		},
		{
			"name": "octagon",
			"from": [15.5, 2.63604, 20.5],
			"to": [16.5, 6.36396, 21.5],
			"rotation": {"angle": 45, "axis": "x", "origin": [16, 4.5, 17]},
			"faces": {
				"north": {"uv": [2.25, 7.5, 2.5, 8.5], "texture": "#0"},
				"east": {"uv": [2.5, 7.5, 2.75, 8.5], "texture": "#0"},
				"south": {"uv": [2.75, 7.5, 3, 8.5], "texture": "#0"},
				"west": {"uv": [3, 7.5, 3.25, 8.5], "texture": "#0"},
				"up": {"uv": [8.5, 3, 8.25, 2.75], "texture": "#0"},
				"down": {"uv": [8.5, 3, 8.25, 3.25], "texture": "#0"}
			}
		},
		{
			"name": "octagon",
			"from": [15.5, 2.63604, 20.5],
			"to": [16.5, 6.36396, 21.5],
			"rotation": {"angle": 0, "axis": "x", "origin": [16, 4.5, 17]},
			"faces": {
				"north": {"uv": [7.5, 3, 7.75, 4], "texture": "#0"},
				"east": {"uv": [3.25, 7.5, 3.5, 8.5], "texture": "#0"},
				"south": {"uv": [3.5, 7.5, 3.75, 8.5], "texture": "#0"},
				"west": {"uv": [3.75, 7.5, 4, 8.5], "texture": "#0"},
				"up": {"uv": [8.5, 3.5, 8.25, 3.25], "texture": "#0"},
				"down": {"uv": [8.5, 3.5, 8.25, 3.75], "texture": "#0"}
			}
		},
		{
			"name": "octagon",
			"from": [15.5, 0, 15.13604],
			"to": [16.5, 1, 18.86396],
			"rotation": {"angle": 45, "axis": "x", "origin": [16, 4.5, 17]},
			"faces": {
				"north": {"uv": [8.25, 3.75, 8.5, 4], "texture": "#0"},
				"east": {"uv": [4, 7.5, 5, 7.75], "texture": "#0"},
				"south": {"uv": [4, 8.25, 4.25, 8.5], "texture": "#0"},
				"west": {"uv": [7.5, 4, 8.5, 4.25], "texture": "#0"},
				"up": {"uv": [5.25, 8.5, 5, 7.5], "texture": "#0"},
				"down": {"uv": [5.5, 7.5, 5.25, 8.5], "texture": "#0"}
			}
		},
		{
			"name": "octagon",
			"from": [15.5, 0, 15.13604],
			"to": [16.5, 1, 18.86396],
			"rotation": {"angle": 0, "axis": "x", "origin": [16, 4.5, 17]},
			"faces": {
				"north": {"uv": [4.25, 8.25, 4.5, 8.5], "texture": "#0"},
				"east": {"uv": [7.5, 4.25, 8.5, 4.5], "texture": "#0"},
				"south": {"uv": [4.5, 8.25, 4.75, 8.5], "texture": "#0"},
				"west": {"uv": [7.5, 4.5, 8.5, 4.75], "texture": "#0"},
				"up": {"uv": [5.75, 8.5, 5.5, 7.5], "texture": "#0"},
				"down": {"uv": [6, 7.5, 5.75, 8.5], "texture": "#0"}
			}
		},
		{
			"name": "octagon",
			"from": [15.5, 8, 15.13604],
			"to": [16.5, 9, 18.86396],
			"rotation": {"angle": 45, "axis": "x", "origin": [16, 4.5, 17]},
			"faces": {
				"north": {"uv": [4.75, 8.25, 5, 8.5], "texture": "#0"},
				"east": {"uv": [7.5, 6.5, 8.5, 6.75], "texture": "#0"},
				"south": {"uv": [8.25, 5.75, 8.5, 6], "texture": "#0"},
				"west": {"uv": [7.5, 6.75, 8.5, 7], "texture": "#0"},
				"up": {"uv": [7.25, 8.5, 7, 7.5], "texture": "#0"},
				"down": {"uv": [7.75, 7, 7.5, 8], "texture": "#0"}
			}
		},
		{
			"name": "octagon",
			"from": [15.5, 8, 15.13604],
			"to": [16.5, 9, 18.86396],
			"rotation": {"angle": 0, "axis": "x", "origin": [16, 4.5, 17]},
			"faces": {
				"north": {"uv": [6, 8.25, 6.25, 8.5], "texture": "#0"},
				"east": {"uv": [7.75, 2, 8.75, 2.25], "texture": "#0"},
				"south": {"uv": [8.25, 6, 8.5, 6.25], "texture": "#0"},
				"west": {"uv": [7.75, 2.25, 8.75, 2.5], "texture": "#0"},
				"up": {"uv": [7.5, 8.5, 7.25, 7.5], "texture": "#0"},
				"down": {"uv": [8, 2.5, 7.75, 3.5], "texture": "#0"}
			}
		}
	],
	"display": {
		"head": {
			"scale": [4, 4, 4]
		},
		"fixed": {
			"rotation": [-90, 0, 0],
			"translation": [0, 0, -50.75],
			"scale": [4, 4, 4]
		}
	},
	"groups": [
		0,
		1,
		2,
		3,
		4,
		5,
		6,
		7,
		8,
		9,
		10,
		11,
		12,
		{
			"name": "octagon",
			"origin": [8, 8, 8],
			"color": 0,
			"nbt": "{}",
			"children": [13, 14, 15, 16, 17, 18, 19, 20]
		},
		{
			"name": "octagon",
			"origin": [8, 8, 8],
			"color": 0,
			"nbt": "{}",
			"children": [21, 22, 23, 24, 25, 26, 27, 28]
		}
	]
}