{
	"credit": "Made with Blockbench",
	"textures": {
		"0": "custom/item/scrap/gold_scrap",
		"particle": "custom/item/scrap/gold_scrap"
	},
	"elements": [
		{
			"name": "gold_scrap_0",
			"from": [8, 4, 8],
			"to": [11, 12, 9],
			"rotation": {"angle": 0, "axis": "y", "origin": [0, 0, 8]},
			"faces": {
				"north": {"uv": [11, 4, 8, 12], "texture": "#0"},
				"east": {"uv": [10, 4, 11, 12], "texture": "#0"},
				"south": {"uv": [8, 4, 11, 12], "texture": "#0"},
				"west": {"uv": [8, 4, 9, 12], "texture": "#0"},
				"up": {"uv": [8, 4, 11, 5], "texture": "#0"},
				"down": {"uv": [8, 11, 11, 12], "texture": "#0"}
			}
		},
		{
			"name": "gold_scrap_1",
			"from": [6, 3, 8],
			"to": [8, 11, 9],
			"rotation": {"angle": 0, "axis": "y", "origin": [0, 0, 8]},
			"faces": {
				"north": {"uv": [8, 5, 6, 13], "texture": "#0"},
				"east": {"uv": [7, 5, 8, 13], "texture": "#0"},
				"south": {"uv": [6, 5, 8, 13], "texture": "#0"},
				"west": {"uv": [6, 5, 7, 13], "texture": "#0"},
				"up": {"uv": [6, 5, 8, 6], "texture": "#0"},
				"down": {"uv": [6, 12, 8, 13], "texture": "#0"}
			}
		},
		{
			"name": "gold_scrap_2",
			"from": [11, 4, 8],
			"to": [12, 11, 9],
			"rotation": {"angle": 0, "axis": "y", "origin": [0, 0, 8]},
			"faces": {
				"north": {"uv": [12, 5, 11, 12], "texture": "#0"},
				"east": {"uv": [11, 5, 12, 12], "texture": "#0"},
				"south": {"uv": [11, 5, 12, 12], "texture": "#0"},
				"west": {"uv": [11, 5, 12, 12], "texture": "#0"},
				"up": {"uv": [11, 5, 12, 6], "texture": "#0"},
				"down": {"uv": [11, 11, 12, 12], "texture": "#0"}
			}
		},
		{
			"name": "gold_scrap_3",
			"from": [4, 3, 8],
			"to": [6, 10, 9],
			"rotation": {"angle": 0, "axis": "y", "origin": [0, 0, 8]},
			"faces": {
				"north": {"uv": [6, 6, 4, 13], "texture": "#0"},
				"east": {"uv": [5, 6, 6, 13], "texture": "#0"},
				"south": {"uv": [4, 6, 6, 13], "texture": "#0"},
				"west": {"uv": [4, 6, 5, 13], "texture": "#0"},
				"up": {"uv": [4, 6, 6, 7], "texture": "#0"},
				"down": {"uv": [4, 12, 6, 13], "texture": "#0"}
			}
		},
		{
			"name": "gold_scrap_4",
			"from": [12, 3, 8],
			"to": [13, 10, 9],
			"rotation": {"angle": 0, "axis": "y", "origin": [0, 0, 8]},
			"faces": {
				"north": {"uv": [13, 6, 12, 13], "texture": "#0"},
				"east": {"uv": [12, 6, 13, 13], "texture": "#0"},
				"south": {"uv": [12, 6, 13, 13], "texture": "#0"},
				"west": {"uv": [12, 6, 13, 13], "texture": "#0"},
				"up": {"uv": [12, 6, 13, 7], "texture": "#0"},
				"down": {"uv": [12, 12, 13, 13], "texture": "#0"}
			}
		},
		{
			"name": "gold_scrap_5",
			"from": [2, 5, 8],
			"to": [4, 9, 9],
			"rotation": {"angle": 0, "axis": "y", "origin": [0, 0, 8]},
			"faces": {
				"north": {"uv": [4, 7, 2, 11], "texture": "#0"},
				"east": {"uv": [3, 7, 4, 11], "texture": "#0"},
				"south": {"uv": [2, 7, 4, 11], "texture": "#0"},
				"west": {"uv": [2, 7, 3, 11], "texture": "#0"},
				"up": {"uv": [2, 7, 4, 8], "texture": "#0"},
				"down": {"uv": [2, 10, 4, 11], "texture": "#0"}
			}
		},
		{
			"name": "gold_scrap_6",
			"from": [13, 3, 8],
			"to": [14, 9, 9],
			"rotation": {"angle": 0, "axis": "y", "origin": [0, 0, 8]},
			"faces": {
				"north": {"uv": [14, 7, 13, 13], "texture": "#0"},
				"east": {"uv": [13, 7, 14, 13], "texture": "#0"},
				"south": {"uv": [13, 7, 14, 13], "texture": "#0"},
				"west": {"uv": [13, 7, 14, 13], "texture": "#0"},
				"up": {"uv": [13, 7, 14, 8], "texture": "#0"},
				"down": {"uv": [13, 12, 14, 13], "texture": "#0"}
			}
		},
		{
			"name": "gold_scrap_7",
			"from": [1, 6, 8],
			"to": [2, 8, 9],
			"rotation": {"angle": 0, "axis": "y", "origin": [0, 0, 8]},
			"faces": {
				"north": {"uv": [2, 8, 1, 10], "texture": "#0"},
				"east": {"uv": [1, 8, 2, 10], "texture": "#0"},
				"south": {"uv": [1, 8, 2, 10], "texture": "#0"},
				"west": {"uv": [1, 8, 2, 10], "texture": "#0"},
				"up": {"uv": [1, 8, 2, 9], "texture": "#0"},
				"down": {"uv": [1, 9, 2, 10], "texture": "#0"}
			}
		},
		{
			"name": "gold_scrap_8",
			"from": [14, 4, 8],
			"to": [15, 6, 9],
			"rotation": {"angle": 0, "axis": "y", "origin": [0, 0, 8]},
			"faces": {
				"north": {"uv": [15, 10, 14, 12], "texture": "#0"},
				"east": {"uv": [14, 10, 15, 12], "texture": "#0"},
				"south": {"uv": [14, 10, 15, 12], "texture": "#0"},
				"west": {"uv": [14, 10, 15, 12], "texture": "#0"},
				"up": {"uv": [14, 10, 15, 11], "texture": "#0"},
				"down": {"uv": [14, 11, 15, 12], "texture": "#0"}
			}
		},
		{
			"name": "gold_scrap_9",
			"from": [3, 4, 8],
			"to": [4, 5, 9],
			"rotation": {"angle": 0, "axis": "y", "origin": [0, 0, 8]},
			"faces": {
				"north": {"uv": [4, 11, 3, 12], "texture": "#0"},
				"east": {"uv": [3, 11, 4, 12], "texture": "#0"},
				"south": {"uv": [3, 11, 4, 12], "texture": "#0"},
				"west": {"uv": [3, 11, 4, 12], "texture": "#0"},
				"up": {"uv": [3, 11, 4, 12], "texture": "#0"},
				"down": {"uv": [3, 11, 4, 12], "texture": "#0"}
			}
		},
		{
			"name": "gold_scrap_10",
			"from": [8, 3, 8],
			"to": [9, 4, 9],
			"rotation": {"angle": 0, "axis": "y", "origin": [0, 0, 8]},
			"faces": {
				"north": {"uv": [9, 12, 8, 13], "texture": "#0"},
				"east": {"uv": [8, 12, 9, 13], "texture": "#0"},
				"south": {"uv": [8, 12, 9, 13], "texture": "#0"},
				"west": {"uv": [8, 12, 9, 13], "texture": "#0"},
				"up": {"uv": [8, 12, 9, 13], "texture": "#0"},
				"down": {"uv": [8, 12, 9, 13], "texture": "#0"}
			}
		},
		{
			"name": "gold_scrap_11",
			"from": [5, 2, 8],
			"to": [7, 3, 9],
			"rotation": {"angle": 0, "axis": "y", "origin": [0, 0, 8]},
			"faces": {
				"north": {"uv": [7, 13, 5, 14], "texture": "#0"},
				"east": {"uv": [6, 13, 7, 14], "texture": "#0"},
				"south": {"uv": [5, 13, 7, 14], "texture": "#0"},
				"west": {"uv": [5, 13, 6, 14], "texture": "#0"},
				"up": {"uv": [5, 13, 7, 14], "texture": "#0"},
				"down": {"uv": [5, 13, 7, 14], "texture": "#0"}
			}
		}
	],
	"gui_light": "front",
	"display": {
		"thirdperson_righthand": {
			"translation": [0, 3, 1],
			"scale": [0.55, 0.55, 0.55]
		},
		"thirdperson_lefthand": {
			"translation": [0, 3, 1],
			"scale": [0.55, 0.55, 0.55]
		},
		"firstperson_righthand": {
			"rotation": [0, -90, 25],
			"translation": [1.13, 3.2, 1.13],
			"scale": [0.68, 0.68, 0.68]
		},
		"firstperson_lefthand": {
			"rotation": [0, -90, 25],
			"translation": [1.13, 3.2, 1.13],
			"scale": [0.68, 0.68, 0.68]
		},
		"ground": {
			"translation": [0, 2, 0],
			"scale": [0.5, 0.5, 0.5]
		},
		"gui": {
			"translation": [0, 0.5, 0]
		},
		"head": {
			"rotation": [0, 180, 0],
			"translation": [0, 13, 7]
		},
		"fixed": {
			"rotation": [0, 180, 0]
		}
	},
	"groups": [
		{
			"name": "gold_scrap",
			"origin": [8, 8, 8],
			"color": 0,
			"children": [0, 1, 2, 3, 4, 5, 6, 7, 8, 9, 10, 11]
		}
	]
}