{
	"credit": "Made with Blockbench",
	"textures": {
		"0": "custom/item/scrap/iron_scrap",
		"particle": "custom/item/scrap/iron_scrap"
	},
	"elements": [
		{
			"name": "iron_scrap_0",
			"from": [10, 4, 8],
			"to": [12, 14, 9],
			"rotation": {"angle": 0, "axis": "y", "origin": [0, 0, 8]},
			"faces": {
				"north": {"uv": [12, 2, 10, 12], "texture": "#0"},
				"east": {"uv": [11, 2, 12, 12], "texture": "#0"},
				"south": {"uv": [10, 2, 12, 12], "texture": "#0"},
				"west": {"uv": [10, 2, 11, 12], "texture": "#0"},
				"up": {"uv": [10, 2, 12, 3], "texture": "#0"},
				"down": {"uv": [10, 11, 12, 12], "texture": "#0"}
			}
		},
		{
			"name": "iron_scrap_1",
			"from": [8, 3, 8],
			"to": [10, 13, 9],
			"rotation": {"angle": 0, "axis": "y", "origin": [0, 0, 8]},
			"faces": {
				"north": {"uv": [10, 3, 8, 13], "texture": "#0"},
				"east": {"uv": [9, 3, 10, 13], "texture": "#0"},
				"south": {"uv": [8, 3, 10, 13], "texture": "#0"},
				"west": {"uv": [8, 3, 9, 13], "texture": "#0"},
				"up": {"uv": [8, 3, 10, 4], "texture": "#0"},
				"down": {"uv": [8, 12, 10, 13], "texture": "#0"}
			}
		},
		{
			"name": "iron_scrap_2",
			"from": [12, 5, 8],
			"to": [13, 13, 9],
			"rotation": {"angle": 0, "axis": "y", "origin": [0, 0, 8]},
			"faces": {
				"north": {"uv": [13, 3, 12, 11], "texture": "#0"},
				"east": {"uv": [12, 3, 13, 11], "texture": "#0"},
				"south": {"uv": [12, 3, 13, 11], "texture": "#0"},
				"west": {"uv": [12, 3, 13, 11], "texture": "#0"},
				"up": {"uv": [12, 3, 13, 4], "texture": "#0"},
				"down": {"uv": [12, 10, 13, 11], "texture": "#0"}
			}
		},
		{
			"name": "iron_scrap_3",
			"from": [6, 2, 8],
			"to": [8, 12, 9],
			"rotation": {"angle": 0, "axis": "y", "origin": [0, 0, 8]},
			"faces": {
				"north": {"uv": [8, 4, 6, 14], "texture": "#0"},
				"east": {"uv": [7, 4, 8, 14], "texture": "#0"},
				"south": {"uv": [6, 4, 8, 14], "texture": "#0"},
				"west": {"uv": [6, 4, 7, 14], "texture": "#0"},
				"up": {"uv": [6, 4, 8, 5], "texture": "#0"},
				"down": {"uv": [6, 13, 8, 14], "texture": "#0"}
			}
		},
		{
			"name": "iron_scrap_4",
			"from": [13, 5, 8],
			"to": [14, 12, 9],
			"rotation": {"angle": 0, "axis": "y", "origin": [0, 0, 8]},
			"faces": {
				"north": {"uv": [14, 4, 13, 11], "texture": "#0"},
				"east": {"uv": [13, 4, 14, 11], "texture": "#0"},
				"south": {"uv": [13, 4, 14, 11], "texture": "#0"},
				"west": {"uv": [13, 4, 14, 11], "texture": "#0"},
				"up": {"uv": [13, 4, 14, 5], "texture": "#0"},
				"down": {"uv": [13, 10, 14, 11], "texture": "#0"}
			}
		},
		{
			"name": "iron_scrap_5",
			"from": [4, 3, 8],
			"to": [6, 11, 9],
			"rotation": {"angle": 0, "axis": "y", "origin": [0, 0, 8]},
			"faces": {
				"north": {"uv": [6, 5, 4, 13], "texture": "#0"},
				"east": {"uv": [5, 5, 6, 13], "texture": "#0"},
				"south": {"uv": [4, 5, 6, 13], "texture": "#0"},
				"west": {"uv": [4, 5, 5, 13], "texture": "#0"},
				"up": {"uv": [4, 5, 6, 6], "texture": "#0"},
				"down": {"uv": [4, 12, 6, 13], "texture": "#0"}
			}
		},
		{
			"name": "iron_scrap_6",
			"from": [14, 6, 8],
			"to": [15, 11, 9],
			"rotation": {"angle": 0, "axis": "y", "origin": [0, 0, 8]},
			"faces": {
				"north": {"uv": [15, 5, 14, 10], "texture": "#0"},
				"east": {"uv": [14, 5, 15, 10], "texture": "#0"},
				"south": {"uv": [14, 5, 15, 10], "texture": "#0"},
				"west": {"uv": [14, 5, 15, 10], "texture": "#0"},
				"up": {"uv": [14, 5, 15, 6], "texture": "#0"},
				"down": {"uv": [14, 9, 15, 10], "texture": "#0"}
			}
		},
		{
			"name": "iron_scrap_7",
			"from": [2, 5, 8],
			"to": [4, 10, 9],
			"rotation": {"angle": 0, "axis": "y", "origin": [0, 0, 8]},
			"faces": {
				"north": {"uv": [4, 6, 2, 11], "texture": "#0"},
				"east": {"uv": [3, 6, 4, 11], "texture": "#0"},
				"south": {"uv": [2, 6, 4, 11], "texture": "#0"},
				"west": {"uv": [2, 6, 3, 11], "texture": "#0"},
				"up": {"uv": [2, 6, 4, 7], "texture": "#0"},
				"down": {"uv": [2, 10, 4, 11], "texture": "#0"}
			}
		},
		{
			"name": "iron_scrap_8",
			"from": [15, 6, 8],
			"to": [16, 10, 9],
			"rotation": {"angle": 0, "axis": "y", "origin": [0, 0, 8]},
			"faces": {
				"north": {"uv": [16, 6, 15, 10], "texture": "#0"},
				"east": {"uv": [15, 6, 16, 10], "texture": "#0"},
				"south": {"uv": [15, 6, 16, 10], "texture": "#0"},
				"west": {"uv": [15, 6, 16, 10], "texture": "#0"},
				"up": {"uv": [15, 6, 16, 7], "texture": "#0"},
				"down": {"uv": [15, 9, 16, 10], "texture": "#0"}
			}
		},
		{
			"name": "iron_scrap_9",
			"from": [1, 6, 8],
			"to": [2, 9, 9],
			"rotation": {"angle": 0, "axis": "y", "origin": [0, 0, 8]},
			"faces": {
				"north": {"uv": [2, 7, 1, 10], "texture": "#0"},
				"east": {"uv": [1, 7, 2, 10], "texture": "#0"},
				"south": {"uv": [1, 7, 2, 10], "texture": "#0"},
				"west": {"uv": [1, 7, 2, 10], "texture": "#0"},
				"up": {"uv": [1, 7, 2, 8], "texture": "#0"},
				"down": {"uv": [1, 9, 2, 10], "texture": "#0"}
			}
		},
		{
			"name": "iron_scrap_10",
			"from": [3, 4, 8],
			"to": [4, 5, 9],
			"rotation": {"angle": 0, "axis": "y", "origin": [0, 0, 8]},
			"faces": {
				"north": {"uv": [4, 11, 3, 12], "texture": "#0"},
				"east": {"uv": [3, 11, 4, 12], "texture": "#0"},
				"south": {"uv": [3, 11, 4, 12], "texture": "#0"},
				"west": {"uv": [3, 11, 4, 12], "texture": "#0"},
				"up": {"uv": [3, 11, 4, 12], "texture": "#0"},
				"down": {"uv": [3, 11, 4, 12], "texture": "#0"}
			}
		},
		{
			"name": "iron_scrap_11",
			"from": [5, 2, 8],
			"to": [6, 3, 9],
			"rotation": {"angle": 0, "axis": "y", "origin": [0, 0, 8]},
			"faces": {
				"north": {"uv": [6, 13, 5, 14], "texture": "#0"},
				"east": {"uv": [5, 13, 6, 14], "texture": "#0"},
				"south": {"uv": [5, 13, 6, 14], "texture": "#0"},
				"west": {"uv": [5, 13, 6, 14], "texture": "#0"},
				"up": {"uv": [5, 13, 6, 14], "texture": "#0"},
				"down": {"uv": [5, 13, 6, 14], "texture": "#0"}
			}
		}
	],
	"gui_light": "front",
	"display": {
		"thirdperson_righthand": {
			"translation": [0, 3, 1],
			"scale": [0.55, 0.55, 0.55]
		},
		"thirdperson_lefthand": {
			"translation": [0, 3, 1],
			"scale": [0.55, 0.55, 0.55]
		},
		"firstperson_righthand": {
			"rotation": [0, -90, 25],
			"translation": [1.13, 3.2, 1.13],
			"scale": [0.68, 0.68, 0.68]
		},
		"firstperson_lefthand": {
			"rotation": [0, -90, 25],
			"translation": [1.13, 3.2, 1.13],
			"scale": [0.68, 0.68, 0.68]
		},
		"ground": {
			"translation": [0, 2, 0],
			"scale": [0.5, 0.5, 0.5]
		},
		"gui": {
			"translation": [-0.5, 0, 0]
		},
		"head": {
			"rotation": [0, 180, 0],
			"translation": [0, 13, 7]
		},
		"fixed": {
			"rotation": [0, 180, 0]
		}
	},
	"groups": [
		{
			"name": "iron_scrap",
			"origin": [8, 8, 8],
			"color": 0,
			"children": [0, 1, 2, 3, 4, 5, 6, 7, 8, 9, 10, 11]
		}
	]
}