{
	"credit": "Made with Blockbench",
	"textures": {
		"0": "custom/item/scrap/silver_scrap",
		"particle": "custom/item/scrap/silver_scrap"
	},
	"elements": [
		{
			"name": "silver_scrap_0",
			"from": [9, 5, 8],
			"to": [11, 13, 9],
			"rotation": {"angle": 0, "axis": "y", "origin": [0, 0, 8]},
			"faces": {
				"north": {"uv": [11, 3, 9, 11], "texture": "#0"},
				"east": {"uv": [10, 3, 11, 11], "texture": "#0"},
				"south": {"uv": [9, 3, 11, 11], "texture": "#0"},
				"west": {"uv": [9, 3, 10, 11], "texture": "#0"},
				"up": {"uv": [9, 3, 11, 4], "texture": "#0"},
				"down": {"uv": [9, 10, 11, 11], "texture": "#0"}
			}
		},
		{
			"name": "silver_scrap_1",
			"from": [7, 4, 8],
			"to": [9, 12, 9],
			"rotation": {"angle": 0, "axis": "y", "origin": [0, 0, 8]},
			"faces": {
				"north": {"uv": [9, 4, 7, 12], "texture": "#0"},
				"east": {"uv": [8, 4, 9, 12], "texture": "#0"},
				"south": {"uv": [7, 4, 9, 12], "texture": "#0"},
				"west": {"uv": [7, 4, 8, 12], "texture": "#0"},
				"up": {"uv": [7, 4, 9, 5], "texture": "#0"},
				"down": {"uv": [7, 11, 9, 12], "texture": "#0"}
			}
		},
		{
			"name": "silver_scrap_2",
			"from": [11, 5, 8],
			"to": [12, 12, 9],
			"rotation": {"angle": 0, "axis": "y", "origin": [0, 0, 8]},
			"faces": {
				"north": {"uv": [12, 4, 11, 11], "texture": "#0"},
				"east": {"uv": [11, 4, 12, 11], "texture": "#0"},
				"south": {"uv": [11, 4, 12, 11], "texture": "#0"},
				"west": {"uv": [11, 4, 12, 11], "texture": "#0"},
				"up": {"uv": [11, 4, 12, 5], "texture": "#0"},
				"down": {"uv": [11, 10, 12, 11], "texture": "#0"}
			}
		},
		{
			"name": "silver_scrap_3",
			"from": [5, 4, 8],
			"to": [7, 11, 9],
			"rotation": {"angle": 0, "axis": "y", "origin": [0, 0, 8]},
			"faces": {
				"north": {"uv": [7, 5, 5, 12], "texture": "#0"},
				"east": {"uv": [6, 5, 7, 12], "texture": "#0"},
				"south": {"uv": [5, 5, 7, 12], "texture": "#0"},
				"west": {"uv": [5, 5, 6, 12], "texture": "#0"},
				"up": {"uv": [5, 5, 7, 6], "texture": "#0"},
				"down": {"uv": [5, 11, 7, 12], "texture": "#0"}
			}
		},
		{
			"name": "silver_scrap_4",
			"from": [12, 6, 8],
			"to": [13, 11, 9],
			"rotation": {"angle": 0, "axis": "y", "origin": [0, 0, 8]},
			"faces": {
				"north": {"uv": [13, 5, 12, 10], "texture": "#0"},
				"east": {"uv": [12, 5, 13, 10], "texture": "#0"},
				"south": {"uv": [12, 5, 13, 10], "texture": "#0"},
				"west": {"uv": [12, 5, 13, 10], "texture": "#0"},
				"up": {"uv": [12, 5, 13, 6], "texture": "#0"},
				"down": {"uv": [12, 9, 13, 10], "texture": "#0"}
			}
		},
		{
			"name": "silver_scrap_5",
			"from": [3, 6, 8],
			"to": [5, 10, 9],
			"rotation": {"angle": 0, "axis": "y", "origin": [0, 0, 8]},
			"faces": {
				"north": {"uv": [5, 6, 3, 10], "texture": "#0"},
				"east": {"uv": [4, 6, 5, 10], "texture": "#0"},
				"south": {"uv": [3, 6, 5, 10], "texture": "#0"},
				"west": {"uv": [3, 6, 4, 10], "texture": "#0"},
				"up": {"uv": [3, 6, 5, 7], "texture": "#0"},
				"down": {"uv": [3, 9, 5, 10], "texture": "#0"}
			}
		},
		{
			"name": "silver_scrap_6",
			"from": [13, 6, 8],
			"to": [14, 10, 9],
			"rotation": {"angle": 0, "axis": "y", "origin": [0, 0, 8]},
			"faces": {
				"north": {"uv": [14, 6, 13, 10], "texture": "#0"},
				"east": {"uv": [13, 6, 14, 10], "texture": "#0"},
				"south": {"uv": [13, 6, 14, 10], "texture": "#0"},
				"west": {"uv": [13, 6, 14, 10], "texture": "#0"},
				"up": {"uv": [13, 6, 14, 7], "texture": "#0"},
				"down": {"uv": [13, 9, 14, 10], "texture": "#0"}
			}
		},
		{
			"name": "silver_scrap_7",
			"from": [2, 7, 8],
			"to": [3, 9, 9],
			"rotation": {"angle": 0, "axis": "y", "origin": [0, 0, 8]},
			"faces": {
				"north": {"uv": [3, 7, 2, 9], "texture": "#0"},
				"east": {"uv": [2, 7, 3, 9], "texture": "#0"},
				"south": {"uv": [2, 7, 3, 9], "texture": "#0"},
				"west": {"uv": [2, 7, 3, 9], "texture": "#0"},
				"up": {"uv": [2, 7, 3, 8], "texture": "#0"},
				"down": {"uv": [2, 8, 3, 9], "texture": "#0"}
			}
		},
		{
			"name": "silver_scrap_8",
			"from": [14, 7, 8],
			"to": [15, 9, 9],
			"rotation": {"angle": 0, "axis": "y", "origin": [0, 0, 8]},
			"faces": {
				"north": {"uv": [15, 7, 14, 9], "texture": "#0"},
				"east": {"uv": [14, 7, 15, 9], "texture": "#0"},
				"south": {"uv": [14, 7, 15, 9], "texture": "#0"},
				"west": {"uv": [14, 7, 15, 9], "texture": "#0"},
				"up": {"uv": [14, 7, 15, 8], "texture": "#0"},
				"down": {"uv": [14, 8, 15, 9], "texture": "#0"}
			}
		},
		{
			"name": "silver_scrap_9",
			"from": [4, 5, 8],
			"to": [5, 6, 9],
			"rotation": {"angle": 0, "axis": "y", "origin": [0, 0, 8]},
			"faces": {
				"north": {"uv": [5, 10, 4, 11], "texture": "#0"},
				"east": {"uv": [4, 10, 5, 11], "texture": "#0"},
				"south": {"uv": [4, 10, 5, 11], "texture": "#0"},
				"west": {"uv": [4, 10, 5, 11], "texture": "#0"},
				"up": {"uv": [4, 10, 5, 11], "texture": "#0"},
				"down": {"uv": [4, 10, 5, 11], "texture": "#0"}
			}
		},
		{
			"name": "silver_scrap_10",
			"from": [9, 4, 8],
			"to": [10, 5, 9],
			"rotation": {"angle": 0, "axis": "y", "origin": [0, 0, 8]},
			"faces": {
				"north": {"uv": [10, 11, 9, 12], "texture": "#0"},
				"east": {"uv": [9, 11, 10, 12], "texture": "#0"},
				"south": {"uv": [9, 11, 10, 12], "texture": "#0"},
				"west": {"uv": [9, 11, 10, 12], "texture": "#0"},
				"up": {"uv": [9, 11, 10, 12], "texture": "#0"},
				"down": {"uv": [9, 11, 10, 12], "texture": "#0"}
			}
		},
		{
			"name": "silver_scrap_11",
			"from": [6, 3, 8],
			"to": [8, 4, 9],
			"rotation": {"angle": 0, "axis": "y", "origin": [0, 0, 8]},
			"faces": {
				"north": {"uv": [8, 12, 6, 13], "texture": "#0"},
				"east": {"uv": [7, 12, 8, 13], "texture": "#0"},
				"south": {"uv": [6, 12, 8, 13], "texture": "#0"},
				"west": {"uv": [6, 12, 7, 13], "texture": "#0"},
				"up": {"uv": [6, 12, 8, 13], "texture": "#0"},
				"down": {"uv": [6, 12, 8, 13], "texture": "#0"}
			}
		}
	],
	"gui_light": "front",
	"display": {
		"thirdperson_righthand": {
			"translation": [0, 3, 1],
			"scale": [0.55, 0.55, 0.55]
		},
		"thirdperson_lefthand": {
			"translation": [0, 3, 1],
			"scale": [0.55, 0.55, 0.55]
		},
		"firstperson_righthand": {
			"rotation": [0, -90, 25],
			"translation": [1.13, 3.2, 1.13],
			"scale": [0.68, 0.68, 0.68]
		},
		"firstperson_lefthand": {
			"rotation": [0, -90, 25],
			"translation": [1.13, 3.2, 1.13],
			"scale": [0.68, 0.68, 0.68]
		},
		"ground": {
			"translation": [0, 2, 0],
			"scale": [0.5, 0.5, 0.5]
		},
		"head": {
			"rotation": [0, 180, 0],
			"translation": [0, 13, 7]
		},
		"fixed": {
			"rotation": [0, 180, 0]
		}
	},
	"groups": [
		{
			"name": "silver_scrap",
			"origin": [8, 8, 8],
			"color": 0,
			"children": [0, 1, 2, 3, 4, 5, 6, 7, 8, 9, 10, 11]
		}
	]
}