{
	"credit": "Made with Blockbench",
	"textures": {
		"0": "custom/item/scrap/stone_scrap",
		"particle": "custom/item/scrap/stone_scrap"
	},
	"elements": [
		{
			"name": "stone_scrap_0",
			"from": [6, 1, 8],
			"to": [9, 14, 9],
			"rotation": {"angle": 0, "axis": "y", "origin": [0, 0, 8]},
			"faces": {
				"north": {"uv": [9, 2, 6, 15], "texture": "#0"},
				"east": {"uv": [8, 2, 9, 15], "texture": "#0"},
				"south": {"uv": [6, 2, 9, 15], "texture": "#0"},
				"west": {"uv": [6, 2, 7, 15], "texture": "#0"},
				"up": {"uv": [6, 2, 9, 3], "texture": "#0"},
				"down": {"uv": [6, 14, 9, 15], "texture": "#0"}
			}
		},
		{
			"name": "stone_scrap_1",
			"from": [4, 3, 8],
			"to": [6, 13, 9],
			"rotation": {"angle": 0, "axis": "y", "origin": [0, 0, 8]},
			"faces": {
				"north": {"uv": [6, 3, 4, 13], "texture": "#0"},
				"east": {"uv": [5, 3, 6, 13], "texture": "#0"},
				"south": {"uv": [4, 3, 6, 13], "texture": "#0"},
				"west": {"uv": [4, 3, 5, 13], "texture": "#0"},
				"up": {"uv": [4, 3, 6, 4], "texture": "#0"},
				"down": {"uv": [4, 12, 6, 13], "texture": "#0"}
			}
		},
		{
			"name": "stone_scrap_2",
			"from": [9, 1, 8],
			"to": [10, 13, 9],
			"rotation": {"angle": 0, "axis": "y", "origin": [0, 0, 8]},
			"faces": {
				"north": {"uv": [10, 3, 9, 15], "texture": "#0"},
				"east": {"uv": [9, 3, 10, 15], "texture": "#0"},
				"south": {"uv": [9, 3, 10, 15], "texture": "#0"},
				"west": {"uv": [9, 3, 10, 15], "texture": "#0"},
				"up": {"uv": [9, 3, 10, 4], "texture": "#0"},
				"down": {"uv": [9, 14, 10, 15], "texture": "#0"}
			}
		},
		{
			"name": "stone_scrap_3",
			"from": [3, 6, 8],
			"to": [4, 12, 9],
			"rotation": {"angle": 0, "axis": "y", "origin": [0, 0, 8]},
			"faces": {
				"north": {"uv": [4, 4, 3, 10], "texture": "#0"},
				"east": {"uv": [3, 4, 4, 10], "texture": "#0"},
				"south": {"uv": [3, 4, 4, 10], "texture": "#0"},
				"west": {"uv": [3, 4, 4, 10], "texture": "#0"},
				"up": {"uv": [3, 4, 4, 5], "texture": "#0"},
				"down": {"uv": [3, 9, 4, 10], "texture": "#0"}
			}
		},
		{
			"name": "stone_scrap_4",
			"from": [10, 1, 8],
			"to": [11, 12, 9],
			"rotation": {"angle": 0, "axis": "y", "origin": [0, 0, 8]},
			"faces": {
				"north": {"uv": [11, 4, 10, 15], "texture": "#0"},
				"east": {"uv": [10, 4, 11, 15], "texture": "#0"},
				"south": {"uv": [10, 4, 11, 15], "texture": "#0"},
				"west": {"uv": [10, 4, 11, 15], "texture": "#0"},
				"up": {"uv": [10, 4, 11, 5], "texture": "#0"},
				"down": {"uv": [10, 14, 11, 15], "texture": "#0"}
			}
		},
		{
			"name": "stone_scrap_5",
			"from": [2, 8, 8],
			"to": [3, 11, 9],
			"rotation": {"angle": 0, "axis": "y", "origin": [0, 0, 8]},
			"faces": {
				"north": {"uv": [3, 5, 2, 8], "texture": "#0"},
				"east": {"uv": [2, 5, 3, 8], "texture": "#0"},
				"south": {"uv": [2, 5, 3, 8], "texture": "#0"},
				"west": {"uv": [2, 5, 3, 8], "texture": "#0"},
				"up": {"uv": [2, 5, 3, 6], "texture": "#0"},
				"down": {"uv": [2, 7, 3, 8], "texture": "#0"}
			}
		},
		{
			"name": "stone_scrap_6",
			"from": [11, 1, 8],
			"to": [12, 10, 9],
			"rotation": {"angle": 0, "axis": "y", "origin": [0, 0, 8]},
			"faces": {
				"north": {"uv": [12, 6, 11, 15], "texture": "#0"},
				"east": {"uv": [11, 6, 12, 15], "texture": "#0"},
				"south": {"uv": [11, 6, 12, 15], "texture": "#0"},
				"west": {"uv": [11, 6, 12, 15], "texture": "#0"},
				"up": {"uv": [11, 6, 12, 7], "texture": "#0"},
				"down": {"uv": [11, 14, 12, 15], "texture": "#0"}
			}
		},
		{
			"name": "stone_scrap_7",
			"from": [12, 2, 8],
			"to": [13, 9, 9],
			"rotation": {"angle": 0, "axis": "y", "origin": [0, 0, 8]},
			"faces": {
				"north": {"uv": [13, 7, 12, 14], "texture": "#0"},
				"east": {"uv": [12, 7, 13, 14], "texture": "#0"},
				"south": {"uv": [12, 7, 13, 14], "texture": "#0"},
				"west": {"uv": [12, 7, 13, 14], "texture": "#0"},
				"up": {"uv": [12, 7, 13, 8], "texture": "#0"},
				"down": {"uv": [12, 13, 13, 14], "texture": "#0"}
			}
		},
		{
			"name": "stone_scrap_8",
			"from": [13, 3, 8],
			"to": [14, 8, 9],
			"rotation": {"angle": 0, "axis": "y", "origin": [0, 0, 8]},
			"faces": {
				"north": {"uv": [14, 8, 13, 13], "texture": "#0"},
				"east": {"uv": [13, 8, 14, 13], "texture": "#0"},
				"south": {"uv": [13, 8, 14, 13], "texture": "#0"},
				"west": {"uv": [13, 8, 14, 13], "texture": "#0"},
				"up": {"uv": [13, 8, 14, 9], "texture": "#0"},
				"down": {"uv": [13, 12, 14, 13], "texture": "#0"}
			}
		},
		{
			"name": "stone_scrap_9",
			"from": [14, 5, 8],
			"to": [15, 7, 9],
			"rotation": {"angle": 0, "axis": "y", "origin": [0, 0, 8]},
			"faces": {
				"north": {"uv": [15, 9, 14, 11], "texture": "#0"},
				"east": {"uv": [14, 9, 15, 11], "texture": "#0"},
				"south": {"uv": [14, 9, 15, 11], "texture": "#0"},
				"west": {"uv": [14, 9, 15, 11], "texture": "#0"},
				"up": {"uv": [14, 9, 15, 10], "texture": "#0"},
				"down": {"uv": [14, 10, 15, 11], "texture": "#0"}
			}
		},
		{
			"name": "stone_scrap_10",
			"from": [5, 2, 8],
			"to": [6, 3, 9],
			"rotation": {"angle": 0, "axis": "y", "origin": [0, 0, 8]},
			"faces": {
				"north": {"uv": [6, 13, 5, 14], "texture": "#0"},
				"east": {"uv": [5, 13, 6, 14], "texture": "#0"},
				"south": {"uv": [5, 13, 6, 14], "texture": "#0"},
				"west": {"uv": [5, 13, 6, 14], "texture": "#0"},
				"up": {"uv": [5, 13, 6, 14], "texture": "#0"},
				"down": {"uv": [5, 13, 6, 14], "texture": "#0"}
			}
		}
	],
	"gui_light": "front",
	"display": {
		"thirdperson_righthand": {
			"translation": [0, 3, 1],
			"scale": [0.55, 0.55, 0.55]
		},
		"thirdperson_lefthand": {
			"translation": [0, 3, 1],
			"scale": [0.55, 0.55, 0.55]
		},
		"firstperson_righthand": {
			"rotation": [0, -90, 25],
			"translation": [1.13, 3.2, 1.13],
			"scale": [0.68, 0.68, 0.68]
		},
		"firstperson_lefthand": {
			"rotation": [0, -90, 25],
			"translation": [1.13, 3.2, 1.13],
			"scale": [0.68, 0.68, 0.68]
		},
		"ground": {
			"translation": [0, 2, 0],
			"scale": [0.5, 0.5, 0.5]
		},
		"head": {
			"rotation": [0, 180, 0],
			"translation": [0, 13, 7]
		},
		"fixed": {
			"rotation": [0, 180, 0]
		}
	},
	"groups": [
		{
			"name": "stone_scrap",
			"origin": [8, 8, 8],
			"color": 0,
			"children": [0, 1, 2, 3, 4, 5, 6, 7, 8, 9, 10]
		}
	]
}