{
	"credit": "Made with Blockbench",
	"textures": {
		"0": "custom/environment/enchantingtable/enchanting_table",
		"1": "custom/environment/candles/soul/soulflame_candle_1-sheet",
		"2": "custom/environment/candles/soul/soulflame_candle_2-Sheet",
		"3": "custom/environment/candles/soul/soulflame_candle_3_sheet",
		"particle": "custom/environment/enchantingtable/enchanting_table"
	},
	"elements": [
		{
			"from": [-9, 9, -4],
			"to": [25, 12, 20],
			"rotation": {"angle": 0, "axis": "y", "origin": [3.25251, 12.5, 5.75251]},
			"faces": {
				"north": {"uv": [8.2625, 5.0125, 12.4875, 5.3625], "texture": "#0"},
				"east": {"uv": [0.0125, 8.5125, 2.9875, 8.8625], "texture": "#0"},
				"south": {"uv": [0.0125, 9.0125, 4.2375, 9.3625], "texture": "#0"},
				"west": {"uv": [4.2625, 9.0125, 7.2375, 9.3625], "texture": "#0"},
				"up": {"uv": [4.2375, 2.9875, 0.0125, 0.0125], "texture": "#0"},
				"down": {"uv": [4.2375, 3.0125, 0.0125, 5.9875], "texture": "#0"}
			}
		},
		{
			"from": [-7, 1, -2],
			"to": [23, 9, 18],
			"faces": {
				"north": {"uv": [3.7625, 8.0125, 7.4875, 8.9875], "texture": "#0"},
				"east": {"uv": [8.2625, 3.0125, 10.7375, 3.9875], "texture": "#0"},
				"south": {"uv": [8.0125, 5.5125, 11.7375, 6.4875], "texture": "#0"},
				"west": {"uv": [8.2625, 4.0125, 10.7375, 4.9875], "texture": "#0"},
				"up": {"uv": [7.9875, 7.9875, 4.2625, 5.5125], "texture": "#0"},
				"down": {"uv": [3.7375, 6.0125, 0.0125, 8.4875], "texture": "#0"}
			}
		},
		{
			"from": [-8, 0, -3],
			"to": [24, 1, 19],
			"faces": {
				"north": {"uv": [8.2625, 5.3875, 12.2375, 5.4875], "texture": "#0"},
				"east": {"uv": [0.0125, 8.8875, 2.7375, 8.9875], "texture": "#0"},
				"south": {"uv": [3.7625, 9.5125, 7.7375, 9.6125], "texture": "#0"},
				"west": {"uv": [3.7625, 9.3875, 6.4875, 9.4875], "texture": "#0"},
				"up": {"uv": [8.2375, 2.7375, 4.2625, 0.0125], "texture": "#0"},
				"down": {"uv": [8.2375, 2.7625, 4.2625, 5.4875], "texture": "#0"}
			}
		},
		{
			"name": "tablecloth l",
			"from": [-9.001, 0, 1],
			"to": [-9.001, 12, 15],
			"faces": {
				"north": {"uv": [0.0125, 0.0125, -0.1, 1.4875], "texture": "#0"},
				"east": {"uv": [8.0125, 6.5125, 9.7375, 7.9875], "texture": "#0"},
				"south": {"uv": [0.0125, 0.0125, -0.1, 1.4875], "texture": "#0"},
				"west": {"uv": [7.5125, 8.0125, 9.2375, 9.4875], "texture": "#0"},
				"up": {"uv": [0.0125, 1.7375, -0.1, 0.0125], "texture": "#0"},
				"down": {"uv": [0.0125, 0.0125, -0.1, 1.7375], "texture": "#0"}
			}
		},
		{
			"name": "tablecloth r",
			"from": [25.01, 0, 1],
			"to": [25.01, 12, 15],
			"faces": {
				"north": {"uv": [0.0125, 0.0125, -0.1, 1.4875], "texture": "#0"},
				"east": {"uv": [8.2625, 0.0125, 9.9875, 1.4875], "texture": "#0"},
				"south": {"uv": [0.0125, 0.0125, -0.1, 1.4875], "texture": "#0"},
				"west": {"uv": [8.2625, 1.5125, 9.9875, 2.9875], "texture": "#0"},
				"up": {"uv": [0.0125, 1.7375, -0.1, 0.0125], "texture": "#0"},
				"down": {"uv": [0.0125, 0.0125, -0.1, 1.7375], "texture": "#0"}
			}
		},
		{
			"from": [-10, 8, -5],
			"to": [-5, 13, 0],
			"faces": {
				"north": {"uv": [10.0125, 1.8875, 10.6125, 2.4875], "texture": "#0"},
				"east": {"uv": [10.0125, 7.7625, 10.6125, 8.3625], "texture": "#0"},
				"south": {"uv": [10.0125, 8.3875, 10.6125, 8.9875], "texture": "#0"},
				"west": {"uv": [0.0125, 10.1375, 0.6125, 10.7375], "texture": "#0"},
				"up": {"uv": [1.2375, 10.7375, 0.6375, 10.1375], "texture": "#0"},
				"down": {"uv": [8.1125, 10.1375, 7.5125, 10.7375], "texture": "#0"}
			}
		},
		{
			"from": [-10, 8, 16],
			"to": [-5, 13, 21],
			"rotation": {"angle": 0, "axis": "y", "origin": [-7.5, 10.5, 18.5]},
			"faces": {
				"north": {"uv": [10.0125, 7.7625, 10.6125, 8.3625], "texture": "#0"},
				"east": {"uv": [10.0125, 8.3875, 10.6125, 8.9875], "texture": "#0"},
				"south": {"uv": [0.0125, 10.1375, 0.6125, 10.7375], "texture": "#0"},
				"west": {"uv": [10.0125, 1.8875, 10.6125, 2.4875], "texture": "#0"},
				"up": {"uv": [1.2375, 10.7375, 0.6375, 10.1375], "rotation": 270, "texture": "#0"},
				"down": {"uv": [8.1125, 10.1375, 7.5125, 10.7375], "rotation": 90, "texture": "#0"}
			}
		},
		{
			"from": [21, 8, 16],
			"to": [26, 13, 21],
			"rotation": {"angle": 0, "axis": "y", "origin": [23.5, 10.5, 18.5]},
			"faces": {
				"north": {"uv": [10.0125, 8.3875, 10.6125, 8.9875], "texture": "#0"},
				"east": {"uv": [0.0125, 10.1375, 0.6125, 10.7375], "texture": "#0"},
				"south": {"uv": [10.0125, 1.8875, 10.6125, 2.4875], "texture": "#0"},
				"west": {"uv": [10.0125, 7.7625, 10.6125, 8.3625], "texture": "#0"},
				"up": {"uv": [1.2375, 10.7375, 0.6375, 10.1375], "rotation": 180, "texture": "#0"},
				"down": {"uv": [8.1125, 10.1375, 7.5125, 10.7375], "rotation": 180, "texture": "#0"}
			}
		},
		{
			"from": [21, 8, -5],
			"to": [26, 13, 0],
			"rotation": {"angle": 0, "axis": "y", "origin": [23.5, 10.5, -2.5]},
			"faces": {
				"north": {"uv": [0.0125, 10.1375, 0.6125, 10.7375], "texture": "#0"},
				"east": {"uv": [10.0125, 1.8875, 10.6125, 2.4875], "texture": "#0"},
				"south": {"uv": [10.0125, 7.7625, 10.6125, 8.3625], "texture": "#0"},
				"west": {"uv": [10.0125, 8.3875, 10.6125, 8.9875], "texture": "#0"},
				"up": {"uv": [1.2375, 10.7375, 0.6375, 10.1375], "rotation": 90, "texture": "#0"},
				"down": {"uv": [8.1125, 10.1375, 7.5125, 10.7375], "rotation": 270, "texture": "#0"}
			}
		},
		{
			"from": [-4, 12, -3],
			"to": [2, 14, 3],
			"rotation": {"angle": 0, "axis": "y", "origin": [-1, 16.44987, 0]},
			"faces": {
				"north": {"uv": [3.0125, 8.5125, 3.7375, 8.7375], "texture": "#0"},
				"east": {"uv": [3.0125, 8.7625, 3.7375, 8.9875], "texture": "#0"},
				"south": {"uv": [10.0125, 2.5125, 10.7375, 2.7375], "texture": "#0"},
				"west": {"uv": [10.0125, 2.7625, 10.7375, 2.9875], "texture": "#0"},
				"up": {"uv": [9.9875, 8.7375, 9.2625, 8.0125], "texture": "#0"},
				"down": {"uv": [9.9875, 8.7625, 9.2625, 9.4875], "texture": "#0"}
			}
		},
		{
			"from": [-4, 17.49598, -3.16725],
			"to": [2, 19.49598, 2.83275],
			"rotation": {"angle": -45, "axis": "x", "origin": [-1, 16.44987, 0]},
			"faces": {
				"north": {"uv": [10.0125, 9.0125, 10.7375, 9.2375], "texture": "#0"},
				"east": {"uv": [10.0125, 9.2625, 10.7375, 9.4875], "texture": "#0"},
				"south": {"uv": [4.8875, 10.2625, 5.6125, 10.4875], "texture": "#0"},
				"west": {"uv": [5.6375, 10.2625, 6.3625, 10.4875], "texture": "#0"},
				"up": {"uv": [0.7375, 10.1125, 0.0125, 9.3875], "texture": "#0"},
				"down": {"uv": [1.4875, 9.3875, 0.7625, 10.1125], "texture": "#0"}
			}
		},
		{
			"from": [-2, 16.49598, 2.83275],
			"to": [0, 19.49598, 3.83275],
			"rotation": {"angle": -45, "axis": "x", "origin": [-1, 16.44987, 0]},
			"faces": {
				"north": {"uv": [5.8875, 10.5125, 6.1125, 10.8625], "texture": "#0"},
				"east": {"uv": [4.1375, 7.5125, 4.2375, 7.8625], "texture": "#0"},
				"south": {"uv": [6.1375, 10.5125, 6.3625, 10.8625], "texture": "#0"},
				"west": {"uv": [6.3875, 10.7625, 6.4875, 11.1125], "texture": "#0"},
				"up": {"uv": [2.9875, 8.9875, 2.7625, 8.8875], "texture": "#0"},
				"down": {"uv": [7.1125, 10.7625, 6.8875, 10.8625], "texture": "#0"}
			}
		},
		{
			"from": [-3, 14, -3],
			"to": [1, 15, -2],
			"rotation": {"angle": 0, "axis": "y", "origin": [-1, 16.44987, 0]},
			"faces": {
				"north": {"uv": [3.7625, 7.8875, 4.2375, 7.9875], "texture": "#0"},
				"east": {"uv": [10.2625, 9.8875, 10.3625, 9.9875], "texture": "#0"},
				"south": {"uv": [10.6375, 7.8875, 11.1125, 7.9875], "texture": "#0"},
				"west": {"uv": [10.2625, 10.0125, 10.3625, 10.1125], "texture": "#0"},
				"up": {"uv": [11.1125, 8.1125, 10.6375, 8.0125], "texture": "#0"},
				"down": {"uv": [11.1125, 8.1375, 10.6375, 8.2375], "texture": "#0"}
			}
		},
		{
			"from": [-3, 14, 2],
			"to": [1, 15, 3],
			"rotation": {"angle": 0, "axis": "y", "origin": [-1, 16.44987, 0]},
			"faces": {
				"north": {"uv": [10.6375, 8.2625, 11.1125, 8.3625], "texture": "#0"},
				"east": {"uv": [10.8875, 2.8875, 10.9875, 2.9875], "texture": "#0"},
				"south": {"uv": [10.6375, 8.3875, 11.1125, 8.4875], "texture": "#0"},
				"west": {"uv": [10.8875, 3.0125, 10.9875, 3.1125], "texture": "#0"},
				"up": {"uv": [11.1125, 8.6125, 10.6375, 8.5125], "texture": "#0"},
				"down": {"uv": [11.1125, 8.6375, 10.6375, 8.7375], "texture": "#0"}
			}
		},
		{
			"name": "gem1",
			"from": [-2.9, 14.0001, -1],
			"to": [-0.9, 15.0001, 1],
			"rotation": {"angle": -45, "axis": "y", "origin": [-1, 16.44987, 0]},
			"faces": {
				"north": {"uv": [7.8875, 10.7625, 8.1125, 10.8625], "texture": "#0"},
				"east": {"uv": [10.8875, 1.0125, 11.1125, 1.1125], "texture": "#0"},
				"south": {"uv": [10.8875, 1.1375, 11.1125, 1.2375], "texture": "#0"},
				"west": {"uv": [10.8875, 1.2625, 11.1125, 1.3625], "texture": "#0"},
				"up": {"uv": [9.9875, 7.9875, 9.7625, 7.7625], "texture": "#0"},
				"down": {"uv": [7.3625, 10.6375, 7.1375, 10.8625], "texture": "#0"}
			}
		},
		{
			"name": "gem2",
			"from": [-1.02218, 14, -0.02218],
			"to": [0.97782, 15, 1.97782],
			"rotation": {"angle": 0, "axis": "y", "origin": [-1, 16.44987, 0]},
			"faces": {
				"north": {"uv": [10.8875, 1.3875, 11.1125, 1.4875], "texture": "#0"},
				"east": {"uv": [10.8875, 1.5125, 11.1125, 1.6125], "texture": "#0"},
				"south": {"uv": [10.8875, 1.6375, 11.1125, 1.7375], "texture": "#0"},
				"west": {"uv": [10.8875, 1.7625, 11.1125, 1.8625], "texture": "#0"},
				"up": {"uv": [10.8625, 8.9875, 10.6375, 8.7625], "texture": "#0"},
				"down": {"uv": [10.8625, 9.5125, 10.6375, 9.7375], "texture": "#0"}
			}
		},
		{
			"from": [-4, 14, -3],
			"to": [-3, 15, 3],
			"rotation": {"angle": 0, "axis": "y", "origin": [-1, 16.44987, 0]},
			"faces": {
				"north": {"uv": [10.8875, 3.1375, 10.9875, 3.2375], "texture": "#0"},
				"east": {"uv": [6.5125, 9.3875, 7.2375, 9.4875], "texture": "#0"},
				"south": {"uv": [10.8875, 3.2625, 10.9875, 3.3625], "texture": "#0"},
				"west": {"uv": [10.3875, 7.6375, 11.1125, 7.7375], "texture": "#0"},
				"up": {"uv": [4.2375, 6.7375, 4.1375, 6.0125], "texture": "#0"},
				"down": {"uv": [4.2375, 6.7625, 4.1375, 7.4875], "texture": "#0"}
			}
		},
		{
			"from": [1, 14, -3],
			"to": [2, 15, 3],
			"rotation": {"angle": 0, "axis": "y", "origin": [-1, 16.44987, 0]},
			"faces": {
				"north": {"uv": [10.8875, 3.3875, 10.9875, 3.4875], "texture": "#0"},
				"east": {"uv": [10.6375, 0.0125, 11.3625, 0.1125], "texture": "#0"},
				"south": {"uv": [10.8875, 3.5125, 10.9875, 3.6125], "texture": "#0"},
				"west": {"uv": [10.6375, 0.1375, 11.3625, 0.2375], "texture": "#0"},
				"up": {"uv": [3.3625, 11.2375, 3.2625, 10.5125], "texture": "#0"},
				"down": {"uv": [10.7375, 0.2625, 10.6375, 0.9875], "texture": "#0"}
			}
		},
		{
			"from": [16, 12, -1.9],
			"to": [19, 13, 1.1],
			"rotation": {"angle": -22.5, "axis": "y", "origin": [17.5, 20.75, -0.4]},
			"faces": {
				"north": {"uv": [6.5125, 10.7625, 6.8625, 10.8625], "texture": "#0"},
				"east": {"uv": [10.7625, 6.5125, 11.1125, 6.6125], "texture": "#0"},
				"south": {"uv": [10.7625, 6.6375, 11.1125, 6.7375], "texture": "#0"},
				"west": {"uv": [10.7625, 6.7625, 11.1125, 6.8625], "texture": "#0"},
				"up": {"uv": [4.1125, 7.8625, 3.7625, 7.5125], "texture": "#0"},
				"down": {"uv": [6.7375, 10.2625, 6.3875, 10.6125], "texture": "#0"}
			}
		},
		{
			"from": [16, 21, -1.9],
			"to": [19, 22, 1.1],
			"rotation": {"angle": -22.5, "axis": "y", "origin": [17.5, 20.75, -0.4]},
			"faces": {
				"north": {"uv": [10.7625, 6.8875, 11.1125, 6.9875], "texture": "#0"},
				"east": {"uv": [10.7625, 7.0125, 11.1125, 7.1125], "texture": "#0"},
				"south": {"uv": [10.7625, 7.1375, 11.1125, 7.2375], "texture": "#0"},
				"west": {"uv": [10.7625, 7.2625, 11.1125, 7.3625], "texture": "#0"},
				"up": {"uv": [7.1125, 10.6125, 6.7625, 10.2625], "texture": "#0"},
				"down": {"uv": [7.4875, 10.2625, 7.1375, 10.6125], "texture": "#0"}
			}
		},
		{
			"from": [21, 20, -1.9],
			"to": [24, 21, 1.1],
			"rotation": {"angle": -22.5, "axis": "y", "origin": [17.5, 20.75, -0.4]},
			"faces": {
				"north": {"uv": [10.7625, 7.3875, 11.1125, 7.4875], "texture": "#0"},
				"east": {"uv": [7.5125, 10.7625, 7.8625, 10.8625], "texture": "#0"},
				"south": {"uv": [10.7625, 7.5125, 11.1125, 7.6125], "texture": "#0"},
				"west": {"uv": [10.7625, 9.0125, 11.1125, 9.1125], "texture": "#0"},
				"up": {"uv": [10.6125, 9.8625, 10.2625, 9.5125], "texture": "#0"},
				"down": {"uv": [10.7375, 6.5125, 10.3875, 6.8625], "texture": "#0"}
			}
		},
		{
			"from": [16.5, 13, -1.4],
			"to": [18.5, 15, 0.6],
			"rotation": {"angle": -22.5, "axis": "y", "origin": [17.5, 20.75, -0.4]},
			"faces": {
				"north": {"uv": [10.6375, 9.7625, 10.8625, 9.9875], "texture": "#0"},
				"east": {"uv": [10.6375, 10.0125, 10.8625, 10.2375], "texture": "#0"},
				"south": {"uv": [10.6375, 10.2625, 10.8625, 10.4875], "texture": "#0"},
				"west": {"uv": [10.6375, 10.5125, 10.8625, 10.7375], "texture": "#0"},
				"up": {"uv": [0.2375, 10.9875, 0.0125, 10.7625], "texture": "#0"},
				"down": {"uv": [0.4875, 10.7625, 0.2625, 10.9875], "texture": "#0"}
			}
		},
		{
			"from": [16.5, 16, -1.4],
			"to": [18.5, 20, 0.6],
			"rotation": {"angle": -22.5, "axis": "y", "origin": [17.5, 20.75, -0.4]},
			"faces": {
				"north": {"uv": [7.2625, 9.0125, 7.4875, 9.4875], "texture": "#0"},
				"east": {"uv": [7.5125, 9.6375, 7.7375, 10.1125], "texture": "#0"},
				"south": {"uv": [1.2625, 10.1375, 1.4875, 10.6125], "texture": "#0"},
				"west": {"uv": [10.3875, 9.8875, 10.6125, 10.3625], "texture": "#0"},
				"up": {"uv": [10.9875, 0.4875, 10.7625, 0.2625], "texture": "#0"},
				"down": {"uv": [0.7375, 10.7625, 0.5125, 10.9875], "texture": "#0"}
			}
		},
		{
			"from": [16.5, 22, -1.4],
			"to": [18.5, 26, 0.6],
			"rotation": {"angle": -22.5, "axis": "y", "origin": [17.5, 20.75, -0.4]},
			"faces": {
				"north": {"uv": [10.3875, 10.3875, 10.6125, 10.8625], "texture": "#0"},
				"east": {"uv": [1.5125, 10.5125, 1.7375, 10.9875], "texture": "#0"},
				"south": {"uv": [1.7625, 10.5125, 1.9875, 10.9875], "texture": "#0"},
				"west": {"uv": [2.0125, 10.5125, 2.2375, 10.9875], "texture": "#0"},
				"up": {"uv": [10.9875, 0.7375, 10.7625, 0.5125], "texture": "#0"},
				"down": {"uv": [0.9875, 10.7625, 0.7625, 10.9875], "texture": "#0"}
			}
		},
		{
			"name": "flame",
			"from": [16, 26, -0.4],
			"to": [19, 32, -0.4],
			"rotation": {"angle": -22.5, "axis": "y", "origin": [17.5, 20.75, -0.4]},
			"faces": {
				"north": {"uv": [2, 0, 8.05, 12], "texture": "#1"},
				"east": {"uv": [0, 0, 0, 4.5], "texture": "#1"},
				"south": {"uv": [1.95, 0, 8, 12], "texture": "#1"},
				"west": {"uv": [0, 0, 0, 4.5], "texture": "#1"},
				"up": {"uv": [2.25, 0, 0, 0], "texture": "#1"},
				"down": {"uv": [2.25, 0, 0, 0], "texture": "#1"}
			}
		},
		{
			"name": "flame",
			"from": [17.5, 26, -1.9],
			"to": [17.5, 32, 1.1],
			"rotation": {"angle": -22.5, "axis": "y", "origin": [17.5, 29, -0.4]},
			"faces": {
				"north": {"uv": [0, 0, 0, 4.5], "texture": "#1"},
				"east": {"uv": [1.95, 0, 8, 12], "texture": "#1"},
				"south": {"uv": [0, 0, 0, 4.5], "texture": "#1"},
				"west": {"uv": [2, 0, 8.05, 12], "texture": "#1"},
				"up": {"uv": [2.25, 0, 0, 0], "rotation": 270, "texture": "#1"},
				"down": {"uv": [2.25, 0, 0, 0], "rotation": 90, "texture": "#1"}
			}
		},
		{
			"from": [20.03553, 21, 2.13553],
			"to": [22.03553, 25, 4.13553],
			"rotation": {"angle": 22.5, "axis": "y", "origin": [17.5, 20.75, -0.4]},
			"faces": {
				"north": {"uv": [2.2625, 10.5125, 2.4875, 10.9875], "texture": "#0"},
				"east": {"uv": [2.5125, 10.5125, 2.7375, 10.9875], "texture": "#0"},
				"south": {"uv": [2.7625, 10.5125, 2.9875, 10.9875], "texture": "#0"},
				"west": {"uv": [3.0125, 10.5125, 3.2375, 10.9875], "texture": "#0"},
				"up": {"uv": [10.9875, 0.9875, 10.7625, 0.7625], "texture": "#0"},
				"down": {"uv": [1.2375, 10.7625, 1.0125, 10.9875], "texture": "#0"}
			}
		},
		{
			"name": "flame",
			"from": [19.53553, 25, 3.13553],
			"to": [22.53553, 31, 3.13553],
			"rotation": {"angle": 22.5, "axis": "y", "origin": [17.5, 20.75, -0.4]},
			"faces": {
				"north": {"uv": [1.98437, 0, 8.04687, 12], "texture": "#2"},
				"east": {"uv": [1.98437, 0, 8.04687, 12], "texture": "#2"},
				"south": {"uv": [1.98437, 0, 8.04687, 12], "texture": "#2"},
				"west": {"uv": [1.98437, 0, 8.04687, 12], "texture": "#2"},
				"up": {"uv": [1.98437, 0, 8.04687, 12], "texture": "#2"},
				"down": {"uv": [1.98437, 0, 8.04687, 12], "texture": "#2"}
			}
		},
		{
			"name": "flame",
			"from": [22.1194, 25, 0.01342],
			"to": [22.1194, 31, 3.01342],
			"rotation": {"angle": 22.5, "axis": "y", "origin": [22.1194, 28, 1.51342]},
			"faces": {
				"north": {"uv": [1.98437, 0, 8.04687, 12], "texture": "#2"},
				"east": {"uv": [1.98437, 0, 8.04687, 12], "texture": "#2"},
				"south": {"uv": [1.98437, 0, 8.04687, 12], "texture": "#2"},
				"west": {"uv": [1.98437, 0, 8.04687, 12], "texture": "#2"},
				"up": {"uv": [1.98437, 0, 8.04687, 12], "rotation": 270, "texture": "#2"},
				"down": {"uv": [1.98437, 0, 8.04687, 12], "rotation": 90, "texture": "#2"}
			}
		},
		{
			"name": "flame",
			"from": [15.1194, 25, -6.98658],
			"to": [15.1194, 31, -3.98658],
			"rotation": {"angle": 22.5, "axis": "y", "origin": [22.1194, 28, 1.51342]},
			"faces": {
				"north": {"uv": [1.98437, 0, 8.04687, 12], "texture": "#2"},
				"east": {"uv": [1.98437, 0, 8.04687, 12], "texture": "#3"},
				"south": {"uv": [1.98437, 0, 8.04687, 12], "texture": "#3"},
				"west": {"uv": [1.98437, 0, 8.04687, 12], "texture": "#3"},
				"up": {"uv": [1.98437, 0, 8.04687, 12], "rotation": 270, "texture": "#2"},
				"down": {"uv": [1.98437, 0, 8.04687, 12], "rotation": 90, "texture": "#2"}
			}
		},
		{
			"name": "flame",
			"from": [12.53553, 25, -3.86447],
			"to": [15.53553, 31, -3.86447],
			"rotation": {"angle": 22.5, "axis": "y", "origin": [17.5, 20.75, -0.4]},
			"faces": {
				"north": {"uv": [1.98437, 0, 8.04687, 12], "texture": "#3"},
				"east": {"uv": [1.98437, 0, 8.04687, 12], "texture": "#2"},
				"south": {"uv": [1.98437, 0, 8.04687, 12], "texture": "#3"},
				"west": {"uv": [1.98437, 0, 8.04687, 12], "texture": "#2"},
				"up": {"uv": [1.98437, 0, 8.04687, 12], "texture": "#2"},
				"down": {"uv": [1.98437, 0, 8.04687, 12], "texture": "#2"}
			}
		},
		{
			"from": [17, 15, -0.9],
			"to": [18, 21, 0.1],
			"rotation": {"angle": -22.5, "axis": "y", "origin": [17.5, 20.75, -0.4]},
			"faces": {
				"north": {"uv": [10.6375, 1.0125, 10.7375, 1.7375], "texture": "#0"},
				"east": {"uv": [1.2625, 10.6375, 1.3625, 11.3625], "texture": "#0"},
				"south": {"uv": [1.3875, 10.6375, 1.4875, 11.3625], "texture": "#0"},
				"west": {"uv": [10.6375, 1.7625, 10.7375, 2.4875], "texture": "#0"},
				"up": {"uv": [10.9875, 3.7375, 10.8875, 3.6375], "texture": "#0"},
				"down": {"uv": [10.9875, 3.7625, 10.8875, 3.8625], "texture": "#0"}
			}
		},
		{
			"from": [21.91421, 16, -0.9],
			"to": [22.91421, 20, 0.1],
			"rotation": {"angle": -22.5, "axis": "y", "origin": [17.5, 20.75, -0.4]},
			"faces": {
				"north": {"uv": [3.6375, 10.6375, 3.7375, 11.1125], "texture": "#0"},
				"east": {"uv": [7.3875, 10.6375, 7.4875, 11.1125], "texture": "#0"},
				"south": {"uv": [10.7625, 1.0125, 10.8625, 1.4875], "texture": "#0"},
				"west": {"uv": [10.7625, 1.5125, 10.8625, 1.9875], "texture": "#0"},
				"up": {"uv": [10.9875, 3.9875, 10.8875, 3.8875], "texture": "#0"},
				"down": {"uv": [10.9875, 4.0125, 10.8875, 4.1125], "texture": "#0"}
			}
		},
		{
			"from": [13, 16, -0.4],
			"to": [22, 20, -0.4],
			"rotation": {"angle": -22.5, "axis": "y", "origin": [17.5, 20.75, -0.4]},
			"faces": {
				"north": {"uv": [1.5125, 9.3875, 2.6125, 9.8625], "texture": "#0"},
				"east": {"uv": [0.0125, 0.0125, -0.1, 0.4875], "texture": "#0"},
				"south": {"uv": [2.6375, 9.3875, 3.7375, 9.8625], "texture": "#0"},
				"west": {"uv": [0.0125, 0.0125, -0.1, 0.4875], "texture": "#0"},
				"up": {"uv": [1.1125, 0.0125, 0.0125, -0.1], "texture": "#0"},
				"down": {"uv": [1.1125, 0.0125, 0.0125, -0.1], "texture": "#0"}
			}
		},
		{
			"from": [12.96447, 21, -4.93553],
			"to": [14.96447, 25, -2.93553],
			"rotation": {"angle": 22.5, "axis": "y", "origin": [17.5, 20.75, -0.4]},
			"faces": {
				"north": {"uv": [4.8875, 10.5125, 5.1125, 10.9875], "texture": "#0"},
				"east": {"uv": [5.1375, 10.5125, 5.3625, 10.9875], "texture": "#0"},
				"south": {"uv": [5.3875, 10.5125, 5.6125, 10.9875], "texture": "#0"},
				"west": {"uv": [5.6375, 10.5125, 5.8625, 10.9875], "texture": "#0"},
				"up": {"uv": [10.9875, 2.2375, 10.7625, 2.0125], "texture": "#0"},
				"down": {"uv": [10.9875, 2.2625, 10.7625, 2.4875], "texture": "#0"}
			}
		},
		{
			"from": [11, 20, -1.9],
			"to": [14, 21, 1.1],
			"rotation": {"angle": -22.5, "axis": "y", "origin": [17.5, 20.75, -0.4]},
			"faces": {
				"north": {"uv": [10.7625, 9.1375, 11.1125, 9.2375], "texture": "#0"},
				"east": {"uv": [10.7625, 9.2625, 11.1125, 9.3625], "texture": "#0"},
				"south": {"uv": [10.7625, 9.3875, 11.1125, 9.4875], "texture": "#0"},
				"west": {"uv": [10.6375, 10.7625, 10.9875, 10.8625], "texture": "#0"},
				"up": {"uv": [10.7375, 7.2375, 10.3875, 6.8875], "texture": "#0"},
				"down": {"uv": [10.7375, 7.2625, 10.3875, 7.6125], "texture": "#0"}
			}
		},
		{
			"from": [12.08579, 16, -0.9],
			"to": [13.08579, 20, 0.1],
			"rotation": {"angle": -22.5, "axis": "y", "origin": [17.5, 20.75, -0.4]},
			"faces": {
				"north": {"uv": [10.7625, 2.5125, 10.8625, 2.9875], "texture": "#0"},
				"east": {"uv": [10.7625, 3.0125, 10.8625, 3.4875], "texture": "#0"},
				"south": {"uv": [10.7625, 3.5125, 10.8625, 3.9875], "texture": "#0"},
				"west": {"uv": [10.7625, 4.0125, 10.8625, 4.4875], "texture": "#0"},
				"up": {"uv": [10.9875, 4.2375, 10.8875, 4.1375], "texture": "#0"},
				"down": {"uv": [10.9875, 4.2625, 10.8875, 4.3625], "texture": "#0"}
			}
		},
		{
			"from": [18.3, 12, 10.7],
			"to": [20.3, 13, 12.7],
			"rotation": {"angle": 22.5, "axis": "y", "origin": [19, 12.5, 12]},
			"faces": {
				"north": {"uv": [10.8875, 1.8875, 11.1125, 1.9875], "texture": "#0"},
				"east": {"uv": [10.8875, 2.5125, 11.1125, 2.6125], "texture": "#0"},
				"south": {"uv": [10.8875, 2.6375, 11.1125, 2.7375], "texture": "#0"},
				"west": {"uv": [10.8875, 2.7625, 11.1125, 2.8625], "texture": "#0"},
				"up": {"uv": [10.9875, 4.7375, 10.7625, 4.5125], "texture": "#0"},
				"down": {"uv": [10.9875, 4.7625, 10.7625, 4.9875], "texture": "#0"}
			}
		},
		{
			"from": [16.77269, 11.9998, 12.26954],
			"to": [17.77269, 12.9997, 18.26954],
			"rotation": {"angle": -22.5, "axis": "y", "origin": [17.77269, 12.5, 16.26954]},
			"faces": {
				"north": {"uv": [10.8875, 4.3875, 10.9875, 4.4875], "texture": "#0"},
				"east": {"uv": [6.3875, 10.6375, 7.1125, 10.7375], "texture": "#0"},
				"south": {"uv": [5.8875, 10.8875, 5.9875, 10.9875], "texture": "#0"},
				"west": {"uv": [10.6375, 7.7625, 11.3625, 7.8625], "texture": "#0"},
				"up": {"uv": [3.4875, 11.3625, 3.3875, 10.6375], "texture": "#0"},
				"down": {"uv": [3.6125, 10.6375, 3.5125, 11.3625], "texture": "#0"}
			}
		}
	],
	"gui_light": "front",
	"display": {
		"thirdperson_righthand": {
			"rotation": [75, 45, 0],
			"translation": [0, 2.5, 0],
			"scale": [0.375, 0.375, 0.375]
		},
		"thirdperson_lefthand": {
			"rotation": [75, 45, 0],
			"translation": [0, 2.5, 0],
			"scale": [0.375, 0.375, 0.375]
		},
		"firstperson_righthand": {
			"rotation": [0, 45, 0],
			"scale": [0.4, 0.4, 0.4]
		},
		"firstperson_lefthand": {
			"rotation": [0, 225, 0],
			"scale": [0.4, 0.4, 0.4]
		},
		"ground": {
			"translation": [0, 3, 0],
			"scale": [0.25, 0.25, 0.25]
		},
		"gui": {
			"rotation": [30, 225, 0],
			"scale": [0.625, 0.625, 0.625]
		},
		"head": {
			"translation": [0, -32.25, 0],
			"scale": [1.6, 1.6, 1.6]
		},
		"fixed": {
			"rotation": [-90, 0, 0],
			"translation": [0, 0, -16],
			"scale": [2, 2, 2]
		}
	},
	"groups": [
		{
			"name": "group",
			"origin": [8, 8, 8],
			"color": 0,
			"nbt": "{}",
			"children": [
				{
					"name": "table",
					"origin": [0, 0, 0],
					"color": 0,
					"nbt": "{}",
					"children": [0, 1, 2, 3, 4, 5, 6, 7, 8]
				},
				{
					"name": "box",
					"origin": [8, 8, 8],
					"color": 0,
					"nbt": "{}",
					"children": [9, 10, 11, 12, 13, 14, 15, 16, 17]
				},
				{
					"name": "candles",
					"origin": [8, 8, 8],
					"color": 0,
					"nbt": "{}",
					"children": [18, 19, 20, 21, 22, 23, 24, 25, 26, 27, 28, 29, 30, 31, 32, 33, 34, 35, 36]
				},
				{
					"name": "witching rod",
					"origin": [8, 8, 8],
					"color": 0,
					"nbt": "{}",
					"children": [37, 38]
				}
			]
		}
	]
}