{
	"credit": "Made with Blockbench",
	"texture_size": [64, 48],
	"textures": {
		"10": "custom/weapons/sickle/ironsickle"
	},
	"elements": [
		{
			"from": [7.5, 1.05, 7.5],
			"to": [8.5, 4.55, 8.5],
			"rotation": {"angle": 0, "axis": "y", "origin": [8, 7.27159, 8]},
			"faces": {
				"north": {"uv": [4, 0, 4.5, 2.33333], "texture": "#10"},
				"east": {"uv": [4.5, 0, 5, 2.33333], "texture": "#10"},
				"south": {"uv": [5, 0, 5.5, 2.33333], "texture": "#10"},
				"west": {"uv": [5.5, 0, 6, 2.33333], "texture": "#10"},
				"up": {"uv": [4.5, 3.33333, 4, 2.66667], "texture": "#10"},
				"down": {"uv": [6.5, 0, 6, 0.66667], "texture": "#10"}
			}
		},
		{
			"from": [7.095, 3.844, 7.3285],
			"to": [8.905, 4.344, 8.6715],
			"rotation": {"angle": 0, "axis": "y", "origin": [8, 7.27159, 8]},
			"faces": {
				"north": {"uv": [9, 0, 10, 0.33333], "texture": "#10"},
				"east": {"uv": [9, 1.33333, 9.75, 1.66667], "texture": "#10"},
				"south": {"uv": [9, 0.66667, 10, 1], "texture": "#10"},
				"west": {"uv": [9, 2, 9.75, 2.33333], "texture": "#10"},
				"up": {"uv": [9, 1, 8, 0], "texture": "#10"},
				"down": {"uv": [9, 1.33333, 8, 2.33333], "texture": "#10"}
			}
		},
		{
			"from": [6.629, 4.2728, 7.1942],
			"to": [9.371, 4.7728, 8.8058],
			"rotation": {"angle": 0, "axis": "y", "origin": [8, 7.27159, 8]},
			"faces": {
				"north": {"uv": [13.5, 0, 14.75, 0.33333], "texture": "#10"},
				"east": {"uv": [13.5, 1.33333, 14.25, 1.66667], "texture": "#10"},
				"south": {"uv": [13.5, 0.66667, 14.75, 1], "texture": "#10"},
				"west": {"uv": [13.5, 2, 14.25, 2.33333], "texture": "#10"},
				"up": {"uv": [13.25, 1, 12, 0], "texture": "#10"},
				"down": {"uv": [13.25, 1.33333, 12, 2.33333], "texture": "#10"}
			}
		},
		{
			"from": [7.25, 4.55, 7.475],
			"to": [8.75, 6.8, 8.525],
			"rotation": {"angle": 0, "axis": "y", "origin": [8, 7.27159, 8]},
			"faces": {
				"north": {"uv": [0, 5.33333, 0.75, 7], "texture": "#10"},
				"east": {"uv": [0, 7.33333, 0.5, 9], "texture": "#10"},
				"south": {"uv": [1, 5.33333, 1.75, 7], "texture": "#10"},
				"west": {"uv": [0.5, 7.33333, 1, 9], "texture": "#10"},
				"up": {"uv": [1.75, 8, 1, 7.33333], "texture": "#10"},
				"down": {"uv": [2.75, 5.33333, 2, 6], "texture": "#10"}
			}
		},
		{
			"from": [3.15575, 2.12734, 7.3965],
			"to": [4.36275, 3.33434, 8.6035],
			"rotation": {"angle": 45, "axis": "z", "origin": [8, 6.97159, 8]},
			"faces": {
				"north": {"uv": [0, 0, 0.5, 0.66667], "texture": "#10"},
				"east": {"uv": [0, 0.66667, 0.5, 1.33333], "texture": "#10"},
				"south": {"uv": [0.5, 0, 1, 0.66667], "texture": "#10"},
				"west": {"uv": [0.5, 0.66667, 1, 1.33333], "texture": "#10"},
				"up": {"uv": [0.5, 2, 0, 1.33333], "texture": "#10"},
				"down": {"uv": [1.5, 0, 1, 0.66667], "texture": "#10"}
			}
		},
		{
			"from": [8.075, 6.125, 7.5],
			"to": [10.825, 7.125, 8.5],
			"rotation": {"angle": 45, "axis": "z", "origin": [9.25, 6.55, 8]},
			"faces": {
				"north": {"uv": [4, 5.33333, 5.5, 6], "texture": "#10"},
				"east": {"uv": [5.5, 5.33333, 6, 6], "texture": "#10"},
				"south": {"uv": [5.5, 5.33333, 4, 6], "texture": "#10"},
				"west": {"uv": [5.5, 6, 6, 6.66667], "texture": "#10"},
				"up": {"uv": [5.5, 7.33333, 4, 6.66667], "texture": "#10"},
				"down": {"uv": [5.5, 7.33333, 4, 8], "texture": "#10"}
			}
		},
		{
			"from": [9.67, 7.365, 7.55],
			"to": [10.67, 9.865, 8.45],
			"rotation": {"angle": 0, "axis": "y", "origin": [9.25, 6.55, 8]},
			"faces": {
				"north": {"uv": [8, 5.33333, 8.5, 7], "texture": "#10"},
				"east": {"uv": [8.5, 5.33333, 9, 7], "texture": "#10"},
				"south": {"uv": [8.5, 5.33333, 8, 7], "texture": "#10"},
				"west": {"uv": [8, 7.33333, 8.5, 9], "texture": "#10"},
				"up": {"uv": [10, 6, 9.5, 5.33333], "texture": "#10"},
				"down": {"uv": [9, 7.33333, 8.5, 8], "texture": "#10"}
			}
		},
		{
			"from": [6.39, 10.63, 7.675],
			"to": [8.89, 11.63, 8.325],
			"rotation": {"angle": 0, "axis": "y", "origin": [9.25, 6.55, 8]},
			"faces": {
				"north": {"uv": [0, 10.66667, 1.25, 11.33333], "texture": "#10"},
				"east": {"uv": [1.5, 10.66667, 1.75, 11.33333], "texture": "#10"},
				"south": {"uv": [1.25, 10.66667, 0, 11.33333], "texture": "#10"},
				"west": {"uv": [1.5, 11.33333, 1.75, 12], "texture": "#10"},
				"up": {"uv": [1.25, 12.33333, 0, 12], "texture": "#10"},
				"down": {"uv": [1.25, 12.66667, 0, 13], "texture": "#10"}
			}
		},
		{
			"from": [11.6, 7.9, 7.625],
			"to": [12.6, 10.4, 8.375],
			"rotation": {"angle": 45, "axis": "z", "origin": [9.25, 6.55, 8]},
			"faces": {
				"north": {"uv": [12, 5.33333, 12.5, 7], "texture": "#10"},
				"east": {"uv": [12.5, 5.33333, 13, 7], "texture": "#10"},
				"south": {"uv": [12.5, 5.33333, 12, 7], "texture": "#10"},
				"west": {"uv": [12, 7.33333, 12.5, 9], "texture": "#10"},
				"up": {"uv": [14, 6, 13.5, 5.33333], "texture": "#10"},
				"down": {"uv": [13, 7.33333, 12.5, 8], "texture": "#10"}
			}
		},
		{
			"from": [8.325, 11.155, 7.725],
			"to": [10.825, 12.155, 8.275],
			"rotation": {"angle": 45, "axis": "z", "origin": [9.25, 6.55, 8]},
			"faces": {
				"north": {"uv": [4, 10.66667, 5.25, 11.33333], "texture": "#10"},
				"east": {"uv": [5.5, 10.66667, 5.75, 11.33333], "texture": "#10"},
				"south": {"uv": [5.25, 10.66667, 4, 11.33333], "texture": "#10"},
				"west": {"uv": [5.5, 11.33333, 5.75, 12], "texture": "#10"},
				"up": {"uv": [5.25, 12.33333, 4, 12], "texture": "#10"},
				"down": {"uv": [5.25, 12.66667, 4, 13], "texture": "#10"}
			}
		}
	],
	"gui_light": "front",
	"display": {
		"thirdperson_righthand": {
			"rotation": [0, -67, 0],
			"translation": [0, 6, 1.75],
			"scale": [1.48, 1.48, 1.48]
		},
		"thirdperson_lefthand": {
			"rotation": [0, 113, 0],
			"translation": [0, 6, 1.75],
			"scale": [1.48, 1.48, 1.48]
		},
		"firstperson_righthand": {
			"rotation": [-6, -83, 0],
			"translation": [1.25, 5.25, -0.5],
			"scale": [1.66, 1.66, 1.66]
		},
		"firstperson_lefthand": {
			"rotation": [-6, 97, 0],
			"translation": [1.25, 5.25, -0.5],
			"scale": [1.66, 1.66, 1.66]
		},
		"ground": {
			"rotation": [90, 0, 0],
			"translation": [0, -2, 3.75],
			"scale": [2.21, 2.21, 2.21]
		},
		"gui": {
			"rotation": [0, 0, -45],
			"translation": [2.25, 2, 0],
			"scale": [1.83, 1.83, 1.83]
		},
		"head": {
			"rotation": [180, 0, 0],
			"scale": [4, 4, 4]
		},
		"fixed": {
			"translation": [0, 7.5, 0],
			"scale": [4, 4, 4]
		}
	},
	"groups": [
		{
			"name": "Hilt",
			"origin": [8, 7.27159, 8],
			"color": 0,
			"children": [0, 1, 2]
		},
		{
			"name": "blade",
			"origin": [8, 8, 8],
			"color": 0,
			"children": [3, 4, 5, 6, 7, 8, 9]
		}
	]
}