{
	"credit": "Made with Blockbench",
	"texture_size": [32, 32],
	"textures": {
		"0": "custom/weapons/staff/goldstaff",
		"particle": "custom/weapons/staff/goldstaff"
	},
	"elements": [
		{
			"from": [6.5, 20, 7],
			"to": [9.5, 23, 9],
			"rotation": {"angle": 0, "axis": "y", "origin": [0, 4, 0]},
			"faces": {
				"north": {"uv": [8.5, 0, 10, 1.5], "texture": "#0"},
				"east": {"uv": [8.5, 5, 9.5, 6.5], "texture": "#0"},
				"south": {"uv": [8.5, 1.5, 10, 3], "texture": "#0"},
				"west": {"uv": [8.5, 6.5, 9.5, 8], "texture": "#0"},
				"up": {"uv": [10, 9, 8.5, 8], "texture": "#0"},
				"down": {"uv": [1.5, 9, 0, 10], "texture": "#0"}
			}
		},
		{
			"from": [3.5, 17, 8],
			"to": [12.5, 26, 8],
			"rotation": {"angle": 0, "axis": "y", "origin": [0, 4, 0]},
			"faces": {
				"north": {"uv": [4.5, 4.5, 0, 9], "texture": "#0"},
				"east": {"uv": [0, 0, 0, 4.5], "texture": "#0"},
				"south": {"uv": [0, 4.5, 4.5, 9], "texture": "#0"},
				"west": {"uv": [0, 0, 0, 4.5], "texture": "#0"},
				"up": {"uv": [4.5, 0, 0, 0], "texture": "#0"},
				"down": {"uv": [4.5, 0, 0, 0], "texture": "#0"}
			}
		},
		{
			"from": [7, 16.5, 7],
			"to": [9, 17.5, 9],
			"rotation": {"angle": 0, "axis": "y", "origin": [0, 4, 0]},
			"faces": {
				"north": {"uv": [10.5, 5, 11.5, 5.5], "texture": "#0"},
				"east": {"uv": [10.5, 5.5, 11.5, 6], "texture": "#0"},
				"south": {"uv": [10.5, 6, 11.5, 6.5], "texture": "#0"},
				"west": {"uv": [10.5, 6.5, 11.5, 7], "texture": "#0"},
				"up": {"uv": [4.5, 10, 3.5, 9], "texture": "#0"},
				"down": {"uv": [7.5, 9, 6.5, 10], "texture": "#0"}
			}
		},
		{
			"from": [7, -4, 7],
			"to": [9, -2, 9],
			"rotation": {"angle": 0, "axis": "y", "origin": [0, 2, 0]},
			"faces": {
				"north": {"uv": [7.5, 9, 8.5, 10], "texture": "#0"},
				"east": {"uv": [8.5, 9, 9.5, 10], "texture": "#0"},
				"south": {"uv": [9.5, 5, 10.5, 6], "texture": "#0"},
				"west": {"uv": [9.5, 6, 10.5, 7], "texture": "#0"},
				"up": {"uv": [10.5, 8, 9.5, 7], "texture": "#0"},
				"down": {"uv": [10.5, 9, 9.5, 10], "texture": "#0"}
			}
		},
		{
			"from": [7.875, -4.635, 7.005],
			"to": [8.875, -3.635, 8.995],
			"rotation": {"angle": 45, "axis": "z", "origin": [8, -4.5, 8]},
			"faces": {
				"north": {"uv": [11.5, 0.5, 12, 1], "texture": "#0"},
				"east": {"uv": [10.5, 7, 11.5, 7.5], "texture": "#0"},
				"south": {"uv": [1.5, 11.5, 2, 12], "texture": "#0"},
				"west": {"uv": [10.5, 7.5, 11.5, 8], "texture": "#0"},
				"up": {"uv": [9.5, 11.5, 9, 10.5], "texture": "#0"},
				"down": {"uv": [11, 9, 10.5, 10], "texture": "#0"}
			}
		},
		{
			"from": [7.25, 3.5, 7.25],
			"to": [8.75, 4.5, 8.75],
			"rotation": {"angle": 0, "axis": "y", "origin": [0, 4, 0]},
			"faces": {
				"north": {"uv": [11, 1.5, 11.75, 2], "texture": "#0"},
				"east": {"uv": [11, 2, 11.75, 2.5], "texture": "#0"},
				"south": {"uv": [2.5, 11, 3.25, 11.5], "texture": "#0"},
				"west": {"uv": [11, 2.5, 11.75, 3], "texture": "#0"},
				"up": {"uv": [2.75, 10.75, 2, 10], "texture": "#0"},
				"down": {"uv": [10.75, 2, 10, 2.75], "texture": "#0"}
			}
		},
		{
			"from": [7.25, -1.5, 7.25],
			"to": [8.75, -0.5, 8.75],
			"rotation": {"angle": 0, "axis": "y", "origin": [0, 2, 0]},
			"faces": {
				"north": {"uv": [3.5, 11, 4.25, 11.5], "texture": "#0"},
				"east": {"uv": [6.5, 11, 7.25, 11.5], "texture": "#0"},
				"south": {"uv": [7.5, 11, 8.25, 11.5], "texture": "#0"},
				"west": {"uv": [11, 8, 11.75, 8.5], "texture": "#0"},
				"up": {"uv": [8.25, 10.75, 7.5, 10], "texture": "#0"},
				"down": {"uv": [10.75, 8, 10, 8.75], "texture": "#0"}
			}
		},
		{
			"from": [7.25, 5, 7.25],
			"to": [8.75, 14, 8.75],
			"rotation": {"angle": 0, "axis": "y", "origin": [0, 4, 0]},
			"faces": {
				"north": {"uv": [6.5, 0, 7.25, 4.5], "texture": "#0"},
				"east": {"uv": [6.5, 4.5, 7.25, 9], "texture": "#0"},
				"south": {"uv": [7.5, 0, 8.25, 4.5], "texture": "#0"},
				"west": {"uv": [7.5, 4.5, 8.25, 9], "texture": "#0"},
				"up": {"uv": [3.75, 10.75, 3, 10], "texture": "#0"},
				"down": {"uv": [7.25, 10, 6.5, 10.75], "texture": "#0"}
			}
		},
		{
			"from": [3.5, 21, 7.5],
			"to": [12.5, 22, 8.5],
			"rotation": {"angle": 0, "axis": "y", "origin": [0, 4, 0]},
			"faces": {
				"north": {"uv": [8.5, 3, 13, 3.5], "texture": "#0"},
				"east": {"uv": [8.5, 11, 9, 11.5], "texture": "#0"},
				"south": {"uv": [8.5, 3.5, 13, 4], "texture": "#0"},
				"west": {"uv": [11, 8.5, 11.5, 9], "texture": "#0"},
				"up": {"uv": [13, 4.5, 8.5, 4], "texture": "#0"},
				"down": {"uv": [13, 4.5, 8.5, 5], "texture": "#0"}
			}
		},
		{
			"from": [3, 20.25, 7.51],
			"to": [4.5, 21.75, 8.49],
			"rotation": {"angle": 45, "axis": "z", "origin": [3.25, 21.5, 8]},
			"faces": {
				"north": {"uv": [0, 10, 0.75, 10.75], "texture": "#0"},
				"east": {"uv": [9.5, 10.5, 10, 11.25], "texture": "#0"},
				"south": {"uv": [10, 0, 10.75, 0.75], "texture": "#0"},
				"west": {"uv": [10, 10.5, 10.5, 11.25], "texture": "#0"},
				"up": {"uv": [11.25, 11, 10.5, 10.5], "texture": "#0"},
				"down": {"uv": [0.75, 11, 0, 11.5], "texture": "#0"}
			}
		},
		{
			"from": [11.5, 20.25, 7.505],
			"to": [13, 21.75, 8.495],
			"rotation": {"angle": -45, "axis": "z", "origin": [12.75, 21.5, 8]},
			"faces": {
				"north": {"uv": [1, 10, 1.75, 10.75], "texture": "#0"},
				"east": {"uv": [11, 0, 11.5, 0.75], "texture": "#0"},
				"south": {"uv": [10, 1, 10.75, 1.75], "texture": "#0"},
				"west": {"uv": [1, 11, 1.5, 11.75], "texture": "#0"},
				"up": {"uv": [11.75, 1.5, 11, 1], "texture": "#0"},
				"down": {"uv": [2.25, 11, 1.5, 11.5], "texture": "#0"}
			}
		},
		{
			"from": [7.5, -2, 7.5],
			"to": [8.5, 27, 8.5],
			"rotation": {"angle": 0, "axis": "y", "origin": [0, 1, 0]},
			"faces": {
				"north": {"uv": [4.5, 0, 5, 14.5], "texture": "#0"},
				"east": {"uv": [5, 0, 5.5, 14.5], "texture": "#0"},
				"south": {"uv": [5.5, 0, 6, 14.5], "texture": "#0"},
				"west": {"uv": [6, 0, 6.5, 14.5], "texture": "#0"},
				"up": {"uv": [11.5, 9.5, 11, 9], "texture": "#0"},
				"down": {"uv": [11.5, 9.5, 11, 10], "texture": "#0"}
			}
		},
		{
			"from": [7.45, 26.7, 7.505],
			"to": [8.45, 27.7, 8.495],
			"rotation": {"angle": 45, "axis": "z", "origin": [8, 27.25, 8]},
			"faces": {
				"north": {"uv": [11, 10, 11.5, 10.5], "texture": "#0"},
				"east": {"uv": [10.5, 11, 11, 11.5], "texture": "#0"},
				"south": {"uv": [11, 11, 11.5, 11.5], "texture": "#0"},
				"west": {"uv": [0, 11.5, 0.5, 12], "texture": "#0"},
				"up": {"uv": [12, 0.5, 11.5, 0], "texture": "#0"},
				"down": {"uv": [1, 11.5, 0.5, 12], "texture": "#0"}
			}
		},
		{
			"from": [6.5, 24.5, 7.495],
			"to": [8.5, 26.5, 8.505],
			"rotation": {"angle": 45, "axis": "z", "origin": [8, 26, 8]},
			"faces": {
				"north": {"uv": [1.5, 9, 2.5, 10], "texture": "#0"},
				"east": {"uv": [4, 10, 4.5, 11], "texture": "#0"},
				"south": {"uv": [2.5, 9, 3.5, 10], "texture": "#0"},
				"west": {"uv": [8.5, 10, 9, 11], "texture": "#0"},
				"up": {"uv": [10, 10.5, 9, 10], "texture": "#0"},
				"down": {"uv": [11, 10, 10, 10.5], "texture": "#0"}
			}
		}
	],
	"gui_light": "front",
	"display": {
		"thirdperson_righthand": {
			"rotation": [0, 75, 0],
			"translation": [0, -4, 1.5],
			"scale": [1.5, 1.5, 1.5]
		},
		"thirdperson_lefthand": {
			"rotation": [0, 75, 0],
			"translation": [0, -4, 1.5],
			"scale": [1.5, 1.5, 1.5]
		},
		"firstperson_righthand": {
			"rotation": [0, -85, 0],
			"translation": [2, -1, 0]
		},
		"firstperson_lefthand": {
			"rotation": [0, 95, 0],
			"translation": [2, -1, 0]
		},
		"ground": {
			"rotation": [80, 10, 0],
			"translation": [0, 0, -4.75],
			"scale": [1.5, 1.5, 1]
		},
		"gui": {
			"rotation": [-24, -23, -24],
			"translation": [-2.5, -5.25, 0]
		},
		"head": {
			"rotation": [-65, 90, 0],
			"scale": [2, 2, 2]
		},
		"fixed": {
			"translation": [0, -13.75, -0.25],
			"scale": [4, 4, 4]
		}
	},
	"groups": [
		0,
		1,
		2,
		3,
		4,
		5,
		6,
		7,
		{
			"name": "group",
			"origin": [16, 0, 0],
			"color": 0,
			"nbt": "{}",
			"children": []
		},
		8,
		9,
		10,
		11,
		12,
		13
	]
}