{
	"credit": "Made with Blockbench",
	"texture_size": [24, 24],
	"textures": {
		"0": "custom/weapons/staff/ironstaff",
		"particle": "custom/weapons/staff/ironstaff"
	},
	"elements": [
		{
			"from": [2.2574, 0.1569, 7.25],
			"to": [3.2574, 1.1569, 8.75],
			"rotation": {"angle": 45, "axis": "z", "origin": [3.75736, 7.65685, 0.01]},
			"faces": {
				"north": {"uv": [8.66667, 6, 9.33333, 6.66667], "texture": "#0"},
				"east": {"uv": [8, 4.66667, 9, 5.33333], "texture": "#0"},
				"south": {"uv": [6.66667, 8.66667, 7.33333, 9.33333], "texture": "#0"},
				"west": {"uv": [8, 5.33333, 9, 6], "texture": "#0"},
				"up": {"uv": [6.66667, 8.33333, 6, 7.33333], "texture": "#0"},
				"down": {"uv": [8.66667, 6, 8, 7], "texture": "#0"}
			}
		},
		{
			"from": [14.2574, 12.1569, 7],
			"to": [15.2574, 13.1569, 9],
			"rotation": {"angle": 45, "axis": "z", "origin": [3.75736, 7.65685, 0.01]},
			"faces": {
				"north": {"uv": [2.66667, 9.33333, 3.33333, 10], "texture": "#0"},
				"east": {"uv": [7.33333, 1.33333, 8.66667, 2], "texture": "#0"},
				"south": {"uv": [9.33333, 2.66667, 10, 3.33333], "texture": "#0"},
				"west": {"uv": [7.33333, 2, 8.66667, 2.66667], "texture": "#0"},
				"up": {"uv": [8, 4, 7.33333, 2.66667], "texture": "#0"},
				"down": {"uv": [4.66667, 7.33333, 4, 8.66667], "texture": "#0"}
			}
		},
		{
			"from": [7.5, 2, 7.5],
			"to": [8.5, 19, 8.5],
			"rotation": {"angle": 0, "axis": "y", "origin": [0, 2, 0]},
			"faces": {
				"north": {"uv": [0, 0, 0.66667, 11.33333], "texture": "#0"},
				"east": {"uv": [0.66667, 0, 1.33333, 11.33333], "texture": "#0"},
				"south": {"uv": [1.33333, 0, 2, 11.33333], "texture": "#0"},
				"west": {"uv": [2, 0, 2.66667, 11.33333], "texture": "#0"},
				"up": {"uv": [9.33333, 7.33333, 8.66667, 6.66667], "texture": "#0"},
				"down": {"uv": [8, 8.66667, 7.33333, 9.33333], "texture": "#0"}
			}
		},
		{
			"from": [1, 21, 7.5],
			"to": [2, 24, 8.5],
			"rotation": {"angle": -22.5, "axis": "z", "origin": [0, 2, 0]},
			"faces": {
				"north": {"uv": [6, 0, 6.66667, 2], "texture": "#0"},
				"east": {"uv": [6, 2, 6.66667, 4], "texture": "#0"},
				"south": {"uv": [2.66667, 6, 3.33333, 8], "texture": "#0"},
				"west": {"uv": [3.33333, 6, 4, 8], "texture": "#0"},
				"up": {"uv": [8.66667, 9.33333, 8, 8.66667], "texture": "#0"},
				"down": {"uv": [9.33333, 8.66667, 8.66667, 9.33333], "texture": "#0"}
			}
		},
		{
			"from": [14, 21, 7.5],
			"to": [15, 24, 8.5],
			"rotation": {"angle": 22.5, "axis": "z", "origin": [16, 2, 0]},
			"faces": {
				"north": {"uv": [6.66667, 0, 6, 2], "texture": "#0"},
				"east": {"uv": [4, 6, 3.33333, 8], "texture": "#0"},
				"south": {"uv": [3.33333, 6, 2.66667, 8], "texture": "#0"},
				"west": {"uv": [6.66667, 2, 6, 4], "texture": "#0"},
				"up": {"uv": [8, 9.33333, 8.66667, 8.66667], "texture": "#0"},
				"down": {"uv": [8.66667, 8.66667, 9.33333, 9.33333], "texture": "#0"}
			}
		},
		{
			"from": [24.92365, 19.76099, 8],
			"to": [25.92365, 22.76099, 8],
			"rotation": {"angle": 45, "axis": "z", "origin": [15.92365, 1.76099, -0.5]},
			"faces": {
				"north": {"uv": [7.33333, 2, 6.66667, 4], "texture": "#0"},
				"east": {"uv": [0, 0, 0, 2], "texture": "#0"},
				"south": {"uv": [6.66667, 2, 7.33333, 4], "texture": "#0"},
				"west": {"uv": [0, 0, 0, 2], "texture": "#0"},
				"up": {"uv": [0.66667, 0, 0, 0], "texture": "#0"},
				"down": {"uv": [0.66667, 0, 0, 0], "texture": "#0"}
			}
		},
		{
			"from": [-9.92365, 19.76099, 8],
			"to": [-8.92365, 22.76099, 8],
			"rotation": {"angle": -45, "axis": "z", "origin": [0.07635, 1.76099, -0.5]},
			"faces": {
				"north": {"uv": [6.66667, 2, 7.33333, 4], "texture": "#0"},
				"east": {"uv": [0, 0, 0, 2], "texture": "#0"},
				"south": {"uv": [7.33333, 2, 6.66667, 4], "texture": "#0"},
				"west": {"uv": [0, 0, 0, 2], "texture": "#0"},
				"up": {"uv": [0, 0, 0.66667, 0], "texture": "#0"},
				"down": {"uv": [0, 0, 0.66667, 0], "texture": "#0"}
			}
		},
		{
			"from": [6.5, 18.5, 7.25],
			"to": [9.5, 19.5, 8.75],
			"rotation": {"angle": 0, "axis": "y", "origin": [0, -2, 0]},
			"faces": {
				"north": {"uv": [2.66667, 5.33333, 4.66667, 6], "texture": "#0"},
				"east": {"uv": [8.66667, 0.66667, 9.66667, 1.33333], "texture": "#0"},
				"south": {"uv": [4.66667, 5.33333, 6.66667, 6], "texture": "#0"},
				"west": {"uv": [8.66667, 1.33333, 9.66667, 2], "texture": "#0"},
				"up": {"uv": [4.66667, 5, 2.66667, 4], "texture": "#0"},
				"down": {"uv": [6.66667, 4, 4.66667, 5], "texture": "#0"}
			}
		},
		{
			"from": [5.5, 20.5, 7.25],
			"to": [10.5, 21.5, 8.75],
			"rotation": {"angle": 0, "axis": "y", "origin": [0, -2, 0]},
			"faces": {
				"north": {"uv": [2.66667, 2.66667, 6, 3.33333], "texture": "#0"},
				"east": {"uv": [8.66667, 2, 9.66667, 2.66667], "texture": "#0"},
				"south": {"uv": [2.66667, 3.33333, 6, 4], "texture": "#0"},
				"west": {"uv": [2.66667, 8.66667, 3.66667, 9.33333], "texture": "#0"},
				"up": {"uv": [6, 1, 2.66667, 0], "texture": "#0"},
				"down": {"uv": [6, 1.33333, 2.66667, 2.33333], "texture": "#0"}
			}
		},
		{
			"from": [-10.16726, 20.72614, 7.255],
			"to": [-9.46016, 21.43324, 8.745],
			"rotation": {"angle": -45, "axis": "z", "origin": [-2.66726, -3.27386, 0.01]},
			"faces": {
				"north": {"uv": [2.66667, 10, 3, 10.33333], "texture": "#0"},
				"east": {"uv": [7.33333, 9.33333, 8.33333, 9.66667], "texture": "#0"},
				"south": {"uv": [3.33333, 10, 3.66667, 10.33333], "texture": "#0"},
				"west": {"uv": [9.33333, 7.33333, 10.33333, 7.66667], "texture": "#0"},
				"up": {"uv": [9.66667, 9, 9.33333, 8], "texture": "#0"},
				"down": {"uv": [9, 9.33333, 8.66667, 10.33333], "texture": "#0"}
			}
		},
		{
			"from": [25.46016, 20.72614, 7.255],
			"to": [26.16726, 21.43324, 8.745],
			"rotation": {"angle": 45, "axis": "z", "origin": [18.66726, -3.27386, 0.01]},
			"faces": {
				"north": {"uv": [3, 10, 2.66667, 10.33333], "texture": "#0"},
				"east": {"uv": [10.33333, 7.33333, 9.33333, 7.66667], "texture": "#0"},
				"south": {"uv": [3.66667, 10, 3.33333, 10.33333], "texture": "#0"},
				"west": {"uv": [8.33333, 9.33333, 7.33333, 9.66667], "texture": "#0"},
				"up": {"uv": [9.33333, 9, 9.66667, 8], "texture": "#0"},
				"down": {"uv": [8.66667, 9.33333, 9, 10.33333], "texture": "#0"}
			}
		},
		{
			"from": [-11.28858, 23.60482, 7.255],
			"to": [-10.58148, 24.31192, 8.745],
			"rotation": {"angle": -45, "axis": "z", "origin": [-3.78858, -3.39518, 0.005]},
			"faces": {
				"north": {"uv": [10, 3.33333, 10.33333, 3.66667], "texture": "#0"},
				"east": {"uv": [9.33333, 9.33333, 10.33333, 9.66667], "texture": "#0"},
				"south": {"uv": [4, 10, 4.33333, 10.33333], "texture": "#0"},
				"west": {"uv": [10, 0, 11, 0.33333], "texture": "#0"},
				"up": {"uv": [10.33333, 1.66667, 10, 0.66667], "texture": "#0"},
				"down": {"uv": [10.33333, 2, 10, 3], "texture": "#0"}
			}
		},
		{
			"from": [26.58148, 23.60482, 7.255],
			"to": [27.28858, 24.31192, 8.745],
			"rotation": {"angle": 45, "axis": "z", "origin": [19.78858, -3.39518, 0.005]},
			"faces": {
				"north": {"uv": [10.33333, 3.33333, 10, 3.66667], "texture": "#0"},
				"east": {"uv": [11, 0, 10, 0.33333], "texture": "#0"},
				"south": {"uv": [4.33333, 10, 4, 10.33333], "texture": "#0"},
				"west": {"uv": [10.33333, 9.33333, 9.33333, 9.66667], "texture": "#0"},
				"up": {"uv": [10, 1.66667, 10.33333, 0.66667], "texture": "#0"},
				"down": {"uv": [10, 2, 10.33333, 3], "texture": "#0"}
			}
		},
		{
			"from": [7.25, 7, 7.25],
			"to": [8.75, 8, 8.75],
			"faces": {
				"north": {"uv": [2.66667, 8, 3.66667, 8.66667], "texture": "#0"},
				"east": {"uv": [8, 2.66667, 9, 3.33333], "texture": "#0"},
				"south": {"uv": [8, 3.33333, 9, 4], "texture": "#0"},
				"west": {"uv": [8, 4, 9, 4.66667], "texture": "#0"},
				"up": {"uv": [7.66667, 5, 6.66667, 4], "texture": "#0"},
				"down": {"uv": [7.66667, 5.33333, 6.66667, 6.33333], "texture": "#0"}
			}
		},
		{
			"from": [7.25, 14.5, 7.25],
			"to": [8.75, 15.5, 8.75],
			"rotation": {"angle": 0, "axis": "y", "origin": [0, -2, 0]},
			"faces": {
				"north": {"uv": [6.66667, 8, 7.66667, 8.66667], "texture": "#0"},
				"east": {"uv": [8, 7.33333, 9, 8], "texture": "#0"},
				"south": {"uv": [8, 8, 9, 8.66667], "texture": "#0"},
				"west": {"uv": [8.66667, 0, 9.66667, 0.66667], "texture": "#0"},
				"up": {"uv": [7.66667, 7.66667, 6.66667, 6.66667], "texture": "#0"},
				"down": {"uv": [8.33333, 0, 7.33333, 1], "texture": "#0"}
			}
		},
		{
			"from": [7.25, 22.5, 7.5],
			"to": [8.75, 24.5, 8.5],
			"rotation": {"angle": 0, "axis": "y", "origin": [0, -2, 0]},
			"faces": {
				"north": {"uv": [4, 6, 5, 7.33333], "texture": "#0"},
				"east": {"uv": [4.66667, 7.33333, 5.33333, 8.66667], "texture": "#0"},
				"south": {"uv": [5.33333, 6, 6.33333, 7.33333], "texture": "#0"},
				"west": {"uv": [5.33333, 7.33333, 6, 8.66667], "texture": "#0"},
				"up": {"uv": [5, 9.33333, 4, 8.66667], "texture": "#0"},
				"down": {"uv": [6.33333, 8.66667, 5.33333, 9.33333], "texture": "#0"}
			}
		},
		{
			"from": [-14.51561, 20.83185, 7.505],
			"to": [-13.45495, 21.89251, 8.495],
			"rotation": {"angle": -45, "axis": "z", "origin": [0.79505, -3.60749, 0]},
			"faces": {
				"north": {"uv": [3.33333, 9.33333, 4, 10], "texture": "#0"},
				"east": {"uv": [9.33333, 3.33333, 10, 4], "texture": "#0"},
				"south": {"uv": [4, 9.33333, 4.66667, 10], "texture": "#0"},
				"west": {"uv": [9.33333, 4, 10, 4.66667], "texture": "#0"},
				"up": {"uv": [5.33333, 10, 4.66667, 9.33333], "texture": "#0"},
				"down": {"uv": [10, 4.66667, 9.33333, 5.33333], "texture": "#0"}
			}
		},
		{
			"from": [-14.51561, 25.10749, 7.505],
			"to": [-13.45495, 26.16815, 8.495],
			"rotation": {"angle": 45, "axis": "z", "origin": [0.79505, 50.60749, -0.005]},
			"faces": {
				"north": {"uv": [5.33333, 9.33333, 6, 10], "texture": "#0"},
				"east": {"uv": [9.33333, 5.33333, 10, 6], "texture": "#0"},
				"south": {"uv": [6, 9.33333, 6.66667, 10], "texture": "#0"},
				"west": {"uv": [9.33333, 6, 10, 6.66667], "texture": "#0"},
				"up": {"uv": [7.33333, 10, 6.66667, 9.33333], "texture": "#0"},
				"down": {"uv": [10, 6.66667, 9.33333, 7.33333], "texture": "#0"}
			}
		}
	],
	"gui_light": "front",
	"display": {
		"thirdperson_righthand": {
			"rotation": [0, 75, 0],
			"translation": [0, -7, 1.5],
			"scale": [1.5, 1.5, 1.5]
		},
		"thirdperson_lefthand": {
			"rotation": [0, 75, 0],
			"translation": [0, -7, 1.5],
			"scale": [1.5, 1.5, 1.5]
		},
		"firstperson_righthand": {
			"rotation": [0, -85, 0],
			"translation": [2, -1, 0]
		},
		"firstperson_lefthand": {
			"rotation": [0, 95, 0],
			"translation": [2, -1, 0]
		},
		"ground": {
			"rotation": [80, 10, 0],
			"translation": [0, 0, -8],
			"scale": [1.5, 1.5, 1]
		},
		"gui": {
			"rotation": [-180, 0, -135],
			"translation": [-3.75, -3.75, 0]
		},
		"head": {
			"rotation": [-65, 90, 0],
			"scale": [2, 2, 2]
		},
		"fixed": {
			"translation": [0, -13.75, -0.25],
			"scale": [4, 4, 4]
		}
	}
}