{
	"credit": "Made with Blockbench",
	"texture_size": [24, 24],
	"textures": {
		"0": "custom/weapons/staff/silverstaff",
		"particle": "custom/weapons/staff/silverstaff"
	},
	"elements": [
		{
			"from": [7, 4, 7.495],
			"to": [8, 7, 8.505],
			"rotation": {"angle": -22.5, "axis": "z", "origin": [0, 2, 0]},
			"faces": {
				"north": {"uv": [2.66667, 6.66667, 3.33333, 8.66667], "texture": "#0"},
				"east": {"uv": [1.33333, 8.66667, 2, 10.66667], "texture": "#0"},
				"south": {"uv": [2, 8.66667, 2.66667, 10.66667], "texture": "#0"},
				"west": {"uv": [2.66667, 8.66667, 3.33333, 10.66667], "texture": "#0"},
				"up": {"uv": [12, 4.66667, 11.33333, 4], "texture": "#0"},
				"down": {"uv": [12, 4.66667, 11.33333, 5.33333], "texture": "#0"}
			}
		},
		{
			"from": [4.17106, -0.20536, 7.49],
			"to": [5.17106, 0.79464, 8.51],
			"rotation": {"angle": 22.5, "axis": "z", "origin": [4.17106, 7.79464, 0]},
			"faces": {
				"north": {"uv": [11.33333, 5.33333, 12, 6], "texture": "#0"},
				"east": {"uv": [6, 11.33333, 6.66667, 12], "texture": "#0"},
				"south": {"uv": [11.33333, 6, 12, 6.66667], "texture": "#0"},
				"west": {"uv": [6.66667, 11.33333, 7.33333, 12], "texture": "#0"},
				"up": {"uv": [12, 7.33333, 11.33333, 6.66667], "texture": "#0"},
				"down": {"uv": [8, 11.33333, 7.33333, 12], "texture": "#0"}
			}
		},
		{
			"from": [7.5, 2, 7.5],
			"to": [8.5, 25, 8.5],
			"rotation": {"angle": 0, "axis": "y", "origin": [0, 2, 0]},
			"faces": {
				"north": {"uv": [3.33333, 0, 4, 15.33333], "texture": "#0"},
				"east": {"uv": [4, 0, 4.66667, 15.33333], "texture": "#0"},
				"south": {"uv": [4.66667, 0, 5.33333, 15.33333], "texture": "#0"},
				"west": {"uv": [5.33333, 0, 6, 15.33333], "texture": "#0"},
				"up": {"uv": [10, 12, 9.33333, 11.33333], "texture": "#0"},
				"down": {"uv": [10.66667, 11.33333, 10, 12], "texture": "#0"}
			}
		},
		{
			"from": [7.505, 17.25, 15.25],
			"to": [8.495, 19.25, 16.25],
			"rotation": {"angle": -22.5, "axis": "x", "origin": [0, 2, 0]},
			"faces": {
				"north": {"uv": [7.33333, 10, 8, 11.33333], "texture": "#0"},
				"east": {"uv": [2.66667, 10.66667, 3.33333, 12], "texture": "#0"},
				"south": {"uv": [10.66667, 4, 11.33333, 5.33333], "texture": "#0"},
				"west": {"uv": [10.66667, 5.33333, 11.33333, 6.66667], "texture": "#0"},
				"up": {"uv": [0.66667, 12.66667, 0, 12], "texture": "#0"},
				"down": {"uv": [1.33333, 12, 0.66667, 12.66667], "texture": "#0"}
			}
		},
		{
			"from": [7.505, 17.25, -0.25],
			"to": [8.495, 19.25, 0.75],
			"rotation": {"angle": 22.5, "axis": "x", "origin": [0, 2, 16]},
			"faces": {
				"north": {"uv": [11.33333, 4, 10.66667, 5.33333], "texture": "#0"},
				"east": {"uv": [3.33333, 10.66667, 2.66667, 12], "texture": "#0"},
				"south": {"uv": [8, 10, 7.33333, 11.33333], "texture": "#0"},
				"west": {"uv": [11.33333, 5.33333, 10.66667, 6.66667], "texture": "#0"},
				"up": {"uv": [0.66667, 12, 0, 12.66667], "texture": "#0"},
				"down": {"uv": [1.33333, 12.66667, 0.66667, 12], "texture": "#0"}
			}
		},
		{
			"from": [6.5, 18.375, 7.5],
			"to": [9.5, 19.375, 8.5],
			"rotation": {"angle": 0, "axis": "y", "origin": [0, -2, 0]},
			"faces": {
				"north": {"uv": [8.66667, 8, 10.66667, 8.66667], "texture": "#0"},
				"east": {"uv": [8, 11.33333, 8.66667, 12], "texture": "#0"},
				"south": {"uv": [8.66667, 8.66667, 10.66667, 9.33333], "texture": "#0"},
				"west": {"uv": [8.66667, 11.33333, 9.33333, 12], "texture": "#0"},
				"up": {"uv": [11.33333, 2, 9.33333, 1.33333], "texture": "#0"},
				"down": {"uv": [11.33333, 2, 9.33333, 2.66667], "texture": "#0"}
			}
		},
		{
			"from": [28.42462, 23.1906, 7.505],
			"to": [29.13173, 23.89771, 8.495],
			"rotation": {"angle": 45, "axis": "z", "origin": [16.63173, -0.8094, 0.02]},
			"faces": {
				"north": {"uv": [10.66667, 12, 11, 12.33333], "texture": "#0"},
				"east": {"uv": [8.66667, 12, 9.33333, 12.33333], "texture": "#0"},
				"south": {"uv": [12, 10.66667, 12.33333, 11], "texture": "#0"},
				"west": {"uv": [12, 8.66667, 12.66667, 9], "texture": "#0"},
				"up": {"uv": [9.66667, 12.66667, 9.33333, 12], "texture": "#0"},
				"down": {"uv": [12.33333, 9.33333, 12, 10], "texture": "#0"}
			}
		},
		{
			"from": [-10.16726, 20.60114, 7.505],
			"to": [-9.46016, 21.30824, 8.495],
			"rotation": {"angle": -45, "axis": "z", "origin": [-2.66726, -3.39886, 0.015]},
			"faces": {
				"north": {"uv": [10, 12, 10.33333, 12.33333], "texture": "#0"},
				"east": {"uv": [7.33333, 12, 8, 12.33333], "texture": "#0"},
				"south": {"uv": [12, 10, 12.33333, 10.33333], "texture": "#0"},
				"west": {"uv": [12, 7.33333, 12.66667, 7.66667], "texture": "#0"},
				"up": {"uv": [8.33333, 12.66667, 8, 12], "texture": "#0"},
				"down": {"uv": [12.33333, 8, 12, 8.66667], "texture": "#0"}
			}
		},
		{
			"from": [25.46016, 20.60114, 7.505],
			"to": [26.16726, 21.30824, 8.495],
			"rotation": {"angle": 45, "axis": "z", "origin": [18.66726, -3.39886, 0.015]},
			"faces": {
				"north": {"uv": [10.33333, 12, 10, 12.33333], "texture": "#0"},
				"east": {"uv": [12.66667, 7.33333, 12, 7.66667], "texture": "#0"},
				"south": {"uv": [12.33333, 10, 12, 10.33333], "texture": "#0"},
				"west": {"uv": [8, 12, 7.33333, 12.33333], "texture": "#0"},
				"up": {"uv": [8, 12.66667, 8.33333, 12], "texture": "#0"},
				"down": {"uv": [12, 8, 12.33333, 8.66667], "texture": "#0"}
			}
		},
		{
			"from": [7.25, 6, 7.25],
			"to": [8.75, 7, 8.75],
			"faces": {
				"north": {"uv": [10.66667, 8.66667, 11.66667, 9.33333], "texture": "#0"},
				"east": {"uv": [9.33333, 10.66667, 10.33333, 11.33333], "texture": "#0"},
				"south": {"uv": [10.66667, 9.33333, 11.66667, 10], "texture": "#0"},
				"west": {"uv": [10.66667, 10, 11.66667, 10.66667], "texture": "#0"},
				"up": {"uv": [9, 10.33333, 8, 9.33333], "texture": "#0"},
				"down": {"uv": [10.33333, 9.33333, 9.33333, 10.33333], "texture": "#0"}
			}
		},
		{
			"from": [7.25, 14, 7.25],
			"to": [8.75, 15, 8.75],
			"rotation": {"angle": 0, "axis": "y", "origin": [0, -2, 0]},
			"faces": {
				"north": {"uv": [10.66667, 10.66667, 11.66667, 11.33333], "texture": "#0"},
				"east": {"uv": [0, 11.33333, 1, 12], "texture": "#0"},
				"south": {"uv": [11.33333, 0, 12.33333, 0.66667], "texture": "#0"},
				"west": {"uv": [11.33333, 0.66667, 12.33333, 1.33333], "texture": "#0"},
				"up": {"uv": [1, 11, 0, 10], "texture": "#0"},
				"down": {"uv": [11, 0, 10, 1], "texture": "#0"}
			}
		},
		{
			"from": [7.25, 16, 7.25],
			"to": [8.75, 17, 8.75],
			"rotation": {"angle": 0, "axis": "y", "origin": [0, -2, 0]},
			"faces": {
				"north": {"uv": [11.33333, 1.33333, 12.33333, 2], "texture": "#0"},
				"east": {"uv": [11.33333, 2, 12.33333, 2.66667], "texture": "#0"},
				"south": {"uv": [11.33333, 2.66667, 12.33333, 3.33333], "texture": "#0"},
				"west": {"uv": [11.33333, 3.33333, 12.33333, 4], "texture": "#0"},
				"up": {"uv": [7, 11, 6, 10], "texture": "#0"},
				"down": {"uv": [2.33333, 10.66667, 1.33333, 11.66667], "texture": "#0"}
			}
		},
		{
			"from": [-10.41206, 17.84225, 7],
			"to": [-8.41206, 19.84225, 9],
			"rotation": {"angle": -45, "axis": "z", "origin": [-0.66206, -2.15775, 0]},
			"faces": {
				"north": {"uv": [8, 1.33333, 9.33333, 2.66667], "texture": "#0"},
				"east": {"uv": [8, 2.66667, 9.33333, 4], "texture": "#0"},
				"south": {"uv": [6, 8, 7.33333, 9.33333], "texture": "#0"},
				"west": {"uv": [8, 6.66667, 9.33333, 8], "texture": "#0"},
				"up": {"uv": [8.66667, 9.33333, 7.33333, 8], "texture": "#0"},
				"down": {"uv": [1.33333, 8.66667, 0, 10], "texture": "#0"}
			}
		},
		{
			"from": [6.5, 19.5, 7.25],
			"to": [9.5, 22.5, 8.75],
			"rotation": {"angle": 45, "axis": "z", "origin": [8, 21, 8]},
			"faces": {
				"north": {"uv": [8, 2, 6, 4], "texture": "#0"},
				"east": {"uv": [0, 6.66667, 1, 8.66667], "texture": "#0"},
				"south": {"uv": [6, 2, 8, 4], "texture": "#0"},
				"west": {"uv": [1.33333, 6.66667, 2.33333, 8.66667], "texture": "#0"},
				"up": {"uv": [8, 7.66667, 6, 6.66667], "texture": "#0"},
				"down": {"uv": [10, 0, 8, 1], "texture": "#0"}
			}
		},
		{
			"from": [5.5, 18.5, 8],
			"to": [10.5, 23.5, 8],
			"rotation": {"angle": 45, "axis": "z", "origin": [8, 21, 8]},
			"faces": {
				"north": {"uv": [0, 0, 3.33333, 3.33333], "texture": "#0"},
				"east": {"uv": [0, 0, 0, 3.33333], "texture": "#0"},
				"south": {"uv": [3.33333, 0, 0, 3.33333], "texture": "#0"},
				"west": {"uv": [0, 0, 0, 3.33333], "texture": "#0"},
				"up": {"uv": [3.33333, 0, 0, 0], "texture": "#0"},
				"down": {"uv": [3.33333, 0, 0, 0], "texture": "#0"}
			}
		}
	],
	"gui_light": "front",
	"display": {
		"thirdperson_righthand": {
			"rotation": [0, 75, 0],
			"translation": [0, -7, 1.5],
			"scale": [1.5, 1.5, 1.5]
		},
		"thirdperson_lefthand": {
			"rotation": [0, 75, 0],
			"translation": [0, -7, 1.5],
			"scale": [1.5, 1.5, 1.5]
		},
		"firstperson_righthand": {
			"rotation": [0, -85, 0],
			"translation": [2, -1, 0]
		},
		"firstperson_lefthand": {
			"rotation": [0, 95, 0],
			"translation": [2, -1, 0]
		},
		"ground": {
			"rotation": [80, 10, 0],
			"translation": [0, 0, -8],
			"scale": [1.5, 1.5, 1]
		},
		"gui": {
			"rotation": [-180, 0, -135],
			"translation": [-3.75, -3.75, 0]
		},
		"head": {
			"rotation": [-65, 90, 0],
			"scale": [2, 2, 2]
		},
		"fixed": {
			"translation": [0, -13.75, -0.25],
			"scale": [4, 4, 4]
		}
	}
}