{
	"providers": [
		{
			"type": "bitmap",
			"file": "minecraft:font/item_lore/outer_border/top_left.png",
			"ascent": 32,
			"height": 48,
			"chars": ["꒐"]
		},
		{
			"type": "bitmap",
			"file": "minecraft:font/item_lore/outer_border/top_segment.png",
			"ascent": 32,
			"height": 48,
			"chars": ["꒑"]
		},
		{
			"type": "bitmap",
			"file": "minecraft:font/item_lore/outer_border/top_center.png",
			"ascent": 32,
			"height": 48,
			"chars": ["꒒"]
		},
		{
			"type": "bitmap",
			"file": "minecraft:font/item_lore/outer_border/top_right.png",
			"ascent": 32,
			"height": 48,
			"chars": ["꒓"]
		},
		{
			"type": "bitmap",
			"file": "minecraft:font/item_lore/outer_border/middle_left.png",
			"ascent": 14,
			"height": 14,
			"chars": ["꒔"]
		},
		{
			"type": "bitmap",
			"file": "minecraft:font/item_lore/outer_border/middle_right.png",
			"ascent": 14,
			"height": 14,
			"chars": ["꒕"]
		},
		{
			"type": "bitmap",
			"file": "minecraft:font/item_lore/outer_border/bottom_left.png",
			"ascent": 15,
			"height": 27,
			"chars": ["꒖"]
		},
		{
			"type": "bitmap",
			"file": "minecraft:font/item_lore/outer_border/bottom_segment.png",
			"ascent": 15,
			"height": 27,
			"chars": ["꒗"]
		},
		{
			"type": "bitmap",
			"file": "minecraft:font/item_lore/outer_border/bottom_right.png",
			"ascent": 15,
			"height": 27,
			"chars": ["꒘"]
		},



		{
			"type": "bitmap",
			"file": "minecraft:font/citadelfont/a.png",
			"ascent": 29,
			"height": 32,
			"chars": ["\uEA00"]
		},
		{
			"type": "bitmap",
			"file": "minecraft:font/citadelfont/b.png",
			"ascent": 29,
			"height": 32,
			"chars": ["\uEA01"]
		},
		{
			"type": "bitmap",
			"file": "minecraft:font/citadelfont/c.png",
			"ascent": 29,
			"height": 32,
			"chars": ["\uEA02"]
		},
		{
			"type": "bitmap",
			"file": "minecraft:font/citadelfont/d.png",
			"ascent": 29,
			"height": 32,
			"chars": ["\uEA03"]
		},
		{
			"type": "bitmap",
			"file": "minecraft:font/citadelfont/e.png",
			"ascent": 29,
			"height": 32,
			"chars": ["\uEA04"]
		},
		{
			"type": "bitmap",
			"file": "minecraft:font/citadelfont/f.png",
			"ascent": 29,
			"height": 32,
			"chars": ["\uEA05"]
		},
		{
			"type": "bitmap",
			"file": "minecraft:font/citadelfont/g.png",
			"ascent": 29,
			"height": 32,
			"chars": ["\uEA06"]
		},
		{
			"type": "bitmap",
			"file": "minecraft:font/citadelfont/h.png",
			"ascent": 29,
			"height": 32,
			"chars": ["\uEA07"]
		},
		{
			"type": "bitmap",
			"file": "minecraft:font/citadelfont/i.png",
			"ascent": 29,
			"height": 32,
			"chars": ["\uEA08"]
		},
		{
			"type": "bitmap",
			"file": "minecraft:font/citadelfont/j.png",
			"ascent": 29,
			"height": 32,
			"chars": ["\uEA09"]
		},
		{
			"type": "bitmap",
			"file": "minecraft:font/citadelfont/k.png",
			"ascent": 29,
			"height": 32,
			"chars": ["\uEA0A"]
		},
		{
			"type": "bitmap",
			"file": "minecraft:font/citadelfont/l.png",
			"ascent": 29,
			"height": 32,
			"chars": ["\uEA0B"]
		},
		{
			"type": "bitmap",
			"file": "minecraft:font/citadelfont/m.png",
			"ascent": 29,
			"height": 32,
			"chars": ["\uEA0C"]
		},
		{
			"type": "bitmap",
			"file": "minecraft:font/citadelfont/n.png",
			"ascent": 29,
			"height": 32,
			"chars": ["\uEA0D"]
		},
		{
			"type": "bitmap",
			"file": "minecraft:font/citadelfont/o.png",
			"ascent": 29,
			"height": 32,
			"chars": ["\uEA0E"]
		},
		{
			"type": "bitmap",
			"file": "minecraft:font/citadelfont/p.png",
			"ascent": 29,
			"height": 32,
			"chars": ["\uEA0F"]
		},
		{
			"type": "bitmap",
			"file": "minecraft:font/citadelfont/q.png",
			"ascent": 29,
			"height": 32,
			"chars": ["\uEA10"]
		},
		{
			"type": "bitmap",
			"file": "minecraft:font/citadelfont/r.png",
			"ascent": 29,
			"height": 32,
			"chars": ["\uEA11"]
		},
		{
			"type": "bitmap",
			"file": "minecraft:font/citadelfont/s.png",
			"ascent": 29,
			"height": 32,
			"chars": ["\uEA12"]
		},
		{
			"type": "bitmap",
			"file": "minecraft:font/citadelfont/t.png",
			"ascent": 29,
			"height": 32,
			"chars": ["\uEA13"]
		},
		{
			"type": "bitmap",
			"file": "minecraft:font/citadelfont/u.png",
			"ascent": 29,
			"height": 32,
			"chars": ["\uEA14"]
		},
		{
			"type": "bitmap",
			"file": "minecraft:font/citadelfont/v.png",
			"ascent": 29,
			"height": 32,
			"chars": ["\uEA15"]
		},
		{
			"type": "bitmap",
			"file": "minecraft:font/citadelfont/w.png",
			"ascent": 29,
			"height": 32,
			"chars": ["\uEA16"]
		},
		{
			"type": "bitmap",
			"file": "minecraft:font/citadelfont/x.png",
			"ascent": 29,
			"height": 32,
			"chars": ["\uEA17"]
		},
		{
			"type": "bitmap",
			"file": "minecraft:font/citadelfont/y.png",
			"ascent": 29,
			"height": 32,
			"chars": ["\uEA18"]
		},
		{
			"type": "bitmap",
			"file": "minecraft:font/citadelfont/z.png",
			"ascent": 29,
			"height": 32,
			"chars": ["\uEA19"]
		},
		{
			"type": "bitmap",
			"file": "minecraft:font/citadelfont/space.png",
			"ascent": 29,
			"height": 32,
			"chars": ["\uEA1A"]
		},



		{
			"type": "bitmap",
			"file": "minecraft:font/citadelsmallfont/a.png",
			"ascent": 22,
			"height": 32,
			"chars": ["\uEA1B"]
		},
		{
			"type": "bitmap",
			"file": "minecraft:font/citadelsmallfont/b.png",
			"ascent": 22,
			"height": 32,
			"chars": ["\uEA1C"]
		},
		{
			"type": "bitmap",
			"file": "minecraft:font/citadelsmallfont/c.png",
			"ascent": 22,
			"height": 32,
			"chars": ["\uEA1D"]
		},
		{
			"type": "bitmap",
			"file": "minecraft:font/citadelsmallfont/d.png",
			"ascent": 22,
			"height": 32,
			"chars": ["\uEA1E"]
		},
		{
			"type": "bitmap",
			"file": "minecraft:font/citadelsmallfont/e.png",
			"ascent": 22,
			"height": 32,
			"chars": ["\uEA1F"]
		},
		{
			"type": "bitmap",
			"file": "minecraft:font/citadelsmallfont/f.png",
			"ascent": 22,
			"height": 32,
			"chars": ["\uEA20"]
		},
		{
			"type": "bitmap",
			"file": "minecraft:font/citadelsmallfont/g.png",
			"ascent": 22,
			"height": 32,
			"chars": ["\uEA21"]
		},
		{
			"type": "bitmap",
			"file": "minecraft:font/citadelsmallfont/h.png",
			"ascent": 22,
			"height": 32,
			"chars": ["\uEA22"]
		},
		{
			"type": "bitmap",
			"file": "minecraft:font/citadelsmallfont/i.png",
			"ascent": 22,
			"height": 32,
			"chars": ["\uEA23"]
		},
		{
			"type": "bitmap",
			"file": "minecraft:font/citadelsmallfont/j.png",
			"ascent": 22,
			"height": 32,
			"chars": ["\uEA24"]
		},
		{
			"type": "bitmap",
			"file": "minecraft:font/citadelsmallfont/k.png",
			"ascent": 22,
			"height": 32,
			"chars": ["\uEA25"]
		},
		{
			"type": "bitmap",
			"file": "minecraft:font/citadelsmallfont/l.png",
			"ascent": 22,
			"height": 32,
			"chars": ["\uEA26"]
		},
		{
			"type": "bitmap",
			"file": "minecraft:font/citadelsmallfont/m.png",
			"ascent": 22,
			"height": 32,
			"chars": ["\uEA27"]
		},
		{
			"type": "bitmap",
			"file": "minecraft:font/citadelsmallfont/n.png",
			"ascent": 22,
			"height": 32,
			"chars": ["\uEA28"]
		},
		{
			"type": "bitmap",
			"file": "minecraft:font/citadelsmallfont/o.png",
			"ascent": 22,
			"height": 32,
			"chars": ["\uEA29"]
		},
		{
			"type": "bitmap",
			"file": "minecraft:font/citadelsmallfont/p.png",
			"ascent": 22,
			"height": 32,
			"chars": ["\uEA2A"]
		},
		{
			"type": "bitmap",
			"file": "minecraft:font/citadelsmallfont/q.png",
			"ascent": 22,
			"height": 32,
			"chars": ["\uEA2B"]
		},
		{
			"type": "bitmap",
			"file": "minecraft:font/citadelsmallfont/r.png",
			"ascent": 22,
			"height": 32,
			"chars": ["\uEA2C"]
		},
		{
			"type": "bitmap",
			"file": "minecraft:font/citadelsmallfont/s.png",
			"ascent": 22,
			"height": 32,
			"chars": ["\uEA2D"]
		},
		{
			"type": "bitmap",
			"file": "minecraft:font/citadelsmallfont/t.png",
			"ascent": 22,
			"height": 32,
			"chars": ["\uEA2E"]
		},
		{
			"type": "bitmap",
			"file": "minecraft:font/citadelsmallfont/u.png",
			"ascent": 22,
			"height": 32,
			"chars": ["\uEA2F"]
		},
		{
			"type": "bitmap",
			"file": "minecraft:font/citadelsmallfont/v.png",
			"ascent": 22,
			"height": 32,
			"chars": ["\uEA30"]
		},
		{
			"type": "bitmap",
			"file": "minecraft:font/citadelsmallfont/w.png",
			"ascent": 22,
			"height": 32,
			"chars": ["\uEA31"]
		},
		{
			"type": "bitmap",
			"file": "minecraft:font/citadelsmallfont/x.png",
			"ascent": 22,
			"height": 32,
			"chars": ["\uEA32"]
		},
		{
			"type": "bitmap",
			"file": "minecraft:font/citadelsmallfont/y.png",
			"ascent": 22,
			"height": 32,
			"chars": ["\uEA33"]
		},
		{
			"type": "bitmap",
			"file": "minecraft:font/citadelsmallfont/z.png",
			"ascent": 22,
			"height": 32,
			"chars": ["\uEA34"]
		},
		{
			"type": "bitmap",
			"file": "minecraft:font/citadelsmallfont/space.png",
			"ascent": 22,
			"height": 32,
			"chars": ["\uEA35"]
		},
	


		{
			"type": "bitmap",
			"file": "minecraft:font/boons/ancient-top.png",
			"ascent": 19,
			"height": 23,
			"chars": ["ꀑ"]
		},
		{
			"type": "bitmap",
			"file": "minecraft:font/boons/ancient-middle.png",
			"ascent": 8,
			"height": 10,
			"chars": ["ꀒ"]
		},
		{
			"type": "bitmap",
			"file": "minecraft:font/boons/ancient-bottom.png",
			"ascent": 8,
			"height": 15,
			"chars": ["ꀓ"]
		},
		{
			"type": "bitmap",
			"file": "minecraft:font/boons/gilded-top.png",
			"ascent": 19,
			"height": 23,
			"chars": ["ꀔ"]
		},
		{
			"type": "bitmap",
			"file": "minecraft:font/boons/gilded-middle.png",
			"ascent": 8,
			"height": 10,
			"chars": ["ꀕ"]
		},
		{
			"type": "bitmap",
			"file": "minecraft:font/boons/gilded-bottom.png",
			"ascent": 8,
			"height": 15,
			"chars": ["ꀖ"]
		},
		{
			"type": "bitmap",
			"file": "minecraft:font/boons/cursed-top.png",
			"ascent": 19,
			"height": 23,
			"chars": ["ꀗ"]
		},
		{
			"type": "bitmap",
			"file": "minecraft:font/boons/cursed-middle.png",
			"ascent": 8,
			"height": 10,
			"chars": ["ꀘ"]
		},
		{
			"type": "bitmap",
			"file": "minecraft:font/boons/cursed-bottom.png",
			"ascent": 8,
			"height": 18,
			"chars": ["ꀙ"]
		},



		{
			"type": "bitmap",
			"file": "minecraft:font/diamond-icon.png",
			"ascent": 7,
			"height": 8,
			"chars": ["ꀎ"]
		},
		{
			"type": "bitmap",
			"file": "minecraft:font/diamond-hollow-icon.png",
			"ascent": 7,
			"height": 8,
			"chars": ["ꀏ"]
		},



		{
			"type": "bitmap",
			"file": "minecraft:font/arrow-icon.png",
			"ascent": 7,
			"height": 8,
			"chars": ["ꀐ"]
		},



		{
			"type": "bitmap",
			"file": "minecraft:font/smalldigit/0.png",
			"ascent": 5,
			"height": 8,
			"chars": ["ꀠ"]
		},
		{
			"type": "bitmap",
			"file": "minecraft:font/smalldigit/1.png",
			"ascent": 5,
			"height": 8,
			"chars": ["ꀪ"]
		},
		{
			"type": "bitmap",
			"file": "minecraft:font/smalldigit/2.png",
			"ascent": 5,
			"height": 8,
			"chars": ["ꀫ"]
		},
		{
			"type": "bitmap",
			"file": "minecraft:font/smalldigit/3.png",
			"ascent": 5,
			"height": 8,
			"chars": ["ꀬ"]
		},
		{
			"type": "bitmap",
			"file": "minecraft:font/smalldigit/4.png",
			"ascent": 5,
			"height": 8,
			"chars": ["ꀭ"]
		},
		{
			"type": "bitmap",
			"file": "minecraft:font/smalldigit/5.png",
			"ascent": 5,
			"height": 8,
			"chars": ["ꀮ"]
		},
		{
			"type": "bitmap",
			"file": "minecraft:font/smalldigit/6.png",
			"ascent": 5,
			"height": 8,
			"chars": ["ꀯ"]
		},
		{
			"type": "bitmap",
			"file": "minecraft:font/smalldigit/7.png",
			"ascent": 5,
			"height": 8,
			"chars": ["ꀰ"]
		},
		{
			"type": "bitmap",
			"file": "minecraft:font/smalldigit/8.png",
			"ascent": 5,
			"height": 8,
			"chars": ["ꀱ"]
		},
		{
			"type": "bitmap",
			"file": "minecraft:font/smalldigit/9.png",
			"ascent": 5,
			"height": 8,
			"chars": ["ꀲ"]
		},



		{
			"type": "bitmap",
			"file": "minecraft:font/labels/small-label-left.png",
			"ascent": 7,
			"height": 8,
			"chars": ["ꀳ"]
		},
		{
			"type": "bitmap",
			"file": "minecraft:font/labels/small-label-middle.png",
			"ascent": 7,
			"height": 8,
			"chars": ["ꀵ"]
		},
		{
			"type": "bitmap",
			"file": "minecraft:font/labels/small-label-right.png",
			"ascent": 7,
			"height": 8,
			"chars": ["ꀶ"]
		},



		{
			"type": "bitmap",
			"file": "minecraft:font/space_split.png",
			"ascent": -32768,
			"height": -3,
			"chars": ["\uF801"]
		},
		{
			"type": "bitmap",
			"file": "minecraft:font/space_split.png",
			"ascent": -32768,
			"height": -4,
			"chars": ["\uF802"]
		},
		{
			"type": "bitmap",
			"file": "minecraft:font/space_split.png",
			"ascent": -32768,
			"height": -6,
			"chars": ["\uF803"]
		},
		{
			"type": "bitmap",
			"file": "minecraft:font/space_split.png",
			"ascent": -32768,
			"height": -10,
			"chars": ["\uF804"]
		},
		{
			"type": "bitmap",
			"file": "minecraft:font/space_split.png",
			"ascent": -32768,
			"height": -18,
			"chars": ["\uF805"]
		},
		{
			"type": "bitmap",
			"file": "minecraft:font/space_split.png",
			"ascent": -32768,
			"height": -34,
			"chars": ["\uF806"]
		},
		{
			"type": "bitmap",
			"file": "minecraft:font/space_split.png",
			"ascent": -32768,
			"height": -66,
			"chars": ["\uF807"]
		},
		{
			"type": "bitmap",
			"file": "minecraft:font/space_split.png",
			"ascent": -32768,
			"height": -130,
			"chars": ["\uF808"]
		},
		{
			"type": "bitmap",
			"file": "minecraft:font/space_split.png",
			"ascent": -32768,
			"height": -258,
			"chars": ["\uF809"]
		},
		{
			"type": "bitmap",
			"file": "minecraft:font/space_split.png",
			"ascent": -32768,
			"height": 0,
			"chars": ["\uF821"]
		},
		{
			"type": "bitmap",
			"file": "minecraft:font/space_split.png",
			"ascent": -32768,
			"height": 1,
			"chars": ["\uF822"]
		},
		{
			"type": "bitmap",
			"file": "minecraft:font/space_split.png",
			"ascent": -32768,
			"height": 3,
			"chars": ["\uF823"]
		},
		{
			"type": "bitmap",
			"file": "minecraft:font/space_split.png",
			"ascent": -32768,
			"height": 7,
			"chars": ["\uF824"]
		},
		{
			"type": "bitmap",
			"file": "minecraft:font/space_split.png",
			"ascent": -32768,
			"height": 15,
			"chars": ["\uF825"]
		},
		{
			"type": "bitmap",
			"file": "minecraft:font/space_split.png",
			"ascent": -32768,
			"height": 31,
			"chars": ["\uF826"]
		},
		{
			"type": "bitmap",
			"file": "minecraft:font/space_split.png",
			"ascent": -32768,
			"height": 63,
			"chars": ["\uF827"]
		},
		{
			"type": "bitmap",
			"file": "minecraft:font/space_split.png",
			"ascent": -32768,
			"height": 127,
			"chars": ["\uF828"]
		},
		{
			"type": "bitmap",
			"file": "minecraft:font/space_split.png",
			"ascent": -32768,
			"height": 255,
			"chars": ["\uF829"]
		},



		{
			"type": "bitmap",
			"file": "custom/ui/playermenu/background.png",
			"ascent": 9,
			"height": 256,
			"chars": ["\uE501"]
		},
		{
			"type": "bitmap",
			"file": "custom/ui/playermenu/potionrecipes/background.png",
			"ascent": 9,
			"height": 256,
			"chars": ["\uE502"]
		},
		{
			"type": "bitmap",
			"file": "custom/ui/playermenu/bestiary/background.png",
			"ascent": 9,
			"height": 256,
			"chars": ["\uE503"]
		},
		{
			"type": "bitmap",
			"file": "custom/ui/playermenu/coalition/background.png",
			"ascent": 9,
			"height": 256,
			"chars": ["\uE504"]
		},
		{
			"type": "bitmap",
			"file": "custom/ui/playermenu/coalition/overview/hunters.png",
			"ascent": 5,
			"height": 128,
			"chars": ["\uE505"]
		},
		{
			"type": "bitmap",
			"file": "custom/ui/playermenu/coalition/overview/aurum.png",
			"ascent": 5,
			"height": 128,
			"chars": ["\uE506"]
		},
		{
			"file": "custom/ui/playermenu/coalition/overview/archivists.png",
			"ascent": 5,
			"type": "bitmap",
			"height": 128,
			"chars": ["\uE507"]
		},
		{
			"type": "bitmap",
			"file": "custom/ui/playermenu/coalition/backgroundx.png",
			"ascent": 9,
			"height": 256,
			"chars": ["\uE508"]
		},
		{
			"type": "bitmap",
			"file": "custom/ui/shops/alchemystation/alchemybackground.png",
			"ascent": -9,
			"height": 256,
			"chars": ["\uE509"]
		},
		{
			"type": "bitmap",
			"file": "custom/ui/misc/miscbackground.png",
			"ascent": 10,
			"height": 256,
			"chars": ["\uE50A"]
		},
		{
			"type": "bitmap",
			"file": "custom/ui/inventory/inventoryborder.png",
			"ascent": 25,
			"height": 176,
			"chars": ["\uE50B"]
		},
		{
			"type": "bitmap",
			"file": "custom/ui/shops/blacksmith/blacksmith_open1.png",
			"ascent": 24,
			"height": 128,
			"chars": ["\uE50C"]
		}
  ]
}
