{
	"credit": "Made with Blockbench",
	"texture_size": [32, 32],
	"textures": {
		"1": "custom/weapons/hammer/silverhammer",
		"3": "custom/weapons/spear/silverspear",
		"particle": "custom/weapons/hammer/silverhammer"
	},
	"elements": [
		{
			"from": [7.503, 2.803, 7.503],
			"to": [8.497, 25.297, 8.497],
			"rotation": {"angle": 0, "axis": "y", "origin": [8, 14.05, 8]},
			"faces": {
				"north": {"uv": [0, 0, 0.5, 11.25], "texture": "#3"},
				"east": {"uv": [0.5, 0, 1, 11.25], "texture": "#3"},
				"south": {"uv": [1, 0, 1.5, 11.25], "texture": "#3"},
				"west": {"uv": [1.5, 0, 2, 11.25], "texture": "#3"},
				"up": {"uv": [3, 5.5, 2.5, 5], "texture": "#3"},
				"down": {"uv": [4, 5.5, 3.5, 6], "texture": "#3"}
			}
		},
		{
			"from": [7.253, 22.803, 7.253],
			"to": [8.747, 25.297, 8.747],
			"rotation": {"angle": 0, "axis": "y", "origin": [8, 14.05, 8]},
			"faces": {
				"north": {"uv": [4, 2, 4.75, 3.25], "texture": "#3"},
				"east": {"uv": [3, 4, 3.75, 5.25], "texture": "#3"},
				"south": {"uv": [4, 3.5, 4.75, 4.75], "texture": "#3"},
				"west": {"uv": [5, 0, 5.75, 1.25], "texture": "#3"},
				"up": {"uv": [7.25, 1.75, 6.5, 1], "texture": "#3"},
				"down": {"uv": [7.25, 2, 6.5, 2.75], "texture": "#3"}
			}
		},
		{
			"from": [6.67271, 23.97828, 7.67335],
			"to": [7.20431, 26.10468, 8.32465],
			"rotation": {"angle": 45, "axis": "z", "origin": [6.84871, 25.07928, 7.999]},
			"faces": {
				"north": {"uv": [7, 4, 7.25, 5], "texture": "#3"},
				"east": {"uv": [6, 7, 6.25, 8], "texture": "#3"},
				"south": {"uv": [7, 4, 7.25, 5], "texture": "#3"},
				"west": {"uv": [7, 4, 7.25, 5], "texture": "#3"},
				"up": {"uv": [5.75, 3.75, 5.5, 3.5], "texture": "#3"},
				"down": {"uv": [6.5, 1, 6, 1.25], "texture": "#3"}
			}
		},
		{
			"from": [5.65037, 23.62555, 7.67335],
			"to": [6.18197, 25.75195, 8.32465],
			"rotation": {"angle": 45, "axis": "z", "origin": [6.82637, 25.76405, 7.999]},
			"faces": {
				"north": {"uv": [7.25, 4, 7.5, 5], "texture": "#3"},
				"east": {"uv": [6, 7, 6.25, 8], "texture": "#3"},
				"south": {"uv": [7.25, 4, 7.5, 5], "texture": "#3"},
				"west": {"uv": [7.25, 4, 7.5, 5], "texture": "#3"},
				"up": {"uv": [7.5, 4.25, 7.25, 4], "texture": "#3"},
				"down": {"uv": [6.5, 1, 6, 1.25], "texture": "#3"}
			}
		},
		{
			"from": [8.79569, 23.97828, 7.67335],
			"to": [9.32729, 26.10468, 8.32465],
			"rotation": {"angle": -45, "axis": "z", "origin": [9.15129, 25.07928, 7.999]},
			"faces": {
				"north": {"uv": [7.25, 4, 7, 5], "texture": "#3"},
				"east": {"uv": [7.25, 4, 7, 5], "texture": "#3"},
				"south": {"uv": [7.25, 4, 7, 5], "texture": "#3"},
				"west": {"uv": [6.25, 7, 6, 8], "texture": "#3"},
				"up": {"uv": [5.5, 3.75, 5.75, 3.5], "texture": "#3"},
				"down": {"uv": [6, 1, 6.5, 1.25], "texture": "#3"}
			}
		},
		{
			"from": [9.81803, 23.62555, 7.67335],
			"to": [10.34963, 25.75195, 8.32465],
			"rotation": {"angle": -45, "axis": "z", "origin": [9.17363, 25.76405, 7.999]},
			"faces": {
				"north": {"uv": [7.5, 4, 7.25, 5], "texture": "#3"},
				"east": {"uv": [7.5, 4, 7.25, 5], "texture": "#3"},
				"south": {"uv": [7.5, 4, 7.25, 5], "texture": "#3"},
				"west": {"uv": [6.25, 7, 6, 8], "texture": "#3"},
				"up": {"uv": [7.25, 4.25, 7.5, 4], "texture": "#3"},
				"down": {"uv": [6, 1, 6.5, 1.25], "texture": "#3"}
			}
		},
		{
			"from": [7.24676, 29.59345, 7.674],
			"to": [8.74876, 31.09545, 8.324],
			"rotation": {"angle": 45, "axis": "z", "origin": [7.99776, 30.34445, 8.00235]},
			"faces": {
				"north": {"uv": [2.5, 6.5, 3.25, 7.25], "texture": "#3"},
				"east": {"uv": [0, 0, 0.25, 0.75], "texture": "#3"},
				"south": {"uv": [6.5, 5.5, 7.25, 6.25], "texture": "#3"},
				"west": {"uv": [0, 0, 0, 0.75], "texture": "#3"},
				"up": {"uv": [0.75, 0, 0, 0.25], "texture": "#3"},
				"down": {"uv": [0.75, 0, 0, 0], "texture": "#3"}
			}
		},
		{
			"from": [7.24676, 29.59345, 7.67],
			"to": [8.74876, 31.09545, 7.67],
			"rotation": {"angle": 45, "axis": "z", "origin": [7.99776, 30.34445, 7.999]},
			"faces": {
				"north": {"uv": [2.5, 6.5, 3.25, 7.25], "texture": "#3"},
				"east": {"uv": [0, 0, 0, 0.75], "texture": "#3"},
				"south": {"uv": [6.5, 5.5, 7.25, 6.25], "texture": "#3"},
				"west": {"uv": [0, 0, 0, 0.75], "texture": "#3"},
				"up": {"uv": [0.75, 0, 0, 0], "texture": "#3"},
				"down": {"uv": [0.75, 0, 0, 0], "texture": "#3"}
			}
		},
		{
			"from": [7.24676, 29.59345, 8.33],
			"to": [8.74876, 31.09545, 8.33],
			"rotation": {"angle": 45, "axis": "z", "origin": [7.99776, 30.34445, 8.001]},
			"faces": {
				"north": {"uv": [6.5, 6.5, 7.25, 7.25], "texture": "#3"},
				"east": {"uv": [0, 0, 0, 0.75], "texture": "#3"},
				"south": {"uv": [2.5, 7.25, 3.25, 6.5], "rotation": 180, "texture": "#3"},
				"west": {"uv": [0, 0, 0, 0.75], "texture": "#3"},
				"up": {"uv": [0.75, 0, 0, 0], "texture": "#3"},
				"down": {"uv": [0.75, 0, 0, 0], "texture": "#3"}
			}
		},
		{
			"from": [6.93569, 25.29445, 7.67335],
			"to": [9.0621, 30.34445, 8.32465],
			"rotation": {"angle": 0, "axis": "y", "origin": [8.7871, 29.84445, 7.999]},
			"faces": {
				"north": {"uv": [2, 0, 3, 2.5], "texture": "#3"},
				"east": {"uv": [5, 1.5, 5.25, 4], "texture": "#3"},
				"south": {"uv": [3, 0, 2, 2.5], "texture": "#3"},
				"west": {"uv": [2, 5, 2.25, 7.5], "texture": "#3"},
				"up": {"uv": [8, 5.25, 7, 5], "texture": "#3"},
				"down": {"uv": [3, 7.5, 2, 7.75], "texture": "#3"}
			}
		},
		{
			"from": [6.998, 24.57057, 7.19536],
			"to": [8.602, 26.17457, 8.80464],
			"rotation": {"angle": 45, "axis": "z", "origin": [8, 25.57257, 8]},
			"faces": {
				"north": {"uv": [6, 0, 6.75, 0.75], "texture": "#3"},
				"east": {"uv": [3.5, 6, 4.25, 6.75], "texture": "#3"},
				"south": {"uv": [6, 3.5, 6.75, 4.25], "texture": "#3"},
				"west": {"uv": [4.5, 6, 5.25, 6.75], "texture": "#3"},
				"up": {"uv": [6.75, 5.25, 6, 4.5], "texture": "#3"},
				"down": {"uv": [6.25, 6, 5.5, 6.75], "texture": "#3"}
			}
		},
		{
			"name": "pommel",
			"from": [2.80289, 4.39095, 7.3965],
			"to": [4.00989, 5.59795, 8.6035],
			"rotation": {"angle": 45, "axis": "z", "origin": [8.3832, 9.42934, 8]},
			"faces": {
				"north": {"uv": [1.5, 9, 2, 9.5], "texture": "#1"},
				"east": {"uv": [9, 2, 9.5, 2.5], "texture": "#1"},
				"south": {"uv": [9, 2.5, 9.5, 3], "texture": "#1"},
				"west": {"uv": [9, 3, 9.5, 3.5], "texture": "#1"},
				"up": {"uv": [9.5, 4, 9, 3.5], "texture": "#1"},
				"down": {"uv": [9.5, 4, 9, 4.5], "texture": "#1"}
			}
		}
	],
	"gui_light": "front",
	"display": {
		"thirdperson_righthand": {
			"rotation": [0, 90, 0],
			"translation": [0, -9.5, 1.25],
			"scale": [1.5, 1.5, 1.5]
		},
		"thirdperson_lefthand": {
			"rotation": [0, -90, 0],
			"translation": [0, -9.5, 1.25],
			"scale": [1.5, 1.5, 1.5]
		},
		"firstperson_righthand": {
			"rotation": [0, 99, 0],
			"translation": [0, -4, 0]
		},
		"firstperson_lefthand": {
			"rotation": [0, -81, 0],
			"translation": [0, -4, 0]
		},
		"ground": {
			"rotation": [80, 10, 0],
			"translation": [0, 0.5, -11.5],
			"scale": [1.5, 1.5, 1.5]
		},
		"gui": {
			"rotation": [-180, 0, -135],
			"translation": [-3.75, -3.75, 0]
		},
		"fixed": {
			"translation": [0, -25.5, -0.25],
			"scale": [4, 4, 4]
		}
	},
	"groups": [
		0,
		1,
		2,
		3,
		4,
		5,
		6,
		7,
		8,
		9,
		10,
		{
			"name": "Silver Hammer",
			"origin": [8.70387, 5.31304, 7.99459],
			"color": 0,
			"nbt": "{}",
			"children": [11]
		}
	]
}