{
	"credit": "Made with Blockbench",
	"texture_size": [32, 32],
	"textures": {
		"4": "custom/weapons/spear/woodspear"
	},
	"elements": [
		{
			"from": [7.503, 2.778, 7.503],
			"to": [8.497, 25.272, 8.497],
			"rotation": {"angle": 0, "axis": "y", "origin": [8, 14.05, 8]},
			"faces": {
				"north": {"uv": [0, 0, 0.5, 11.25], "texture": "#4"},
				"east": {"uv": [0.5, 0, 1, 11.25], "texture": "#4"},
				"south": {"uv": [1, 0, 1.5, 11.25], "texture": "#4"},
				"west": {"uv": [1.5, 0, 2, 11.25], "texture": "#4"},
				"up": {"uv": [5.5, 1.5, 5, 1], "texture": "#4"},
				"down": {"uv": [3, 5, 2.5, 5.5], "texture": "#4"}
			}
		},
		{
			"from": [7.253, 22.803, 7.253],
			"to": [8.747, 25.297, 8.747],
			"rotation": {"angle": 0, "axis": "y", "origin": [8, 14.05, 8]},
			"faces": {
				"north": {"uv": [3, 0, 3.75, 1.25], "texture": "#4"},
				"east": {"uv": [3, 1.5, 3.75, 2.75], "texture": "#4"},
				"south": {"uv": [3, 3, 3.75, 4.25], "texture": "#4"},
				"west": {"uv": [4, 0, 4.75, 1.25], "texture": "#4"},
				"up": {"uv": [5.75, 0.75, 5, 0], "texture": "#4"},
				"down": {"uv": [5.75, 4.5, 5, 5.25], "texture": "#4"}
			}
		},
		{
			"name": "pommel",
			"from": [2.80289, 4.39095, 7.3965],
			"to": [4.00989, 5.59795, 8.6035],
			"rotation": {"angle": 45, "axis": "z", "origin": [8.3832, 9.42934, 8]},
			"faces": {
				"north": {"uv": [6.5, 3, 7, 3.5], "texture": "#4"},
				"east": {"uv": [6.5, 3.5, 7, 4], "texture": "#4"},
				"south": {"uv": [4, 6.5, 4.5, 7], "texture": "#4"},
				"west": {"uv": [6.5, 4, 7, 4.5], "texture": "#4"},
				"up": {"uv": [5.5, 7, 5, 6.5], "texture": "#4"},
				"down": {"uv": [6, 6.5, 5.5, 7], "texture": "#4"}
			}
		},
		{
			"name": "hiltR",
			"from": [6.43247, 25.17717, 7.4318],
			"to": [8.19497, 26.07717, 8.5681],
			"rotation": {"angle": -22.5, "axis": "z", "origin": [5.48647, 25.62717, 8]},
			"faces": {
				"north": {"uv": [5.5, 4, 6.5, 4.5], "texture": "#4"},
				"east": {"uv": [6, 6.5, 6.5, 7], "texture": "#4"},
				"south": {"uv": [6, 0, 7, 0.5], "texture": "#4"},
				"west": {"uv": [6.5, 6.5, 7, 7], "texture": "#4"},
				"up": {"uv": [7, 1, 6, 0.5], "texture": "#4"},
				"down": {"uv": [7, 4.5, 6, 5], "texture": "#4"}
			}
		},
		{
			"name": "hiltR",
			"from": [7.80503, 25.17717, 7.4318],
			"to": [9.56753, 26.07717, 8.5681],
			"rotation": {"angle": 22.5, "axis": "z", "origin": [10.51353, 25.62717, 8]},
			"faces": {
				"north": {"uv": [6, 5, 7, 5.5], "texture": "#4"},
				"east": {"uv": [7, 0, 7.5, 0.5], "texture": "#4"},
				"south": {"uv": [6, 5.5, 7, 6], "texture": "#4"},
				"west": {"uv": [7, 0.5, 7.5, 1], "texture": "#4"},
				"up": {"uv": [7, 6.5, 6, 6], "texture": "#4"},
				"down": {"uv": [7.5, 1, 6.5, 1.5], "texture": "#4"}
			}
		},
		{
			"name": "pommel",
			"from": [6.6965, 24.8027, 7.1965],
			"to": [9.3535, 25.3097, 8.8035],
			"rotation": {"angle": 22.5, "axis": "z", "origin": [8, 24.93124, 8]},
			"faces": {
				"north": {"uv": [6.5, 1.5, 7.75, 1.75], "texture": "#4"},
				"east": {"uv": [3.5, 7, 4.25, 7.25], "texture": "#4"},
				"south": {"uv": [6.5, 2, 7.75, 2.25], "texture": "#4"},
				"west": {"uv": [7, 3.5, 7.75, 3.75], "texture": "#4"},
				"up": {"uv": [5.25, 2.25, 4, 1.5], "texture": "#4"},
				"down": {"uv": [5.25, 2.5, 4, 3.25], "texture": "#4"}
			}
		},
		{
			"name": "pommel",
			"from": [6.6465, 24.8027, 7.1465],
			"to": [9.3035, 25.3097, 8.8535],
			"rotation": {"angle": -22.5, "axis": "z", "origin": [8, 24.93124, 8]},
			"faces": {
				"north": {"uv": [2.5, 6.5, 3.75, 6.75], "texture": "#4"},
				"east": {"uv": [7, 4, 7.75, 4.25], "texture": "#4"},
				"south": {"uv": [6.5, 2.5, 7.75, 2.75], "texture": "#4"},
				"west": {"uv": [4.5, 7, 5.25, 7.25], "texture": "#4"},
				"up": {"uv": [5.25, 4.25, 4, 3.5], "texture": "#4"},
				"down": {"uv": [4.25, 4.5, 3, 5.25], "texture": "#4"}
			}
		},
		{
			"name": "tip",
			"from": [11.91695, 28.30112, 7.673],
			"to": [13.31117, 29.69535, 8.328],
			"rotation": {"angle": 45, "axis": "z", "origin": [8.70387, 24.08804, 7.99362]},
			"faces": {
				"north": {"uv": [5.5, 1, 6.25, 1.75], "texture": "#4"},
				"east": {"uv": [7, 4.5, 7.25, 5.25], "texture": "#4"},
				"south": {"uv": [5.5, 2, 6.25, 2.75], "texture": "#4"},
				"west": {"uv": [5.5, 7, 5.75, 7.75], "texture": "#4"},
				"up": {"uv": [7.75, 5.75, 7, 5.5], "texture": "#4"},
				"down": {"uv": [6.75, 7, 6, 7.25], "texture": "#4"}
			}
		},
		{
			"name": "leaf2",
			"from": [6.38, 23.401, 8],
			"to": [6.88, 23.901, 8],
			"rotation": {"angle": -22.5, "axis": "z", "origin": [6.63, 23.651, 8]},
			"faces": {
				"north": {"uv": [7, 7, 7.25, 7.25], "texture": "#4"},
				"east": {"uv": [0, 0, 0, 0.25], "texture": "#4"},
				"south": {"uv": [7.5, 0, 7.75, 0.25], "texture": "#4"},
				"west": {"uv": [0, 0, 0, 0.25], "texture": "#4"},
				"up": {"uv": [0.25, 0, 0, 0], "texture": "#4"},
				"down": {"uv": [0.25, 0, 0, 0], "texture": "#4"}
			}
		},
		{
			"name": "leaf1",
			"from": [6.65085, 22.74906, 8],
			"to": [7.65085, 23.24906, 8],
			"rotation": {"angle": -22.5, "axis": "z", "origin": [6.89737, 22.999, 8]},
			"faces": {
				"north": {"uv": [7, 6, 7.5, 6.25], "texture": "#4"},
				"east": {"uv": [0, 0, 0, 0.25], "texture": "#4"},
				"south": {"uv": [7, 6.5, 7.5, 6.75], "texture": "#4"},
				"west": {"uv": [0, 0, 0, 0.25], "texture": "#4"},
				"up": {"uv": [0.5, 0, 0, 0], "texture": "#4"},
				"down": {"uv": [0.5, 0, 0, 0], "texture": "#4"}
			}
		},
		{
			"name": "leaf3",
			"from": [6.46809, 22.07123, 8],
			"to": [6.96809, 22.57123, 8],
			"rotation": {"angle": 22.5, "axis": "z", "origin": [6.89737, 22.999, 8]},
			"faces": {
				"north": {"uv": [7.5, 0.5, 7.75, 0.75], "texture": "#4"},
				"east": {"uv": [0, 0, 0, 0.25], "texture": "#4"},
				"south": {"uv": [7.5, 1, 7.75, 1.25], "texture": "#4"},
				"west": {"uv": [0, 0, 0, 0.25], "texture": "#4"},
				"up": {"uv": [0.25, 0, 0, 0], "texture": "#4"},
				"down": {"uv": [0.25, 0, 0, 0], "texture": "#4"}
			}
		},
		{
			"name": "blade",
			"from": [7.01089, 25.315, 7.67133],
			"to": [8.98911, 30.325, 8.32867],
			"rotation": {"angle": 0, "axis": "y", "origin": [8, 24.79474, 8]},
			"faces": {
				"north": {"uv": [2, 0, 3, 2.5], "texture": "#4"},
				"east": {"uv": [4.5, 4.5, 4.75, 7], "texture": "#4"},
				"south": {"uv": [2, 2.5, 3, 5], "texture": "#4"},
				"west": {"uv": [2, 5, 2.25, 7.5], "texture": "#4"},
				"up": {"uv": [3.5, 7.25, 2.5, 7], "texture": "#4"},
				"down": {"uv": [8, 3, 7, 3.25], "texture": "#4"}
			}
		},
		{
			"name": "tipface2",
			"from": [11.92202, 28.30113, 7.665],
			"to": [13.31624, 29.69536, 7.665],
			"rotation": {"angle": 45, "axis": "z", "origin": [8.70894, 24.08805, 7.99826]},
			"faces": {
				"north": {"uv": [2.5, 5.5, 3.25, 6.25], "texture": "#4"},
				"east": {"uv": [0, 0, 0, 0.75], "texture": "#4"},
				"south": {"uv": [5.5, 3, 6.25, 3.75], "texture": "#4"},
				"west": {"uv": [0, 0, 0, 0.75], "texture": "#4"},
				"up": {"uv": [0.75, 0, 0, 0], "texture": "#4"},
				"down": {"uv": [0.75, 0, 0, 0], "texture": "#4"}
			}
		},
		{
			"name": "tipface1",
			"from": [11.92202, 28.30113, 8.333],
			"to": [13.31624, 29.69536, 8.333],
			"rotation": {"angle": 45, "axis": "z", "origin": [8.70894, 24.08805, 8.00174]},
			"faces": {
				"north": {"uv": [3.5, 5.5, 4.25, 6.25], "texture": "#4"},
				"east": {"uv": [0, 0, 0, 0.75], "texture": "#4"},
				"south": {"uv": [5, 5.5, 5.75, 6.25], "texture": "#4"},
				"west": {"uv": [0, 0, 0, 0.75], "texture": "#4"},
				"up": {"uv": [0.75, 0, 0, 0], "texture": "#4"},
				"down": {"uv": [0.75, 0, 0, 0], "texture": "#4"}
			}
		}
	],
	"gui_light": "front",
	"display": {
		"thirdperson_righthand": {
			"rotation": [0, 90, 0],
			"translation": [0, -9.5, 1.25],
			"scale": [1.5, 1.5, 1.5]
		},
		"thirdperson_lefthand": {
			"rotation": [0, -90, 0],
			"translation": [0, -9.5, 1.25],
			"scale": [1.5, 1.5, 1.5]
		},
		"firstperson_righthand": {
			"rotation": [0, 99, 0],
			"translation": [0, -4, 0]
		},
		"firstperson_lefthand": {
			"rotation": [0, -81, 0],
			"translation": [0, -4, 0]
		},
		"ground": {
			"rotation": [80, 10, 0],
			"translation": [0, 0.5, -11.5],
			"scale": [1.5, 1.5, 1.5]
		},
		"gui": {
			"rotation": [-180, 0, -135],
			"translation": [-3.75, -3.75, 0]
		},
		"fixed": {
			"translation": [0, -25.5, -0.25],
			"scale": [4, 4, 4]
		}
	},
	"groups": [
		0,
		1,
		{
			"name": "Silver Hammer",
			"origin": [8.70387, 5.31304, 7.99459],
			"color": 0,
			"nbt": "{}",
			"children": [2]
		},
		3,
		4,
		{
			"name": "Stone Sword",
			"origin": [8.70894, 5.31305, 7.99826],
			"color": 0,
			"nbt": "{}",
			"children": []
		},
		5,
		6,
		{
			"name": "Wooden Sword",
			"origin": [8.70894, 5.31305, 8.00174],
			"color": 0,
			"nbt": "{}",
			"children": [
				7,
				{
					"name": "Leaves",
					"origin": [6.39737, 6.999, 8],
					"color": 0,
					"nbt": "{}",
					"children": [8, 9, 10]
				},
				11,
				12,
				13
			]
		}
	]
}