{
	"credit": "Made with Blockbench",
	"texture_size": [64, 64],
	"textures": {
		"2": "item/leather_horse_armor",
		"particle": "item/leather_horse_armor"
	},
	"elements": [
		{
			"from": [0, 1, 8],
			"to": [16, 21, 8],
			"rotation": {"angle": 0, "axis": "y", "origin": [8, 10, 8]},
			"faces": {
				"north": {"uv": [0, 0, 4, 5], "texture": "#2", "tintindex": 0},
				"east": {"uv": [0, 0, 0, 5], "texture": "#2"},
				"south": {"uv": [0, 0, 4, 5], "texture": "#2", "tintindex": 0},
				"west": {"uv": [0, 0, 0, 5], "texture": "#2"},
				"up": {"uv": [4, 0, 0, 0], "texture": "#2"},
				"down": {"uv": [4, 0, 0, 0], "texture": "#2"}
			}
		},
		{
			"from": [-0.5, 2, -0.5],
			"to": [15.5, 2, 15.5],
			"rotation": {"angle": 0, "axis": "x", "origin": [8, 10, 8]},
			"faces": {
				"north": {"uv": [0, 0, 4, 0], "texture": "#2"},
				"east": {"uv": [0, 0, 4, 0], "texture": "#2"},
				"south": {"uv": [0, 0, 4, 0], "texture": "#2"},
				"west": {"uv": [0, 0, 4, 0], "texture": "#2"},
				"up": {"uv": [4, 9, 0, 5], "texture": "#2", "tintindex": 0},
				"down": {"uv": [4, 5, 0, 9], "texture": "#2", "tintindex": 0}
			}
		}
	],
	"gui_light": "front",
	"display": {
		"ground": {
			"translation": [0, 4.5, 0]
		}
	}
}
