{
	"credit": "Made with Blockbench",
	"texture_size": [32, 32],
	"textures": {
		"3": "custom/ui/lootbeam/lootbeam_sheet",
		"4": "custom/ui/lootbeam/lootbeam_base_sheet",
		"particle": "custom/ui/lootbeam/lootbeam_base"
	},
	"elements": [
		{
			"name": "cube_outline",
			"from": [9.425, 31.27497, 9.425],
			"to": [6.575, -0.07503, 6.575],
			"rotation": {"angle": 0, "axis": "y", "origin": [0.4, 0.39997, -0.55]},
			"faces": {
				"north": {"uv": [0.5, 0.5, 1.5, 16], "rotation": 180, "texture": "#3", "tintindex": 0},
				"east": {"uv": [0.5, 0.5, 1.5, 16], "rotation": 180, "texture": "#3", "tintindex": 0},
				"south": {"uv": [0.5, 0.5, 1.5, 16], "rotation": 180, "texture": "#3", "tintindex": 0},
				"west": {"uv": [0.5, 0.5, 1.5, 16], "rotation": 180, "texture": "#3", "tintindex": 0},
				"up": {"uv": [0.5, 0.5, 1.5, 1], "rotation": 180, "texture": "#3", "tintindex": 0},
				"down": {"uv": [0.5, 0.5, 1.5, 1], "rotation": 180, "texture": "#3", "tintindex": 0}
			}
		},
		{
			"from": [7.05, 0.39997, 7.05],
			"to": [8.95, 30.79997, 8.95],
			"rotation": {"angle": 0, "axis": "y", "origin": [0.4, 0.39997, -0.55]},
			"faces": {
				"north": {"uv": [8.484, 0.016, 7.516, 15.984], "texture": "#3", "tintindex": 0},
				"east": {"uv": [8.484, 0.016, 7.516, 15.984], "texture": "#3", "tintindex": 0},
				"south": {"uv": [8.484, 0.016, 7.516, 15.984], "texture": "#3", "tintindex": 0},
				"west": {"uv": [8.484, 0.016, 7.516, 15.984], "texture": "#3", "tintindex": 0},
				"up": {"uv": [8.484, 0.016, 7.516, 0.484], "texture": "#3", "tintindex": 0},
				"down": {"uv": [8.484, 15.516, 7.516, 15.984], "texture": "#3", "tintindex": 0}
			}
		},
		{
			"name": "base",
			"from": [0.4, 0.39902, 0.4],
			"to": [15.6, 0.39902, 15.6],
			"rotation": {"angle": 0, "axis": "y", "origin": [-3.4, 0.39902, -1.5]},
			"faces": {
				"north": {"uv": [4, 4, 12, 12], "texture": "#4", "tintindex": 0},
				"east": {"uv": [4, 4, 12, 12], "texture": "#4", "tintindex": 0},
				"south": {"uv": [4, 4, 12, 12], "texture": "#4", "tintindex": 0},
				"west": {"uv": [4, 4, 12, 12], "texture": "#4", "tintindex": 0},
				"up": {"uv": [4, 4, 12, 12], "texture": "#4", "tintindex": 0},
				"down": {"uv": [4, 4, 12, 12], "texture": "#4", "tintindex": 0}
			}
		}
	],
	"display": {
		"ground": {
			"translation": [0, 4.75, 0]
		},
		"head": {
			"scale": [1.6, 1.6, 1.6]
		},
		"fixed": {
			"rotation": [-90, 0, 0],
			"translation": [0, 0, -29.75],
			"scale": [2, 2, 2]
		}
	},
	"groups": [
		{
			"name": "beam",
			"origin": [0, 1, 0],
			"color": 0,
			"nbt": "{}",
			"children": [
				0,
				1,
				{
					"name": "base",
					"origin": [8, 8, 8],
					"color": 0,
					"nbt": "{}",
					"children": [2]
				}
			]
		}
	]
}