{
	"credit": "Made with Blockbench",
	"texture_size": [32, 32],
	"textures": {
		"0": "custom/environment/candles/normal/candelabra",
		"1": "custom/environment/candles/normal/candle_2-Sheet",
		"2": "custom/environment/candles/normal/candle_3-sheet",
		"3": "custom/environment/candles/normal/candle_1-sheet",
		"particle": "custom/environment/candles/normal/candelabra"
	},
	"elements": [
		{
			"from": [6.5, 0, 6.6],
			"to": [9.5, 1, 9.6],
			"rotation": {"angle": 0, "axis": "y", "origin": [8, 8.75, 8.1]},
			"faces": {
				"north": {"uv": [1.03, 12.03, 2.47, 12.47], "texture": "#0"},
				"east": {"uv": [2.53, 12.03, 3.97, 12.47], "texture": "#0"},
				"south": {"uv": [12.03, 3.03, 13.47, 3.47], "texture": "#0"},
				"west": {"uv": [12.03, 3.53, 13.47, 3.97], "texture": "#0"},
				"up": {"uv": [8.97, 1.47, 7.53, 0.03], "texture": "#0"},
				"down": {"uv": [8.97, 1.53, 7.53, 2.97], "texture": "#0"}
			}
		},
		{
			"from": [6.5, 9, 6.6],
			"to": [9.5, 10, 9.6],
			"rotation": {"angle": 0, "axis": "y", "origin": [8, 8.75, 8.1]},
			"faces": {
				"north": {"uv": [12.03, 4.03, 13.47, 4.47], "texture": "#0"},
				"east": {"uv": [4.53, 12.03, 5.97, 12.47], "texture": "#0"},
				"south": {"uv": [12.03, 4.53, 13.47, 4.97], "texture": "#0"},
				"west": {"uv": [12.03, 5.03, 13.47, 5.47], "texture": "#0"},
				"up": {"uv": [8.97, 4.47, 7.53, 3.03], "texture": "#0"},
				"down": {"uv": [8.97, 4.53, 7.53, 5.97], "texture": "#0"}
			}
		},
		{
			"from": [11.5, 8, 6.6],
			"to": [14.5, 9, 9.6],
			"rotation": {"angle": 0, "axis": "y", "origin": [8, 8.75, 8.1]},
			"faces": {
				"north": {"uv": [12.03, 5.53, 13.47, 5.97], "texture": "#0"},
				"east": {"uv": [6.03, 12.03, 7.47, 12.47], "texture": "#0"},
				"south": {"uv": [12.03, 6.03, 13.47, 6.47], "texture": "#0"},
				"west": {"uv": [12.03, 6.53, 13.47, 6.97], "texture": "#0"},
				"up": {"uv": [8.97, 7.47, 7.53, 6.03], "texture": "#0"},
				"down": {"uv": [8.97, 7.53, 7.53, 8.97], "texture": "#0"}
			}
		},
		{
			"from": [7, 1, 7.1],
			"to": [9, 3, 9.1],
			"rotation": {"angle": 0, "axis": "y", "origin": [8, 8.75, 8.1]},
			"faces": {
				"north": {"uv": [11.03, 3.03, 11.97, 3.97], "texture": "#0"},
				"east": {"uv": [11.03, 4.03, 11.97, 4.97], "texture": "#0"},
				"south": {"uv": [4.53, 11.03, 5.47, 11.97], "texture": "#0"},
				"west": {"uv": [11.03, 5.03, 11.97, 5.97], "texture": "#0"},
				"up": {"uv": [6.47, 11.97, 5.53, 11.03], "texture": "#0"}
			}
		},
		{
			"from": [7, 4, 7.1],
			"to": [9, 8, 9.1],
			"rotation": {"angle": 0, "axis": "y", "origin": [8, 8.75, 8.1]},
			"faces": {
				"north": {"uv": [9.03, 3.03, 9.97, 4.97], "texture": "#0"},
				"east": {"uv": [4.53, 9.03, 5.47, 10.97], "texture": "#0"},
				"south": {"uv": [9.03, 5.03, 9.97, 6.97], "texture": "#0"},
				"west": {"uv": [5.53, 9.03, 6.47, 10.97], "texture": "#0"},
				"up": {"uv": [7.47, 11.97, 6.53, 11.03], "texture": "#0"},
				"down": {"uv": [11.97, 7.03, 11.03, 7.97], "texture": "#0"}
			}
		},
		{
			"from": [7, 10, 7.1],
			"to": [9, 14, 9.1],
			"rotation": {"angle": 0, "axis": "y", "origin": [8, 8.75, 8.1]},
			"faces": {
				"north": {"uv": [6.53, 9.03, 7.47, 10.97], "texture": "#0"},
				"east": {"uv": [9.03, 7.03, 9.97, 8.97], "texture": "#0"},
				"south": {"uv": [7.53, 9.03, 8.47, 10.97], "texture": "#0"},
				"west": {"uv": [8.53, 9.03, 9.47, 10.97], "texture": "#0"},
				"up": {"uv": [8.47, 11.97, 7.53, 11.03], "texture": "#0"}
			}
		},
		{
			"name": "flame",
			"from": [6.5, 14, 8.1],
			"to": [9.5, 20, 8.1],
			"rotation": {"angle": 0, "axis": "y", "origin": [8, 17, 8.1]},
			"faces": {
				"north": {"uv": [8.06667, 0.03, 2.06667, 11.97], "texture": "#3"},
				"east": {"uv": [10.66667, 0.03, 2.66667, 15.97], "texture": "#3"},
				"south": {"uv": [8.06667, 0.03, 2.06667, 11.97], "texture": "#3"},
				"west": {"uv": [10.66667, 0.03, 2.66667, 15.97], "texture": "#3"},
				"up": {"uv": [10.66667, 0.03, 2.66667, 15.97], "texture": "#3"},
				"down": {"uv": [10.66667, 0.03, 2.66667, 15.97], "texture": "#3"}
			}
		},
		{
			"name": "flame",
			"from": [8, 14, 6.6],
			"to": [8, 20, 9.6],
			"rotation": {"angle": 0, "axis": "y", "origin": [8, 8.75, 8.1]},
			"faces": {
				"east": {"uv": [8.06667, 0.03, 2.06667, 11.97], "texture": "#3"},
				"west": {"uv": [8.06667, 0.03, 2.06667, 11.97], "texture": "#3"}
			}
		},
		{
			"name": "flame",
			"from": [4.46447, 13, 3.06447],
			"to": [4.46447, 19, 6.06447],
			"rotation": {"angle": 45, "axis": "y", "origin": [8, 8.75, 8.1]},
			"faces": {
				"east": {"uv": [2.16667, 0.03, 7.86667, 11.97], "texture": "#1"},
				"west": {"uv": [2.16667, 0.03, 7.86667, 11.97], "texture": "#1"}
			}
		},
		{
			"name": "flame",
			"from": [2.96447, 13, 4.56447],
			"to": [5.96447, 19, 4.56447],
			"rotation": {"angle": 45, "axis": "y", "origin": [8, 8.75, 8.1]},
			"faces": {
				"north": {"uv": [2.16667, 0.03, 7.86667, 11.97], "texture": "#1"},
				"south": {"uv": [2.16667, 0.03, 7.86667, 11.97], "texture": "#1"}
			}
		},
		{
			"from": [10.53553, 9, 10.63553],
			"to": [12.53553, 13, 12.63553],
			"rotation": {"angle": 45, "axis": "y", "origin": [8, 8.75, 8.1]},
			"faces": {
				"north": {"uv": [9.53, 9.03, 10.47, 10.97], "texture": "#0"},
				"east": {"uv": [0.03, 10.03, 0.97, 11.97], "texture": "#0"},
				"south": {"uv": [1.03, 10.03, 1.97, 11.97], "texture": "#0"},
				"west": {"uv": [2.03, 10.03, 2.97, 11.97], "texture": "#0"},
				"up": {"uv": [9.47, 11.97, 8.53, 11.03], "texture": "#0"},
				"down": {"uv": [11.97, 9.03, 11.03, 9.97], "texture": "#0"}
			}
		},
		{
			"name": "flame",
			"from": [10.03553, 13, 11.63553],
			"to": [13.03553, 19, 11.63553],
			"rotation": {"angle": 45, "axis": "y", "origin": [8, 8.75, 8.1]},
			"faces": {
				"north": {"uv": [2.11667, 0, 7.91667, 11.95], "texture": "#2"},
				"south": {"uv": [2.11667, 0, 7.91667, 11.95], "texture": "#2"}
			}
		},
		{
			"name": "flame",
			"from": [11.53553, 13, 10.13553],
			"to": [11.53553, 19, 13.13553],
			"rotation": {"angle": 45, "axis": "y", "origin": [8, 8.75, 8.1]},
			"faces": {
				"east": {"uv": [2.11667, 0, 7.91667, 11.95], "texture": "#2"},
				"west": {"uv": [2.11667, 0, 7.91667, 11.95], "texture": "#2"}
			}
		},
		{
			"from": [7.5, 3, 7.6],
			"to": [8.5, 9, 8.6],
			"rotation": {"angle": 0, "axis": "y", "origin": [8, 8.75, 8.1]},
			"faces": {
				"north": {"uv": [4.03, 10.03, 4.47, 12.97], "texture": "#0"},
				"east": {"uv": [10.53, 0.03, 10.97, 2.97], "texture": "#0"},
				"south": {"uv": [10.53, 9.03, 10.97, 11.97], "texture": "#0"},
				"west": {"uv": [11.03, 0.03, 11.47, 2.97], "texture": "#0"}
			}
		},
		{
			"from": [12.41421, 4, 7.6],
			"to": [13.41421, 8, 8.6],
			"rotation": {"angle": 0, "axis": "y", "origin": [8, 8.75, 8.1]},
			"faces": {
				"north": {"uv": [9.53, 11.03, 9.97, 12.97], "texture": "#0"},
				"east": {"uv": [10.03, 11.03, 10.47, 12.97], "texture": "#0"},
				"south": {"uv": [11.03, 10.03, 11.47, 11.97], "texture": "#0"},
				"west": {"uv": [11.53, 0.03, 11.97, 1.97], "texture": "#0"},
				"down": {"uv": [12.47, 9.53, 12.03, 9.97], "texture": "#0"}
			}
		},
		{
			"from": [3.5, 4, 8.1],
			"to": [12.5, 8, 8.1],
			"rotation": {"angle": 0, "axis": "y", "origin": [8, 8.75, 8.1]},
			"faces": {
				"north": {"uv": [0.03, 0.03, 4.47, 1.97], "texture": "#0"},
				"south": {"uv": [0.03, 2.03, 4.47, 3.97], "texture": "#0"}
			}
		},
		{
			"from": [3.46447, 9, 3.56447],
			"to": [5.46447, 13, 5.56447],
			"rotation": {"angle": 45, "axis": "y", "origin": [8, 8.75, 8.1]},
			"faces": {
				"north": {"uv": [3.03, 10.03, 3.97, 11.97], "texture": "#0"},
				"east": {"uv": [10.03, 3.03, 10.97, 4.97], "texture": "#0"},
				"south": {"uv": [10.03, 5.03, 10.97, 6.97], "texture": "#0"},
				"west": {"uv": [10.03, 7.03, 10.97, 8.97], "texture": "#0"},
				"up": {"uv": [12.47, 2.97, 11.53, 2.03], "texture": "#0"},
				"down": {"uv": [12.47, 10.03, 11.53, 10.97], "texture": "#0"}
			}
		},
		{
			"from": [1.5, 8, 6.6],
			"to": [4.5, 9, 9.6],
			"rotation": {"angle": 0, "axis": "y", "origin": [8, 8.75, 8.1]},
			"faces": {
				"north": {"uv": [12.03, 7.03, 13.47, 7.47], "texture": "#0"},
				"east": {"uv": [7.53, 12.03, 8.97, 12.47], "texture": "#0"},
				"south": {"uv": [12.03, 7.53, 13.47, 7.97], "texture": "#0"},
				"west": {"uv": [12.03, 8.03, 13.47, 8.47], "texture": "#0"},
				"up": {"uv": [10.47, 1.47, 9.03, 0.03], "texture": "#0"},
				"down": {"uv": [10.47, 1.53, 9.03, 2.97], "texture": "#0"}
			}
		},
		{
			"from": [2.58579, 4, 7.6],
			"to": [3.58579, 8, 8.6],
			"rotation": {"angle": 0, "axis": "y", "origin": [8, 8.75, 8.1]},
			"faces": {
				"north": {"uv": [11.53, 11.03, 11.97, 12.97], "texture": "#0"},
				"east": {"uv": [0.03, 12.03, 0.47, 13.97], "texture": "#0"},
				"south": {"uv": [12.03, 0.03, 12.47, 1.97], "texture": "#0"},
				"west": {"uv": [0.53, 12.03, 0.97, 13.97], "texture": "#0"},
				"down": {"uv": [11.47, 12.03, 11.03, 12.47], "texture": "#0"}
			}
		}
	],
	"gui_light": "front",
	"display": {
		"thirdperson_righthand": {
			"translation": [0, 8, 0]
		},
		"thirdperson_lefthand": {
			"translation": [0, 8, 0]
		},
		"firstperson_righthand": {
			"translation": [0, 5, 0]
		},
		"firstperson_lefthand": {
			"translation": [0, 5, 0]
		},
		"ground": {
			"translation": [0, 4.75, 0]
		},
		"gui": {
			"rotation": [22.5, 22.5, 0],
			"translation": [0, 4, 0],
			"scale": [1.22, 1.22, 1.22]
		},
		"head": {
			"translation": [0, 23.25, 0],
			"scale": [2, 2, 2]
		},
		"fixed": {
			"rotation": [-90, 0, 0],
			"translation": [0, 0, -16],
			"scale": [2, 2, 2]
		}
	},
	"groups": [
		{
			"name": "candelabra",
			"origin": [8, 8, 8],
			"color": 0,
			"nbt": "{}",
			"children": [0, 1, 2, 3, 4, 5, 6, 7, 8, 9, 10, 11, 12, 13, 14, 15, 16, 17, 18]
		}
	]
}