{
	"credit": "Made with Blockbench",
	"texture_size": [64, 64],
	"textures": {
		"0": "custom/environment/candles/normal/tall_candle",
		"1": "custom/environment/candles/normal/candle_3-sheet",
		"particle": "custom/environment/candles/normal/tall_candle"
	},
	"elements": [
		{
			"from": [6, 0, 6],
			"to": [11, 1, 11],
			"faces": {
				"north": {"uv": [10.275, 10.025, 11.475, 10.225], "texture": "#0"},
				"east": {"uv": [10.275, 10.275, 11.475, 10.475], "texture": "#0"},
				"south": {"uv": [8.025, 10.525, 9.225, 10.725], "texture": "#0"},
				"west": {"uv": [10.275, 10.525, 11.475, 10.725], "texture": "#0"},
				"up": {"uv": [9.225, 4.975, 8.025, 3.775], "texture": "#0"},
				"down": {"uv": [9.225, 5.025, 8.025, 6.225], "texture": "#0"}
			}
		},
		{
			"from": [6, 19, 6],
			"to": [11, 20, 11],
			"rotation": {"angle": 0, "axis": "y", "origin": [0, -3, 0]},
			"faces": {
				"north": {"uv": [10.775, 0.025, 11.975, 0.225], "texture": "#0"},
				"east": {"uv": [10.775, 0.275, 11.975, 0.475], "texture": "#0"},
				"south": {"uv": [10.775, 0.525, 11.975, 0.725], "texture": "#0"},
				"west": {"uv": [10.775, 0.775, 11.975, 0.975], "texture": "#0"},
				"up": {"uv": [9.225, 7.475, 8.025, 6.275], "texture": "#0"},
				"down": {"uv": [9.225, 7.525, 8.025, 8.725], "texture": "#0"}
			}
		},
		{
			"from": [7.5, 3, 7.5],
			"to": [9.5, 17, 9.5],
			"faces": {
				"north": {"uv": [7.525, 0.275, 7.975, 3.725], "texture": "#0"},
				"east": {"uv": [7.525, 4.025, 7.975, 7.475], "texture": "#0"},
				"south": {"uv": [7.525, 7.775, 7.975, 11.225], "texture": "#0"},
				"west": {"uv": [8.025, 0.275, 8.475, 3.725], "texture": "#0"},
				"up": {"uv": [11.225, 1.475, 10.775, 1.025], "texture": "#0"},
				"down": {"uv": [11.225, 1.525, 10.775, 1.975], "texture": "#0"}
			}
		},
		{
			"from": [7, 20, 7],
			"to": [10, 26, 10],
			"rotation": {"angle": 45, "axis": "y", "origin": [8.5, 23, 8.5]},
			"faces": {
				"north": {"uv": [9.275, 6.025, 9.975, 7.225], "texture": "#0"},
				"east": {"uv": [9.275, 7.275, 9.975, 8.475], "texture": "#0"},
				"south": {"uv": [9.525, 8.525, 10.225, 9.725], "texture": "#0"},
				"west": {"uv": [9.525, 9.775, 10.225, 10.975], "texture": "#0"},
				"up": {"uv": [10.725, 0.725, 10.025, 0.025], "texture": "#0"},
				"down": {"uv": [10.725, 0.775, 10.025, 1.475], "texture": "#0"}
			}
		},
		{
			"name": "flame",
			"from": [7, 26, 8.5],
			"to": [10, 32, 8.5],
			"rotation": {"angle": 45, "axis": "y", "origin": [8.5, 28, 8.5]},
			"faces": {
				"north": {"uv": [2.58333, 0.025, 10.66667, 15.975], "texture": "#1"},
				"east": {"uv": [2.58333, 0.025, 10.66667, 15.975], "texture": "#1"},
				"south": {"uv": [2.58333, 0.025, 10.66667, 15.975], "texture": "#1"},
				"west": {"uv": [2.58333, 0.025, 10.66667, 15.975], "texture": "#1"},
				"up": {"uv": [2.58333, 0.025, 10.66667, 15.975], "rotation": 180, "texture": "#1"},
				"down": {"uv": [2.58333, 0.025, 10.66667, 15.975], "rotation": 180, "texture": "#1"}
			}
		},
		{
			"name": "flame",
			"from": [8.5, 26, 7],
			"to": [8.5, 32, 10],
			"rotation": {"angle": 45, "axis": "y", "origin": [8.5, 28, 8.5]},
			"faces": {
				"north": {"uv": [2.66667, 0.025, 10.66667, 15.975], "texture": "#1"},
				"east": {"uv": [2.66667, 0.025, 10.66667, 15.975], "texture": "#1"},
				"south": {"uv": [2.66667, 0.025, 10.66667, 15.975], "texture": "#1"},
				"west": {"uv": [2.66667, 0.025, 10.66667, 15.975], "texture": "#1"},
				"up": {"uv": [2.66667, 0.025, 10.66667, 15.975], "texture": "#1"},
				"down": {"uv": [2.66667, 0.025, 10.66667, 15.975], "texture": "#1"}
			}
		},
		{
			"from": [7, 1, 7],
			"to": [10, 3, 10],
			"faces": {
				"north": {"uv": [10.025, 6.025, 10.725, 6.475], "texture": "#0"},
				"east": {"uv": [10.025, 6.525, 10.725, 6.975], "texture": "#0"},
				"south": {"uv": [10.025, 7.025, 10.725, 7.475], "texture": "#0"},
				"west": {"uv": [10.025, 7.525, 10.725, 7.975], "texture": "#0"},
				"up": {"uv": [10.725, 2.225, 10.025, 1.525], "texture": "#0"},
				"down": {"uv": [10.725, 2.275, 10.025, 2.975], "texture": "#0"}
			}
		},
		{
			"from": [7, 7, 7],
			"to": [10, 13, 10],
			"faces": {
				"north": {"uv": [8.525, 0.275, 9.225, 1.725], "texture": "#0"},
				"east": {"uv": [8.525, 2.025, 9.225, 3.475], "texture": "#0"},
				"south": {"uv": [8.025, 9.025, 8.725, 10.475], "texture": "#0"},
				"west": {"uv": [8.775, 9.025, 9.475, 10.475], "texture": "#0"},
				"up": {"uv": [10.725, 3.725, 10.025, 3.025], "texture": "#0"},
				"down": {"uv": [10.725, 3.775, 10.025, 4.475], "texture": "#0"}
			}
		},
		{
			"from": [7, 17, 7],
			"to": [10, 19, 10],
			"rotation": {"angle": 0, "axis": "y", "origin": [0, -3, 0]},
			"faces": {
				"north": {"uv": [10.025, 8.025, 10.725, 8.475], "texture": "#0"},
				"east": {"uv": [10.275, 8.525, 10.975, 8.975], "texture": "#0"},
				"south": {"uv": [10.275, 9.025, 10.975, 9.475], "texture": "#0"},
				"west": {"uv": [10.275, 9.525, 10.975, 9.975], "texture": "#0"},
				"up": {"uv": [10.725, 5.225, 10.025, 4.525], "texture": "#0"},
				"down": {"uv": [10.725, 5.275, 10.025, 5.975], "texture": "#0"}
			}
		},
		{
			"name": "deco",
			"from": [1, -1, 8.5],
			"to": [16, 23, 8.5],
			"rotation": {"angle": -45, "axis": "y", "origin": [8.5, 11, 8.5]},
			"faces": {
				"north": {"uv": [0.025, 0.025, 3.725, 5.975], "texture": "#0"},
				"east": {"uv": [0.025, 0.025, 0.025, 5.975], "texture": "#0"},
				"south": {"uv": [3.775, 0.025, 7.475, 5.975], "texture": "#0"},
				"west": {"uv": [0.025, 0.025, 0.025, 5.975], "texture": "#0"},
				"up": {"uv": [3.725, 0.025, 0.025, 0.025], "texture": "#0"},
				"down": {"uv": [3.725, 0.025, 0.025, 0.025], "texture": "#0"}
			}
		},
		{
			"name": "deco",
			"from": [8.5, -1, 1],
			"to": [8.5, 23, 16],
			"rotation": {"angle": -45, "axis": "y", "origin": [8.5, 11, 8.5]},
			"faces": {
				"north": {"uv": [0.025, 0.025, 0.025, 5.975], "texture": "#0"},
				"east": {"uv": [0.025, 6.025, 3.725, 11.975], "texture": "#0"},
				"south": {"uv": [0.025, 0.025, 0.025, 5.975], "texture": "#0"},
				"west": {"uv": [3.775, 6.025, 7.475, 11.975], "texture": "#0"},
				"up": {"uv": [0.025, 3.725, 0.025, 0.025], "texture": "#0"},
				"down": {"uv": [0.025, 0.025, 0.025, 3.725], "texture": "#0"}
			}
		}
	],
	"gui_light": "front",
	"display": {
		"thirdperson_righthand": {
			"translation": [0, 8, 0]
		},
		"thirdperson_lefthand": {
			"translation": [0, 8, 0]
		},
		"firstperson_righthand": {
			"translation": [0, 5, 0]
		},
		"firstperson_lefthand": {
			"translation": [0, 5, 0]
		},
		"ground": {
			"translation": [0, 4.75, 0]
		},
		"gui": {
			"rotation": [22.5, 22.5, 0],
			"translation": [0, 4, 0],
			"scale": [1.22, 1.22, 1.22]
		},
		"head": {
			"translation": [0, 23.25, 0],
			"scale": [2, 2, 2]
		},
		"fixed": {
			"rotation": [-90, 0, 0],
			"translation": [0, 0, -16],
			"scale": [2, 2, 2]
		}
	},
	"groups": [
		{
			"name": "group",
			"origin": [8, 8, 8],
			"color": 0,
			"nbt": "{}",
			"children": [0, 1, 2, 3, 4, 5, 6, 7, 8, 9, 10]
		}
	]
}