{
	"credit": "Made with Blockbench",
	"texture_size": [32, 32],
	"textures": {
		"0": "custom/environment/candles/normal/wall_candle",
		"particle": "custom/environment/candles/normal/wall_candle"
	},
	"elements": [
		{
			"from": [6, 0, 15],
			"to": [10, 6, 16],
			"rotation": {"angle": 0, "axis": "y", "origin": [0, 0, 16]},
			"faces": {
				"north": {"uv": [5.984, 0.016, 4.016, 2.984], "texture": "#0"},
				"east": {"uv": [6.484, 0.016, 6.016, 2.984], "texture": "#0"},
				"south": {"uv": [1.984, 4.016, 0.016, 6.984], "texture": "#0"},
				"west": {"uv": [6.984, 0.016, 6.516, 2.984], "texture": "#0"},
				"up": {"uv": [7.984, 5.016, 6.016, 5.484], "texture": "#0"},
				"down": {"uv": [3.984, 6.984, 2.016, 6.516], "texture": "#0"}
			}
		},
		{
			"from": [5.5, 6, 6],
			"to": [10.5, 7, 11],
			"rotation": {"angle": 0, "axis": "y", "origin": [-0.5, 1, 16]},
			"faces": {
				"north": {"uv": [9.5, 1.5, 7, 2], "texture": "#0"},
				"east": {"uv": [9.5, 1, 7, 1.5], "texture": "#0"},
				"south": {"uv": [9.5, 0.5, 7, 1], "texture": "#0"},
				"west": {"uv": [2.5, 7.5, 0, 8], "texture": "#0"},
				"up": {"uv": [8.5, 7.5, 6, 10], "texture": "#0"},
				"down": {"uv": [5.5, 11, 3, 8.5], "texture": "#0"}
			}
		},
		{
			"from": [6.5, 4, 7],
			"to": [9.5, 5, 10],
			"rotation": {"angle": 0, "axis": "y", "origin": [-0.5, 1, 16]},
			"faces": {
				"north": {"uv": [7.484, 7.016, 6.016, 7.484], "texture": "#0"},
				"east": {"uv": [8.484, 4.516, 7.016, 4.984], "texture": "#0"},
				"south": {"uv": [8.484, 4.016, 7.016, 4.484], "texture": "#0"},
				"west": {"uv": [8.984, 0.016, 7.516, 0.484], "texture": "#0"},
				"up": {"uv": [5.984, 7.016, 4.516, 8.484], "texture": "#0"},
				"down": {"uv": [8.484, 6.984, 7.016, 5.516], "texture": "#0"}
			}
		},
		{
			"from": [7.5, 1, 8],
			"to": [8.5, 6, 9],
			"rotation": {"angle": 0, "axis": "y", "origin": [-0.5, 1, 16]},
			"faces": {
				"north": {"uv": [2.484, 9.016, 2.016, 11.484], "texture": "#0"},
				"east": {"uv": [8.984, 2.016, 8.516, 4.484], "texture": "#0"},
				"south": {"uv": [1.984, 9.016, 1.516, 11.484], "texture": "#0"},
				"west": {"uv": [2.984, 9.016, 2.516, 11.484], "texture": "#0"},
				"up": {"uv": [7.484, 3.016, 7.016, 3.984], "texture": "#0"},
				"down": {"uv": [7.484, 3.984, 7.016, 3.516], "texture": "#0"}
			}
		},
		{
			"from": [8, 1, 7],
			"to": [8, 5, 15],
			"rotation": {"angle": 0, "axis": "y", "origin": [-0.5, 0, 17]},
			"faces": {
				"north": {"uv": [-0.016, 0.016, 0.016, 1.984], "texture": "#0"},
				"east": {"uv": [3.984, 0.016, 0.016, 1.984], "texture": "#0"},
				"south": {"uv": [-0.016, 0.016, 0.016, 1.984], "texture": "#0"},
				"west": {"uv": [3.984, 2.016, 0.016, 3.984], "texture": "#0"},
				"up": {"uv": [0.016, 0.016, -0.016, 3.984], "texture": "#0"},
				"down": {"uv": [0.016, 3.984, -0.016, 0.016], "texture": "#0"}
			}
		},
		{
			"from": [7, 7, 7.5],
			"to": [9, 12, 9.5],
			"rotation": {"angle": -45, "axis": "y", "origin": [8, 10, 8.5]},
			"faces": {
				"north": {"uv": [9.984, 10.016, 9.016, 12.484], "texture": "#0"},
				"east": {"uv": [9.984, 7.516, 9.016, 9.984], "texture": "#0"},
				"south": {"uv": [9.984, 4.516, 9.016, 6.984], "texture": "#0"},
				"west": {"uv": [9.984, 2.016, 9.016, 4.484], "texture": "#0"},
				"up": {"uv": [8.484, 3.016, 7.516, 3.984], "texture": "#0"},
				"down": {"uv": [10.484, 0.984, 9.516, 0.016], "texture": "#0"}
			}
		},
		{
			"name": "flame",
			"from": [8, 12, 7],
			"to": [8, 18, 10],
			"rotation": {"angle": -45, "axis": "y", "origin": [8, 14.5, 8.5]},
			"faces": {
				"north": {"uv": [0.016, 9.016, 1.484, 11.984], "texture": "#0"},
				"east": {"uv": [0.016, 9.016, 1.484, 11.984], "texture": "#0"},
				"south": {"uv": [0.016, 9.016, 1.484, 11.984], "texture": "#0"},
				"west": {"uv": [0.016, 9.016, 1.484, 11.984], "texture": "#0"},
				"up": {"uv": [0.016, 9.016, 1.484, 11.984], "texture": "#0"},
				"down": {"uv": [0.016, 9.016, 1.484, 11.984], "texture": "#0"}
			}
		},
		{
			"name": "flame",
			"from": [6.5, 12, 8.5],
			"to": [9.5, 18, 8.5],
			"rotation": {"angle": -45, "axis": "y", "origin": [8, 14.5, 8.5]},
			"faces": {
				"north": {"uv": [0.016, 9.016, 1.484, 11.984], "texture": "#0"},
				"east": {"uv": [0.016, 9.016, 1.484, 11.984], "texture": "#0"},
				"south": {"uv": [0.016, 9.016, 1.484, 11.984], "texture": "#0"},
				"west": {"uv": [0.016, 9.016, 1.484, 11.984], "texture": "#0"},
				"up": {"uv": [0.016, 9.016, 1.484, 11.984], "texture": "#0"},
				"down": {"uv": [0.016, 9.016, 1.484, 11.984], "texture": "#0"}
			}
		}
	],
	"gui_light": "front",
	"display": {
		"thirdperson_righthand": {
			"translation": [0, 8, 0]
		},
		"thirdperson_lefthand": {
			"translation": [0, 8, 0]
		},
		"firstperson_righthand": {
			"translation": [0, 5, 0]
		},
		"firstperson_lefthand": {
			"translation": [0, 5, 0]
		},
		"ground": {
			"translation": [0, 4.75, 0]
		},
		"gui": {
			"rotation": [22.5, 157.5, 0],
			"translation": [0, 4, 0],
			"scale": [1.22, 1.22, 1.22]
		},
		"head": {
			"translation": [0, 23.25, 0],
			"scale": [2, 2, 2]
		},
		"fixed": {
			"translation": [0, 9, -16],
			"scale": [2, 2, 2]
		}
	},
	"groups": [
		{
			"name": "group",
			"origin": [8, 8, 8],
			"color": 0,
			"nbt": "{}",
			"children": [0, 1, 2, 3, 4, 5, 6, 7]
		}
	]
}