{
	"credit": "Made with Blockbench",
	"texture_size": [64, 32],
	"textures": {
		"7": "custom/armor/iron/iron"
	},
	"elements": [
		{
			"name": "Helmet",
			"from": [3, 0.25, 3],
			"to": [13, 10.225, 13],
			"faces": {
				"north": {"uv": [0, 0, 0, 0], "texture": "#7"},
				"east": {"uv": [0, 4, 2, 8], "texture": "#7"},
				"south": {"uv": [6, 4, 8, 8], "texture": "#7"},
				"west": {"uv": [4, 4, 6, 8], "texture": "#7"},
				"up": {"uv": [4, 4, 2, 0], "texture": "#7"},
				"down": {"uv": [6, 0, 4, 4], "texture": "#7"}
			}
		},
		{
			"name": "Helmet FaceR",
			"from": [2.9218, 0.25, 1.3905],
			"to": [8.33111, 10.226, 3.3],
			"rotation": {"angle": 22.5, "axis": "y", "origin": [7, 30, 2]},
			"faces": {
				"north": {"uv": [3, 4, 4, 8], "texture": "#7"},
				"east": {"uv": [0, 0, 0, 0], "texture": "#7"},
				"south": {"uv": [0, 0, 0, 0], "texture": "#7"},
				"west": {"uv": [0, 0, 0, 0], "texture": "#7"},
				"up": {"uv": [1, 3, 2, 3.5], "texture": "#7"},
				"down": {"uv": [0, 0, 0, 0], "texture": "#7"}
			}
		},
		{
			"name": "Helmet FaceL",
			"from": [7.6625, 0.25, 1.39315],
			"to": [13.0782, 10.226, 3.3],
			"rotation": {"angle": -22.5, "axis": "y", "origin": [9, 30, 2]},
			"faces": {
				"north": {"uv": [2, 4, 3, 8], "texture": "#7"},
				"east": {"uv": [0, 0, 0, 0], "texture": "#7"},
				"south": {"uv": [0, 0, 0, 0], "texture": "#7"},
				"west": {"uv": [0, 0, 0, 0], "texture": "#7"},
				"up": {"uv": [2, 3.5, 1, 4], "texture": "#7"},
				"down": {"uv": [0, 0, 0, 0], "texture": "#7"}
			}
		},
		{
			"name": "Helmet inverted",
			"from": [13, 10.25, 13],
			"to": [2.99899, 0.25, 2.99756],
			"faces": {
				"north": {"uv": [6, 8, 8, 4], "texture": "#7"},
				"east": {"uv": [4, 8, 6, 4], "texture": "#7"},
				"south": {"uv": [0, 0, 0, 0], "texture": "#7"},
				"west": {"uv": [0, 8, 2, 4], "texture": "#7"},
				"up": {"uv": [4, 0, 6, 4], "texture": "#7"},
				"down": {"uv": [2, 4, 4, 0], "texture": "#7"}
			}
		},
		{
			"name": "Helmet FaceL inverted",
			"from": [13.0782, 10.226, 3.3],
			"to": [7.6625, 0.25, 1.39315],
			"rotation": {"angle": -22.5, "axis": "y", "origin": [9, 30, 2]},
			"faces": {
				"north": {"uv": [0, 0, 0, 0], "texture": "#7"},
				"east": {"uv": [0, 0, 0, 0], "texture": "#7"},
				"south": {"uv": [2, 8, 3, 4], "texture": "#7"},
				"west": {"uv": [0, 0, 0, 0], "texture": "#7"},
				"up": {"uv": [0, 0, 0, 0], "texture": "#7"},
				"down": {"uv": [1, 3.5, 2, 4], "texture": "#7"}
			}
		},
		{
			"name": "Helmet FaceR inverted",
			"from": [8.33111, 10.226, 3.3],
			"to": [2.9218, 0.25, 1.3905],
			"rotation": {"angle": 22.5, "axis": "y", "origin": [7, 30, 2]},
			"faces": {
				"north": {"uv": [0, 0, 0, 0], "texture": "#7"},
				"east": {"uv": [0, 0, 0, 0], "texture": "#7"},
				"south": {"uv": [3, 8, 4, 4], "texture": "#7"},
				"west": {"uv": [0, 0, 0, 0], "texture": "#7"},
				"up": {"uv": [0, 0, 0, 0], "texture": "#7"},
				"down": {"uv": [2, 3, 1, 3.5], "texture": "#7"}
			}
		}
	],
	"gui_light": "front",
	"display": {
		"thirdperson_righthand": {
			"rotation": [75, 45, 0],
			"translation": [0, 2.5, 0],
			"scale": [0.375, 0.375, 0.375]
		},
		"thirdperson_lefthand": {
			"rotation": [75, 45, 0],
			"translation": [0, 2.5, 0],
			"scale": [0.375, 0.375, 0.375]
		},
		"firstperson_righthand": {
			"rotation": [0, 45, 0],
			"scale": [0.4, 0.4, 0.4]
		},
		"firstperson_lefthand": {
			"rotation": [0, 45, 0],
			"scale": [0.4, 0.4, 0.4]
		},
		"ground": {
			"rotation": [13, 0, 0],
			"translation": [0, 2.75, 1],
			"scale": [0.9, 0.9, 0.9]
		},
		"gui": {
			"rotation": [23, 157, 0],
			"translation": [0, 2.5, 0]
		},
		"head": {
			"translation": [0, 4, 0],
			"scale": [1.49, 1.49, 1.49]
		},
		"fixed": {
			"rotation": [-80, 0, 0],
			"translation": [0, 0, -14.1],
			"scale": [2, 2, 2]
		}
	},
	"groups": [
		{
			"name": "Head",
			"origin": [0, 24, 0],
			"rotation": [6, -5, 0],
			"color": 0,
			"nbt": "{}",
			"children": [0, 1, 2, 3, 4, 5]
		}
	]
}