{
	"credit": "Made with Blockbench",
	"textures": {
		"0": "custom/item/attribute-crystals/charged-crystal",
		"particle": "custom/item/attribute-crystals/charged-crystal"
	},
	"elements": [
		{
			"name": "charged-crystal_0",
			"from": [6, 5, 7.5],
			"to": [12, 11, 8.5],
			"faces": {
				"north": {"uv": [12, 0, 6, 6], "texture": "#0"},
				"east": {"uv": [11, 0, 12, 6], "texture": "#0"},
				"south": {"uv": [6, 0, 12, 6], "texture": "#0"},
				"west": {"uv": [6, 0, 7, 6], "texture": "#0"},
				"up": {"uv": [6, 0, 12, 1], "texture": "#0"},
				"down": {"uv": [6, 5, 12, 6], "texture": "#0"}
			}
		},
		{
			"name": "charged-crystal_1",
			"from": [5, 0, 7.5],
			"to": [6, 10, 8.5],
			"faces": {
				"north": {"uv": [6, 1, 5, 11], "texture": "#0"},
				"east": {"uv": [5, 1, 6, 11], "texture": "#0"},
				"south": {"uv": [5, 1, 6, 11], "texture": "#0"},
				"west": {"uv": [5, 1, 6, 11], "texture": "#0"},
				"up": {"uv": [5, 1, 6, 2], "texture": "#0"},
				"down": {"uv": [5, 10, 6, 11], "texture": "#0"}
			}
		},
		{
			"name": "charged-crystal_2",
			"from": [4, 0, 7.5],
			"to": [5, 9, 8.5],
			"faces": {
				"north": {"uv": [5, 2, 4, 11], "texture": "#0"},
				"east": {"uv": [4, 2, 5, 11], "texture": "#0"},
				"south": {"uv": [4, 2, 5, 11], "texture": "#0"},
				"west": {"uv": [4, 2, 5, 11], "texture": "#0"},
				"up": {"uv": [4, 2, 5, 3], "texture": "#0"},
				"down": {"uv": [4, 10, 5, 11], "texture": "#0"}
			}
		},
		{
			"name": "charged-crystal_3",
			"from": [3, 0, 7.5],
			"to": [4, 8, 8.5],
			"faces": {
				"north": {"uv": [4, 3, 3, 11], "texture": "#0"},
				"east": {"uv": [3, 3, 4, 11], "texture": "#0"},
				"south": {"uv": [3, 3, 4, 11], "texture": "#0"},
				"west": {"uv": [3, 3, 4, 11], "texture": "#0"},
				"up": {"uv": [3, 3, 4, 4], "texture": "#0"},
				"down": {"uv": [3, 10, 4, 11], "texture": "#0"}
			}
		},
		{
			"name": "charged-crystal_4",
			"from": [2, 0, 7.5],
			"to": [3, 7, 8.5],
			"faces": {
				"north": {"uv": [3, 4, 2, 11], "texture": "#0"},
				"east": {"uv": [2, 4, 3, 11], "texture": "#0"},
				"south": {"uv": [2, 4, 3, 11], "texture": "#0"},
				"west": {"uv": [2, 4, 3, 11], "texture": "#0"},
				"up": {"uv": [2, 4, 3, 5], "texture": "#0"},
				"down": {"uv": [2, 10, 3, 11], "texture": "#0"}
			}
		},
		{
			"name": "charged-crystal_5",
			"from": [1, 0, 7.5],
			"to": [2, 6, 8.5],
			"faces": {
				"north": {"uv": [2, 5, 1, 11], "texture": "#0"},
				"east": {"uv": [1, 5, 2, 11], "texture": "#0"},
				"south": {"uv": [1, 5, 2, 11], "texture": "#0"},
				"west": {"uv": [1, 5, 2, 11], "texture": "#0"},
				"up": {"uv": [1, 5, 2, 6], "texture": "#0"},
				"down": {"uv": [1, 10, 2, 11], "texture": "#0"}
			}
		},
		{
			"name": "charged-crystal_6",
			"from": [0, 0, 7.5],
			"to": [1, 5, 8.5],
			"faces": {
				"north": {"uv": [1, 6, 0, 11], "texture": "#0"},
				"east": {"uv": [0, 6, 1, 11], "texture": "#0"},
				"south": {"uv": [0, 6, 1, 11], "texture": "#0"},
				"west": {"uv": [0, 6, 1, 11], "texture": "#0"},
				"up": {"uv": [0, 6, 1, 7], "texture": "#0"},
				"down": {"uv": [0, 10, 1, 11], "texture": "#0"}
			}
		},
		{
			"name": "charged-crystal_7",
			"from": [6, 2, 7.5],
			"to": [9, 5, 8.5],
			"faces": {
				"north": {"uv": [9, 6, 6, 9], "texture": "#0"},
				"east": {"uv": [8, 6, 9, 9], "texture": "#0"},
				"south": {"uv": [6, 6, 9, 9], "texture": "#0"},
				"west": {"uv": [6, 6, 7, 9], "texture": "#0"},
				"up": {"uv": [6, 6, 9, 7], "texture": "#0"},
				"down": {"uv": [6, 8, 9, 9], "texture": "#0"}
			}
		},
		{
			"name": "charged-crystal_8",
			"from": [9, 4, 7.5],
			"to": [11, 5, 8.5],
			"faces": {
				"north": {"uv": [11, 6, 9, 7], "texture": "#0"},
				"east": {"uv": [10, 6, 11, 7], "texture": "#0"},
				"south": {"uv": [9, 6, 11, 7], "texture": "#0"},
				"west": {"uv": [9, 6, 10, 7], "texture": "#0"},
				"up": {"uv": [9, 6, 11, 7], "texture": "#0"},
				"down": {"uv": [9, 6, 11, 7], "texture": "#0"}
			}
		},
		{
			"name": "charged-crystal_9",
			"from": [9, 3, 7.5],
			"to": [10, 4, 8.5],
			"faces": {
				"north": {"uv": [10, 7, 9, 8], "texture": "#0"},
				"east": {"uv": [9, 7, 10, 8], "texture": "#0"},
				"south": {"uv": [9, 7, 10, 8], "texture": "#0"},
				"west": {"uv": [9, 7, 10, 8], "texture": "#0"},
				"up": {"uv": [9, 7, 10, 8], "texture": "#0"},
				"down": {"uv": [9, 7, 10, 8], "texture": "#0"}
			}
		},
		{
			"name": "charged-crystal_10",
			"from": [6, 1, 7.5],
			"to": [8, 2, 8.5],
			"faces": {
				"north": {"uv": [8, 9, 6, 10], "texture": "#0"},
				"east": {"uv": [7, 9, 8, 10], "texture": "#0"},
				"south": {"uv": [6, 9, 8, 10], "texture": "#0"},
				"west": {"uv": [6, 9, 7, 10], "texture": "#0"},
				"up": {"uv": [6, 9, 8, 10], "texture": "#0"},
				"down": {"uv": [6, 9, 8, 10], "texture": "#0"}
			}
		},
		{
			"name": "charged-crystal_11",
			"from": [6, 0, 7.5],
			"to": [7, 1, 8.5],
			"faces": {
				"north": {"uv": [7, 10, 6, 11], "texture": "#0"},
				"east": {"uv": [6, 10, 7, 11], "texture": "#0"},
				"south": {"uv": [6, 10, 7, 11], "texture": "#0"},
				"west": {"uv": [6, 10, 7, 11], "texture": "#0"},
				"up": {"uv": [6, 10, 7, 11], "texture": "#0"},
				"down": {"uv": [6, 10, 7, 11], "texture": "#0"}
			}
		}
	],
	"gui_light": "front",
	"display": {
		"thirdperson_righthand": {
			"translation": [0, 3, 1],
			"scale": [0.55, 0.55, 0.55]
		},
		"thirdperson_lefthand": {
			"translation": [0, 3, 1],
			"scale": [0.55, 0.55, 0.55]
		},
		"firstperson_righthand": {
			"rotation": [0, -90, 25],
			"translation": [1.13, 3.2, 1.13],
			"scale": [0.68, 0.68, 0.68]
		},
		"firstperson_lefthand": {
			"rotation": [0, -90, 25],
			"translation": [1.13, 3.2, 1.13],
			"scale": [0.68, 0.68, 0.68]
		},
		"ground": {
			"translation": [0, 2, 0],
			"scale": [0.5, 0.5, 0.5]
		},
		"gui": {
			"translation": [2, 2, 0]
		},
		"head": {
			"rotation": [0, 180, 0],
			"translation": [0, 13, 7]
		},
		"fixed": {
			"rotation": [0, 180, 0],
			"translation": [-1.5, 2, 0]
		}
	},
	"groups": [
		{
			"name": "charged-crystal",
			"origin": [8, 8, 8],
			"color": 0,
			"nbt": "{}",
			"children": [0, 1, 2, 3, 4, 5, 6, 7, 8, 9, 10, 11]
		}
	]
}