{
    "variants": {
        "": [
		{ "model": "block/stone", "weight": 10 },
    { "model": "block/stone", "y": 180, "weight": 10 },

    { "model": "block/stone0", "weight": 2 },
    { "model": "block/stone0", "y": 180, "weight": 2 },

		{ "model": "block/stone1", "weight": 2 },
    { "model": "block/stone1", "y": 180, "weight": 2 },

		{ "model": "block/stone2", "weight": 2 },
    { "model": "block/stone2", "y": 180, "weight": 2 },

		{ "model": "block/stone3", "weight": 2 },
    { "model": "block/stone3", "y": 180, "weight": 2 }
		]
    }
}
