{
	"credit": "Made with Blockbench",
	"texture_size": [128, 128],
	"textures": {
		"1": "custom/environment/anvil/anvil_large",
		"particle": "custom/environment/anvil/anvil_large"
	},
	"elements": [
		{
			"from": [0.5, 20, -12],
			"to": [15.5, 24, 17],
			"rotation": {"angle": 0, "axis": "y", "origin": [1.5, 13, -6]},
			"faces": {
				"east": {"uv": [9.875, 5.75, 6.25, 6.25], "texture": "#1"},
				"south": {"uv": [8.5, 3.75, 10.375, 4.25], "texture": "#1"},
				"west": {"uv": [6.25, 5.75, 9.875, 6.25], "texture": "#1"},
				"up": {"uv": [1.875, 3.625, 0, 0], "texture": "#1"}
			}
		},
		{
			"from": [0.502, 16.86857, -15.75079],
			"to": [15.498, 20.86457, -4.75479],
			"rotation": {"angle": 22.5, "axis": "x", "origin": [1.5, 13, -6]},
			"faces": {
				"north": {"uv": [8.5, 4.375, 10.375, 4.875], "texture": "#1"},
				"east": {"uv": [0, 7.5, 1.375, 8], "texture": "#1"},
				"west": {"uv": [9.25, 8.875, 10.625, 9.375], "texture": "#1"},
				"down": {"uv": [5.875, 0, 4, 1.375], "texture": "#1"}
			}
		},
		{
			"from": [2, 12, 17],
			"to": [14, 23, 23],
			"rotation": {"angle": 0, "axis": "y", "origin": [2, 12, 0]},
			"faces": {
				"east": {"uv": [9.125, 7.875, 8.375, 9.25], "texture": "#1"},
				"south": {"uv": [0, 6, 1.5, 7.375], "texture": "#1"},
				"west": {"uv": [8.375, 7.875, 9.125, 9.25], "texture": "#1"},
				"up": {"uv": [9.75, 2.5, 8.25, 1.75], "texture": "#1"},
				"down": {"uv": [3.5, 8.25, 2, 9], "texture": "#1"}
			}
		},
		{
			"from": [7.62255, 14.9875, 22.82492],
			"to": [12.62255, 23.05, 31.66537],
			"rotation": {"angle": -22.5, "axis": "y", "origin": [13.12255, 18.9875, 26.32492]},
			"faces": {
				"east": {"uv": [4.75, 8.25, 3.625, 9.25], "texture": "#1"},
				"up": {"uv": [7.5, 9.875, 6.875, 8.75], "texture": "#1"},
				"down": {"uv": [2.75, 9.125, 2, 10.25], "texture": "#1"}
			}
		},
		{
			"from": [3.94094, 14.975, 22.71283],
			"to": [8.94094, 23.0375, 31.55328],
			"rotation": {"angle": 22.5, "axis": "y", "origin": [3.44094, 18.975, 27.68531]},
			"faces": {
				"west": {"uv": [3.625, 8.25, 4.75, 9.25], "texture": "#1"},
				"up": {"uv": [6.875, 9.875, 7.5, 8.75], "texture": "#1"},
				"down": {"uv": [10, 7.625, 9.25, 8.75], "texture": "#1"}
			}
		},
		{
			"from": [4.99559, 14.9625, 22.875],
			"to": [11.00441, 23.0125, 31.09251],
			"rotation": {"angle": 0, "axis": "y", "origin": [2, 10.9875, 7.9]},
			"faces": {
				"south": {"uv": [3.5, 9.375, 4.125, 10.375], "texture": "#1"},
				"up": {"uv": [4.875, 10.375, 4.25, 9.375], "texture": "#1"},
				"down": {"uv": [5.625, 9.375, 5, 10.375], "texture": "#1"}
			}
		},
		{
			"from": [0.502, 13.027, 0.027],
			"to": [15.498, 20.023, 17.023],
			"rotation": {"angle": 0, "axis": "y", "origin": [8, 16.525, 8.525]},
			"faces": {
				"east": {"uv": [8.125, 2.125, 6, 3], "texture": "#1"},
				"south": {"uv": [6.25, 6.375, 8.125, 7.25], "texture": "#1"},
				"west": {"uv": [6, 2.125, 8.125, 3], "texture": "#1"},
				"up": {"uv": [3.875, 2.125, 2, 0], "texture": "#1"},
				"down": {"uv": [3.875, 2.25, 2, 4.375], "texture": "#1"}
			}
		},
		{
			"from": [0.498, 0.74322, 1.57969],
			"to": [15.502, 11.74722, 5.58369],
			"rotation": {"angle": 22.5, "axis": "x", "origin": [0.5, 11.14522, 1.58169]},
			"faces": {
				"north": {"uv": [4, 1.5, 5.875, 2.875], "texture": "#1"},
				"east": {"uv": [3.375, 9.125, 2.875, 10.5], "texture": "#1"},
				"south": {"uv": [4, 3, 5.875, 4.375], "texture": "#1"},
				"west": {"uv": [2.875, 9.125, 3.375, 10.5], "texture": "#1"},
				"down": {"uv": [6.75, 8.75, 4.875, 9.25], "texture": "#1"}
			}
		},
		{
			"from": [0.45, 0, -0.05],
			"to": [15.55, 7.1, 17.05],
			"rotation": {"angle": 0, "axis": "y", "origin": [1.5, 0.05, -6]},
			"faces": {
				"north": {"uv": [1.625, 7.25, 3.5, 8.125], "texture": "#1"},
				"east": {"uv": [8.375, 4.125, 6.25, 5], "texture": "#1"},
				"south": {"uv": [3.625, 7.25, 5.5, 8.125], "texture": "#1"},
				"west": {"uv": [6.25, 4.125, 8.375, 5], "texture": "#1"},
				"down": {"uv": [1.875, 3.75, 0, 5.875], "texture": "#1"}
			}
		},
		{
			"from": [0.498, 1.54825, 12.04825],
			"to": [15.502, 9.55225, 16.05225],
			"rotation": {"angle": -22.5, "axis": "x", "origin": [0.5, 9.05025, 16.05025]},
			"faces": {
				"east": {"uv": [8.875, 9.375, 8.375, 10.375], "texture": "#1"},
				"south": {"uv": [6, 0, 7.875, 1], "texture": "#1"},
				"west": {"uv": [8.375, 9.375, 8.875, 10.375], "texture": "#1"},
				"down": {"uv": [1.875, 9.125, 0, 9.625], "texture": "#1"}
			}
		},
		{
			"from": [0.5, 7.05, 1.7],
			"to": [15.5, 13.05, 17],
			"rotation": {"angle": 0, "axis": "y", "origin": [1.5, 6.05, -5]},
			"faces": {
				"east": {"uv": [10.125, 0.875, 8.25, 1.625], "texture": "#1"},
				"south": {"uv": [0, 8.25, 1.875, 9], "texture": "#1"},
				"west": {"uv": [8.25, 0.875, 10.125, 1.625], "texture": "#1"}
			}
		},
		{
			"from": [0, 11.92183, -3.40711],
			"to": [16, 21.92183, 6.59289],
			"rotation": {"angle": -45, "axis": "x", "origin": [8, 16.92183, 1.59289]},
			"faces": {
				"north": {"uv": [2, 4.5, 4, 5.75], "texture": "#1"},
				"east": {"uv": [8.25, 7.375, 7, 8.625], "texture": "#1"},
				"south": {"uv": [4.125, 4.5, 4.25, 5.75], "texture": "#1"},
				"west": {"uv": [7, 7.375, 8.25, 8.625], "texture": "#1"},
				"up": {"uv": [4, 7.125, 3.875, 5.875], "texture": "#1"},
				"down": {"uv": [6.125, 5.875, 4.125, 7.125], "texture": "#1"}
			}
		}
	],
	"display": {
		"thirdperson_righthand": {
			"rotation": [75, 45, 0],
			"translation": [0, 2.5, 0],
			"scale": [0.375, 0.375, 0.375]
		},
		"thirdperson_lefthand": {
			"rotation": [75, 45, 0],
			"translation": [0, 2.5, 0],
			"scale": [0.375, 0.375, 0.375]
		},
		"firstperson_righthand": {
			"rotation": [0, 45, 0],
			"scale": [0.4, 0.4, 0.4]
		},
		"firstperson_lefthand": {
			"rotation": [0, 225, 0],
			"scale": [0.4, 0.4, 0.4]
		},
		"ground": {
			"translation": [0, 3, 0],
			"scale": [0.25, 0.25, 0.25]
		},
		"gui": {
			"rotation": [30, 225, 0],
			"scale": [0.625, 0.625, 0.625]
		},
		"head": {
			"translation": [0, 4, 0],
			"scale": [1.6, 1.6, 1.6]
		},
		"fixed": {
			"rotation": [-90, 0, 0],
			"translation": [0, 0, -16],
			"scale": [2, 2, 2]
		}
	},
	"groups": [
		{
			"name": "group",
			"origin": [1.29726, 6.05, -5],
			"color": 0,
			"nbt": "{}",
			"children": [0, 1, 2, 3, 4, 5, 6, 7, 8, 9, 10, 11]
		}
	]
}