{
	"credit": "Made with Blockbench",
	"texture_size": [64, 32],
	"elements": [
		{
			"name": "Belt",
			"from": [3.49, 9.49, 5.49],
			"to": [12.51, 22.51, 10.51],
			"rotation": {"angle": 0, "axis": "y", "origin": [8, -2, 8]},
			"faces": {
				"north": {"uv": [5, 10, 7, 16], "texture": "#1"},
				"east": {"uv": [4, 10, 5, 16], "texture": "#1"},
				"south": {"uv": [8, 10, 10, 16], "texture": "#1"},
				"west": {"uv": [7, 10, 8, 16], "texture": "#1"},
				"up": {"uv": [7, 10, 5, 8], "texture": "#1"},
				"down": {"uv": [9, 8, 7, 10], "texture": "#1"}
			}
		},
		{
			"name": "Belt inverted",
			"from": [12.51, 22.51, 10.51],
			"to": [3.49, 9.49, 5.49],
			"rotation": {"angle": 0, "axis": "y", "origin": [8, -2, 8]},
			"faces": {
				"north": {"uv": [8, 16, 10, 10], "texture": "#1"},
				"east": {"uv": [7, 16, 8, 10], "texture": "#1"},
				"south": {"uv": [5, 16, 7, 10], "texture": "#1"},
				"west": {"uv": [4, 16, 5, 10], "texture": "#1"},
				"up": {"uv": [7, 8, 9, 10], "texture": "#1"},
				"down": {"uv": [5, 10, 7, 8], "texture": "#1"}
			}
		},
		{
			"name": "Right Leg Armor",
			"from": [7.7125, -2.5, 5.5],
			"to": [12.7125, 10.5, 10.5],
			"faces": {
				"north": {"uv": [1, 10, 2, 16], "texture": "#1"},
				"east": {"uv": [0, 10, 1, 16], "texture": "#1"},
				"south": {"uv": [3, 10, 4, 16], "texture": "#1"},
				"west": {"uv": [2, 10, 3, 16], "texture": "#1"},
				"up": {"uv": [2, 10, 1, 8], "texture": "#1"},
				"down": {"uv": [3, 8, 2, 10], "texture": "#1"}
			}
		},
		{
			"name": "Left Leg Armor inverted",
			"from": [12.7125, 10.5, 10.5],
			"to": [7.7125, -2.5, 5.5],
			"faces": {
				"north": {"uv": [3, 16, 4, 10], "texture": "#1"},
				"east": {"uv": [2, 16, 3, 10], "texture": "#1"},
				"south": {"uv": [1, 16, 2, 10], "texture": "#1"},
				"west": {"uv": [0, 16, 1, 10], "texture": "#1"},
				"up": {"uv": [2, 8, 3, 10], "texture": "#1"},
				"down": {"uv": [1, 10, 2, 8], "texture": "#1"}
			}
		},
		{
			"name": "Left Leg Armor",
			"from": [-0.57043, -2.5, 7.6775],
			"to": [4.42957, 10.5, 12.6775],
			"rotation": {"angle": 22.5, "axis": "y", "origin": [0, 12.5, 0]},
			"faces": {
				"north": {"uv": [2, 10, 1, 16], "texture": "#1"},
				"east": {"uv": [3, 10, 2, 16], "texture": "#1"},
				"south": {"uv": [4, 10, 3, 16], "texture": "#1"},
				"west": {"uv": [1, 10, 0, 16], "texture": "#1"},
				"up": {"uv": [1, 10, 2, 8], "texture": "#1"},
				"down": {"uv": [2, 8, 3, 10], "texture": "#1"}
			}
		},
		{
			"name": "Right Leg Armor inverted",
			"from": [4.42957, 10.5, 12.6775],
			"to": [-0.57043, -2.5, 7.6775],
			"rotation": {"angle": 22.5, "axis": "y", "origin": [0, 12.5, 0]},
			"faces": {
				"north": {"uv": [4, 16, 3, 10], "texture": "#1"},
				"east": {"uv": [1, 16, 0, 10], "texture": "#1"},
				"south": {"uv": [2, 16, 1, 10], "texture": "#1"},
				"west": {"uv": [3, 16, 2, 10], "texture": "#1"},
				"up": {"uv": [3, 8, 2, 10], "texture": "#1"},
				"down": {"uv": [2, 10, 1, 8], "texture": "#1"}
			}
		}
	],
	"gui_light": "front",
	"display": {
		"thirdperson_righthand": {
			"rotation": [75, 45, 0],
			"translation": [0, 2.5, 0],
			"scale": [0.375, 0.375, 0.375]
		},
		"thirdperson_lefthand": {
			"rotation": [75, 45, 0],
			"translation": [0, 2.5, 0],
			"scale": [0.375, 0.375, 0.375]
		},
		"firstperson_righthand": {
			"rotation": [0, 125, 0],
			"scale": [0.4, 0.4, 0.4]
		},
		"firstperson_lefthand": {
			"rotation": [0, 125, 0],
			"scale": [0.4, 0.4, 0.4]
		},
		"ground": {
			"rotation": [84, 0, 0],
			"translation": [0, 0.25, 1.75],
			"scale": [0.9, 0.9, 0.9]
		},
		"gui": {
			"rotation": [23, 157, 0]
		},
		"head": {
			"translation": [0, 4, 0],
			"scale": [1.49, 1.49, 1.49]
		},
		"fixed": {
			"rotation": [0, -10, -9],
			"translation": [-0.75, -0.25, -6.85],
			"scale": [2, 2, 2]
		}
	},
	"groups": [
		{
			"name": "Body",
			"origin": [0, 24, 0],
			"color": 0,
			"nbt": "{}",
			"children": [0, 1]
		},
		{
			"name": "Right Leg",
			"origin": [1.9, 12, 0],
			"rotation": [-11, 0, 2],
			"color": 0,
			"nbt": "{}",
			"children": [2, 3]
		},
		{
			"name": "Left Leg",
			"origin": [-1.9, 12, 0],
			"rotation": [10, 0, -2],
			"color": 0,
			"nbt": "{}",
			"children": [4, 5]
		}
	]
}