{
	"credit": "Made with Blockbench",
	"texture_size": [128, 128],
	"textures": {
		"13": "custom/weapons/hammer/irongreathammer"
	},
	"elements": [
		{
			"from": [7.375, 1.65, 7.375],
			"to": [8.625, 15.65, 8.625],
			"rotation": {"angle": 0, "axis": "x", "origin": [8, 7.37159, 8]},
			"faces": {
				"north": {"uv": [0, 12, 0.375, 15.5], "texture": "#13"},
				"east": {"uv": [0.5, 12, 0.875, 15.5], "texture": "#13"},
				"south": {"uv": [1, 12, 1.375, 15.5], "texture": "#13"},
				"west": {"uv": [1.5, 12, 1.875, 15.5], "texture": "#13"},
				"up": {"uv": [2.375, 12.375, 2, 12], "texture": "#13"},
				"down": {"uv": [2.375, 12.5, 2, 12.875], "texture": "#13"}
			}
		},
		{
			"from": [6.92, 15.594, 6.7285],
			"to": [9.08, 16.094, 9.2715],
			"rotation": {"angle": 0, "axis": "x", "origin": [8, 7.27159, 8]},
			"faces": {
				"north": {"uv": [4, 1, 4.5, 1.25], "texture": "#13"},
				"east": {"uv": [4, 0.75, 4.75, 1], "texture": "#13"},
				"south": {"uv": [5, 0, 5.5, 0.25], "texture": "#13"},
				"west": {"uv": [4.75, 0.75, 5.5, 1], "texture": "#13"},
				"up": {"uv": [4.5, 0.75, 4, 0], "texture": "#13"},
				"down": {"uv": [5, 0, 4.5, 0.75], "texture": "#13"}
			}
		},
		{
			"from": [6.104, 16.0228, 6.1942],
			"to": [9.896, 16.5228, 9.8058],
			"rotation": {"angle": 0, "axis": "x", "origin": [8, 7.27159, 8]},
			"faces": {
				"north": {"uv": [9, 0, 10, 0.25], "texture": "#13"},
				"east": {"uv": [9, 0.25, 10, 0.5], "texture": "#13"},
				"south": {"uv": [9, 0.5, 10, 0.75], "texture": "#13"},
				"west": {"uv": [9, 0.75, 10, 1], "texture": "#13"},
				"up": {"uv": [9, 1, 8, 0], "texture": "#13"},
				"down": {"uv": [9, 1, 8, 2], "texture": "#13"}
			}
		},
		{
			"from": [6.104, 21.0228, 6.1942],
			"to": [9.896, 21.5228, 9.8058],
			"rotation": {"angle": 0, "axis": "x", "origin": [8, 7.27159, 8]},
			"faces": {
				"north": {"uv": [5, 4, 6, 4.25], "texture": "#13"},
				"east": {"uv": [5, 4.25, 6, 4.5], "texture": "#13"},
				"south": {"uv": [5, 4.5, 6, 4.75], "texture": "#13"},
				"west": {"uv": [5, 4.75, 6, 5], "texture": "#13"},
				"up": {"uv": [5, 5, 4, 4], "texture": "#13"},
				"down": {"uv": [5, 5, 4, 6], "texture": "#13"}
			}
		},
		{
			"from": [4.86991, 16.46957, 5.48821],
			"to": [11.13009, 21.14527, 10.51179],
			"rotation": {"angle": 0, "axis": "x", "origin": [8, 13.80742, 8]},
			"faces": {
				"north": {"uv": [12, 0, 13.5, 1.25], "texture": "#13"},
				"east": {"uv": [12, 2.5, 13.25, 3.75], "texture": "#13"},
				"south": {"uv": [12, 1.25, 13.5, 2.5], "texture": "#13"},
				"west": {"uv": [13.25, 2.5, 14.5, 3.75], "texture": "#13"},
				"up": {"uv": [15, 1.25, 13.5, 0], "texture": "#13"},
				"down": {"uv": [15, 1.25, 13.5, 2.5], "texture": "#13"}
			}
		},
		{
			"from": [5.41991, 17.01957, 5.23821],
			"to": [10.58009, 20.59527, 10.76179],
			"rotation": {"angle": 0, "axis": "x", "origin": [8, 13.80742, 8]},
			"faces": {
				"north": {"uv": [0, 6.5, 1.25, 7.5], "texture": "#13"},
				"east": {"uv": [0, 5.5, 1.5, 6.5], "texture": "#13"},
				"south": {"uv": [2.5, 4, 3.75, 5], "texture": "#13"},
				"west": {"uv": [1.5, 5.5, 3, 6.5], "texture": "#13"},
				"up": {"uv": [1.25, 5.5, 0, 4], "texture": "#13"},
				"down": {"uv": [2.5, 4, 1.25, 5.5], "texture": "#13"}
			}
		},
		{
			"from": [11.10514, 16.32922, 5.26222],
			"to": [12.76986, 21.38562, 10.73778],
			"rotation": {"angle": 0, "axis": "x", "origin": [9.6465, 16.05742, 8]},
			"faces": {
				"north": {"uv": [10.5, 5.25, 10.75, 6.5], "texture": "#13"},
				"east": {"uv": [9.25, 4, 10.5, 5.25], "texture": "#13"},
				"south": {"uv": [9.5, 6.5, 10, 7.75], "texture": "#13"},
				"west": {"uv": [9.25, 5.25, 10.5, 6.5], "texture": "#13"},
				"up": {"uv": [10.5, 7.75, 10, 6.5], "texture": "#13"},
				"down": {"uv": [11, 6.5, 10.5, 7.75], "texture": "#13"}
			}
		},
		{
			"from": [3.23014, 16.32922, 5.26222],
			"to": [4.89486, 21.38562, 10.73778],
			"rotation": {"angle": 0, "axis": "x", "origin": [6.3535, 16.05742, 8]},
			"faces": {
				"north": {"uv": [8, 6.5, 8.5, 7.75], "texture": "#13"},
				"east": {"uv": [8, 4, 9.25, 5.25], "texture": "#13"},
				"south": {"uv": [10.5, 4, 11, 5.25], "texture": "#13"},
				"west": {"uv": [8, 5.25, 9.25, 6.5], "texture": "#13"},
				"up": {"uv": [9, 7.75, 8.5, 6.5], "texture": "#13"},
				"down": {"uv": [9.5, 6.5, 9, 7.75], "texture": "#13"}
			}
		},
		{
			"from": [0.35514, 20.32922, 6.25],
			"to": [4.41986, 21.36922, 9.74],
			"rotation": {"angle": 0, "axis": "x", "origin": [6.8785, 16.05742, 8]},
			"faces": {
				"north": {"uv": [12, 4.75, 13, 5], "texture": "#13"},
				"east": {"uv": [12, 5.5, 12.75, 6.25], "texture": "#13"},
				"south": {"uv": [12, 4.75, 13, 5], "texture": "#13"},
				"west": {"uv": [12.75, 5.5, 13.5, 6.25], "texture": "#13"},
				"up": {"uv": [14, 4.75, 13, 4], "texture": "#13"},
				"down": {"uv": [14, 4.75, 13, 5.5], "texture": "#13"}
			}
		},
		{
			"from": [1.95514, 19.92922, 6.2624],
			"to": [4.41986, 20.33552, 9.7376],
			"rotation": {"angle": 0, "axis": "x", "origin": [6.8785, 16.05742, 8]},
			"faces": {
				"north": {"uv": [12, 9, 12.5, 9.25], "texture": "#13"},
				"east": {"uv": [12, 8.75, 12.75, 9], "texture": "#13"},
				"south": {"uv": [13, 8, 13.5, 8.25], "texture": "#13"},
				"west": {"uv": [12.75, 8.75, 13.5, 9], "texture": "#13"},
				"up": {"uv": [12.5, 8.75, 12, 8], "texture": "#13"},
				"down": {"uv": [13, 8, 12.5, 8.75], "texture": "#13"}
			}
		},
		{
			"from": [-0.11986, 17.70422, 6.26222],
			"to": [5.54486, 20.76062, 9.73778],
			"rotation": {"angle": -22.5, "axis": "z", "origin": [1.5875, 19.85742, 8]},
			"faces": {
				"north": {"uv": [1.5, 8.75, 0, 9.5], "texture": "#13"},
				"east": {"uv": [1.5, 8.75, 2.25, 9.5], "texture": "#13"},
				"south": {"uv": [0, 8.75, 1.5, 9.5], "texture": "#13"},
				"west": {"uv": [1.5, 9.5, 2.25, 10.25], "texture": "#13"},
				"up": {"uv": [1.5, 10.25, 0, 9.5], "texture": "#13"},
				"down": {"uv": [3, 8, 1.5, 8.75], "texture": "#13"}
			}
		},
		{
			"from": [11.90514, 15.95422, 4.98722],
			"to": [14.34486, 21.76062, 11.01278],
			"rotation": {"angle": 0, "axis": "x", "origin": [13.125, 18.85742, 8]},
			"faces": {
				"north": {"uv": [5.5, 8, 6, 9.5], "texture": "#13"},
				"east": {"uv": [4, 8, 5.5, 9.5], "texture": "#13"},
				"south": {"uv": [5.5, 9.5, 6, 11], "texture": "#13"},
				"west": {"uv": [4, 9.5, 5.5, 11], "texture": "#13"},
				"up": {"uv": [6.5, 9.5, 6, 8], "texture": "#13"},
				"down": {"uv": [6.5, 9.5, 6, 11], "texture": "#13"}
			}
		},
		{
			"from": [6.95232, 17.82015, 4.82408],
			"to": [9.04768, 19.9155, 11.17592],
			"rotation": {"angle": 45, "axis": "z", "origin": [8, 18.86782, 8]},
			"faces": {
				"north": {"uv": [0.5, 0, 1, 0.5], "texture": "#13"},
				"east": {"uv": [0, 0, 0.5, 0.5], "texture": "#13"},
				"south": {"uv": [0.5, 0, 1, 0.5], "rotation": 90, "texture": "#13"},
				"west": {"uv": [2.5, 0, 3, 0.5], "texture": "#13"},
				"up": {"uv": [1, 0, 1.5, 0.5], "texture": "#13"},
				"down": {"uv": [1.5, 0, 2, 0.5], "texture": "#13"}
			}
		},
		{
			"from": [2.57444, 2.75927, 7.32408],
			"to": [3.92628, 4.11111, 8.67592],
			"rotation": {"angle": 45, "axis": "z", "origin": [8, 8.18483, 8]},
			"faces": {
				"north": {"uv": [0.5, 0, 1, 0.5], "texture": "#13"},
				"east": {"uv": [0, 0, 0.5, 0.5], "texture": "#13"},
				"south": {"uv": [0.5, 0, 1, 0.5], "rotation": 90, "texture": "#13"},
				"west": {"uv": [2, 0, 2.5, 0.5], "texture": "#13"},
				"up": {"uv": [1.5, 0, 2, 0.5], "texture": "#13"},
				"down": {"uv": [1, 0, 1.5, 0.5], "texture": "#13"}
			}
		}
	],
	"gui_light": "front",
	"display": {
		"thirdperson_righthand": {
			"rotation": [0, 90, 0],
			"translation": [0, -3, 1.25],
			"scale": [1.48, 1.48, 1.48]
		},
		"thirdperson_lefthand": {
			"rotation": [0, -90, 0],
			"translation": [0, -3, 1.25],
			"scale": [1.48, 1.48, 1.48]
		},
		"firstperson_righthand": {
			"rotation": [-6, 90, 0],
			"translation": [4, -1.75, 0],
			"scale": [1.66, 1.66, 1.66]
		},
		"firstperson_lefthand": {
			"rotation": [-6, -90, 0],
			"translation": [4, -1.75, 0],
			"scale": [1.66, 1.66, 1.66]
		},
		"ground": {
			"rotation": [90, 0, 0],
			"translation": [0, -2, 0],
			"scale": [1.69, 1.69, 1.69]
		},
		"gui": {
			"rotation": [0, 0, -45],
			"translation": [-4, -3.75, 0]
		},
		"head": {
			"rotation": [180, 0, 0],
			"scale": [4, 4, 4]
		},
		"fixed": {
			"translation": [0, -9.75, 0],
			"scale": [4, 4, 4]
		}
	},
	"groups": [
		{
			"name": "Hilt",
			"origin": [8, 7.27159, 8],
			"color": 0,
			"nbt": "{}",
			"children": [0, 1, 2, 3, 4, 5, 6, 7, 8, 9, 10, 11, 12, 13]
		}
	]
}