{
	"credit": "Made with Blockbench",
	"texture_size": [32, 32],
	"textures": {
		"1": "custom/weapons/hammer/silverhammer",
		"particle": "custom/weapons/hammer/silverhammer"
	},
	"elements": [
		{
			"name": "pommel",
			"from": [2.80289, 2.89095, 7.3965],
			"to": [4.00989, 4.09795, 8.6035],
			"rotation": {"angle": 45, "axis": "z", "origin": [8.3832, 7.92934, 8]},
			"faces": {
				"north": {"uv": [1.5, 9, 2, 9.5], "texture": "#1"},
				"east": {"uv": [9, 2, 9.5, 2.5], "texture": "#1"},
				"south": {"uv": [9, 2.5, 9.5, 3], "texture": "#1"},
				"west": {"uv": [9, 3, 9.5, 3.5], "texture": "#1"},
				"up": {"uv": [9.5, 4, 9, 3.5], "texture": "#1"},
				"down": {"uv": [9.5, 4, 9, 4.5], "texture": "#1"}
			}
		},
		{
			"name": "handle",
			"from": [7.5, 1.5, 7.5],
			"to": [8.5, 8, 8.5],
			"rotation": {"angle": 0, "axis": "y", "origin": [8.3832, 7.92934, 8]},
			"faces": {
				"north": {"uv": [3.5, 6, 4, 9.25], "texture": "#1"},
				"east": {"uv": [4, 6, 4.5, 9.25], "texture": "#1"},
				"south": {"uv": [6, 4, 6.5, 7.25], "texture": "#1"},
				"west": {"uv": [6.5, 4, 7, 7.25], "texture": "#1"},
				"up": {"uv": [4.5, 3.5, 4, 3], "texture": "#1"},
				"down": {"uv": [4.5, 3.5, 4, 4], "texture": "#1"}
			}
		},
		{
			"name": "handletop",
			"from": [7.32124, 7.97076, 7.47996],
			"to": [8.90324, 10.22076, 9.06196],
			"rotation": {"angle": -45, "axis": "y", "origin": [8.3832, 7.92934, 8]},
			"faces": {
				"north": {"uv": [2.75, 8.25, 2, 9.25], "texture": "#1"},
				"east": {"uv": [2, 8.25, 2.75, 9.25], "texture": "#1"},
				"south": {"uv": [2.75, 8.25, 2, 9.25], "texture": "#1"},
				"west": {"uv": [2, 8.25, 2.75, 9.25], "texture": "#1"},
				"up": {"uv": [9.25, 8.25, 8.5, 7.5], "texture": "#1"},
				"down": {"uv": [9.25, 8.5, 8.5, 9.25], "texture": "#1"}
			}
		},
		{
			"name": "head6",
			"from": [7.32124, 11.47076, 6.93804],
			"to": [8.90324, 13.72076, 8.52004],
			"rotation": {"angle": 45, "axis": "y", "origin": [8.3832, 7.92934, 8]},
			"faces": {
				"north": {"uv": [8, 3, 8.75, 4.25], "texture": "#1"},
				"east": {"uv": [4.5, 8, 5.25, 9.25], "texture": "#1"},
				"south": {"uv": [8, 4.5, 8.75, 5.75], "texture": "#1"},
				"west": {"uv": [8, 6, 8.75, 7.25], "texture": "#1"},
				"up": {"uv": [9.75, 0.75, 9, 0], "texture": "#1"},
				"down": {"uv": [9.75, 1, 9, 1.75], "texture": "#1"}
			}
		},
		{
			"name": "head1",
			"from": [10.1988, 9.40826, 5.959],
			"to": [11.9816, 13.49026, 10.041],
			"rotation": {"angle": 0, "axis": "z", "origin": [8.3832, 7.92934, 8]},
			"faces": {
				"north": {"uv": [5.5, 0, 6.5, 2], "texture": "#1"},
				"east": {"uv": [0, 0, 2, 2], "texture": "#1"},
				"south": {"uv": [1.5, 5.5, 2.5, 7.5], "texture": "#1"},
				"west": {"uv": [0, 2, 2, 4], "texture": "#1"},
				"up": {"uv": [7, 4, 6, 2], "texture": "#1"},
				"down": {"uv": [3.5, 6, 2.5, 8], "texture": "#1"}
			}
		},
		{
			"name": "head2",
			"from": [9.291, 9.90826, 6.459],
			"to": [10.2113, 12.99026, 9.541],
			"rotation": {"angle": 0, "axis": "z", "origin": [8.3832, 7.92934, 8]},
			"faces": {
				"north": {"uv": [6.5, 7.5, 7, 9], "texture": "#1"},
				"east": {"uv": [0, 4, 1.5, 5.5], "texture": "#1"},
				"south": {"uv": [3, 8, 3.5, 9.5], "texture": "#1"},
				"west": {"uv": [4, 0, 5.5, 1.5], "texture": "#1"},
				"up": {"uv": [7.5, 9.5, 7, 8], "texture": "#1"},
				"down": {"uv": [8, 8, 7.5, 9.5], "texture": "#1"}
			}
		},
		{
			"name": "head4",
			"from": [5.6762, 9.90826, 6.459],
			"to": [6.709, 12.99026, 9.541],
			"rotation": {"angle": 0, "axis": "z", "origin": [8.3832, 7.92934, 8]},
			"faces": {
				"north": {"uv": [8, 7.5, 8.5, 9], "texture": "#1"},
				"east": {"uv": [1.5, 4, 3, 5.5], "texture": "#1"},
				"south": {"uv": [0, 8.5, 0.5, 10], "texture": "#1"},
				"west": {"uv": [4, 1.5, 5.5, 3], "texture": "#1"},
				"up": {"uv": [1, 10, 0.5, 8.5], "texture": "#1"},
				"down": {"uv": [1.5, 8.5, 1, 10], "texture": "#1"}
			}
		},
		{
			"name": "head5",
			"from": [7.86837, 11.24278, 6.46],
			"to": [10.04767, 13.42209, 9.54],
			"rotation": {"angle": 45, "axis": "z", "origin": [8.3832, 7.92934, 8]},
			"faces": {
				"north": {"uv": [4.5, 7, 5.5, 8], "texture": "#1"},
				"east": {"uv": [6.5, 0, 8, 1], "texture": "#1"},
				"south": {"uv": [7, 5, 8, 6], "texture": "#1"},
				"west": {"uv": [6.5, 1, 8, 2], "texture": "#1"},
				"up": {"uv": [8, 3.5, 7, 2], "texture": "#1"},
				"down": {"uv": [8, 3.5, 7, 5], "texture": "#1"}
			}
		},
		{
			"name": "facade1",
			"from": [7.86837, 11.24278, 6.455],
			"to": [10.04767, 13.42209, 6.455],
			"rotation": {"angle": 45, "axis": "z", "origin": [8.3832, 7.92934, 8]},
			"faces": {
				"north": {"uv": [7, 6, 8, 7], "texture": "#1"},
				"east": {"uv": [0, 0, 0, 1], "texture": "#1"},
				"south": {"uv": [7, 7, 8, 8], "texture": "#1"},
				"west": {"uv": [0, 0, 0, 1], "texture": "#1"},
				"up": {"uv": [1, 0, 0, 0], "texture": "#1"},
				"down": {"uv": [1, 0, 0, 0], "texture": "#1"}
			}
		},
		{
			"name": "facade2",
			"from": [7.86837, 11.24278, 9.545],
			"to": [10.04767, 13.42209, 9.545],
			"rotation": {"angle": 45, "axis": "z", "origin": [8.3832, 7.92934, 8]},
			"faces": {
				"north": {"uv": [0, 7.5, 1, 8.5], "texture": "#1"},
				"east": {"uv": [0, 0, 0, 1], "texture": "#1"},
				"south": {"uv": [1, 7.5, 2, 8.5], "texture": "#1"},
				"west": {"uv": [0, 0, 0, 1], "texture": "#1"},
				"up": {"uv": [1, 0, 0, 0], "texture": "#1"},
				"down": {"uv": [1, 0, 0, 0], "texture": "#1"}
			}
		},
		{
			"name": "head3",
			"from": [6.709, 9.65826, 6.209],
			"to": [9.291, 13.24026, 9.791],
			"rotation": {"angle": 0, "axis": "z", "origin": [8.3832, 7.92934, 8]},
			"faces": {
				"north": {"uv": [3, 4, 4.25, 5.75], "texture": "#1"},
				"east": {"uv": [2, 0, 3.75, 1.75], "texture": "#1"},
				"south": {"uv": [4.5, 3, 5.75, 4.75], "texture": "#1"},
				"west": {"uv": [2, 2, 3.75, 3.75], "texture": "#1"},
				"up": {"uv": [5.75, 6.75, 4.5, 5], "texture": "#1"},
				"down": {"uv": [1.25, 5.5, 0, 7.25], "texture": "#1"}
			}
		}
	],
	"gui_light": "front",
	"display": {
		"thirdperson_righthand": {
			"rotation": [0, 90, 0],
			"translation": [0, 3.75, 1],
			"scale": [1.5, 1.5, 1.5]
		},
		"thirdperson_lefthand": {
			"rotation": [0, -90, 0],
			"translation": [0, 3.75, 1],
			"scale": [1.5, 1.5, 1.5]
		},
		"firstperson_righthand": {
			"rotation": [-19, 99, 0],
			"translation": [2, 2.5, 1],
			"scale": [1.5, 1.5, 1.5]
		},
		"firstperson_lefthand": {
			"rotation": [-19, -81, 0],
			"translation": [2, 2.5, 1],
			"scale": [1.5, 1.5, 1.5]
		},
		"ground": {
			"rotation": [80, 10, 0],
			"translation": [0, -1.25, 0],
			"scale": [1.5, 1.5, 1.5]
		},
		"gui": {
			"rotation": [0, -180, 45],
			"translation": [-0.25, -0.25, 0],
			"scale": [1.5, 1.5, 1.5]
		},
		"head": {
			"rotation": [180, 0, 0],
			"scale": [4, 4, 4]
		},
		"fixed": {
			"translation": [0, 0, -0.25],
			"scale": [4, 4, 4]
		}
	},
	"groups": [
		{
			"name": "Silver Hammer",
			"origin": [8.70387, 5.31304, 7.99459],
			"color": 0,
			"nbt": "{}",
			"children": [0, 1, 2, 3, 4, 5, 6, 7, 8, 9, 10]
		}
	]
}