{
	"credit": "Made with Blockbench",
	"texture_size": [32, 32],
	"textures": {
		"6": "custom/weapons/hammer/stonehammer"
	},
	"elements": [
		{
			"name": "handle",
			"from": [7.5, 1.5, 7.5],
			"to": [8.5, 8, 8.5],
			"rotation": {"angle": 0, "axis": "y", "origin": [0, -0.5, 0]},
			"faces": {
				"north": {"uv": [2, 6.5, 2.5, 9.75], "texture": "#6"},
				"east": {"uv": [2.5, 6.5, 3, 9.75], "texture": "#6"},
				"south": {"uv": [3, 6.5, 3.5, 9.75], "texture": "#6"},
				"west": {"uv": [3.5, 6.5, 4, 9.75], "texture": "#6"},
				"up": {"uv": [9.5, 6, 9, 5.5], "texture": "#6"},
				"down": {"uv": [9.5, 6, 9, 6.5], "texture": "#6"}
			}
		},
		{
			"name": "pommel",
			"from": [7.3965, 0.92076, 7.3965],
			"to": [8.6035, 1.52426, 8.6035],
			"rotation": {"angle": 0, "axis": "z", "origin": [8, 1.27426, 8]},
			"faces": {
				"north": {"uv": [9, 7.5, 9.5, 7.75], "texture": "#6"},
				"east": {"uv": [9, 7.5, 9.5, 7.75], "texture": "#6"},
				"south": {"uv": [9, 7.5, 9.5, 7.75], "texture": "#6"},
				"west": {"uv": [9, 7.5, 9.5, 7.75], "texture": "#6"},
				"up": {"uv": [9, 7.5, 9.5, 7.75], "texture": "#6"},
				"down": {"uv": [9, 7.5, 9.5, 7.75], "texture": "#6"}
			}
		},
		{
			"name": "handletop",
			"from": [7.209, 7.97076, 7.209],
			"to": [8.791, 10.22076, 8.791],
			"rotation": {"angle": 0, "axis": "y", "origin": [8, 9.09576, 8]},
			"faces": {
				"north": {"uv": [5, 8, 5.75, 9.25], "texture": "#6"},
				"east": {"uv": [6, 8, 6.75, 9.25], "texture": "#6"},
				"south": {"uv": [8, 6, 8.75, 7.25], "texture": "#6"},
				"west": {"uv": [7, 8, 7.75, 9.25], "texture": "#6"},
				"up": {"uv": [9.75, 2.25, 9, 1.5], "texture": "#6"},
				"down": {"uv": [9.75, 2.5, 9, 3.25], "texture": "#6"}
			}
		},
		{
			"name": "head2",
			"from": [7.209, 11.47076, 7.209],
			"to": [8.791, 13.72076, 8.791],
			"rotation": {"angle": 0, "axis": "y", "origin": [8, 9.09576, 8]},
			"faces": {
				"north": {"uv": [8, 7.5, 8.75, 8.75], "texture": "#6"},
				"east": {"uv": [0, 9, 0.75, 10.25], "texture": "#6"},
				"south": {"uv": [9, 0, 9.75, 1.25], "texture": "#6"},
				"west": {"uv": [1, 9, 1.75, 10.25], "texture": "#6"},
				"up": {"uv": [9.75, 4.25, 9, 3.5], "texture": "#6"},
				"down": {"uv": [9.75, 4.5, 9, 5.25], "texture": "#6"}
			}
		},
		{
			"name": "head1",
			"from": [4.6434, 9.65826, 6.209],
			"to": [11.3566, 13.24026, 9.791],
			"rotation": {"angle": 0, "axis": "z", "origin": [8, 1.27426, 8]},
			"faces": {
				"north": {"uv": [0, 0, 3.25, 1.75], "texture": "#6"},
				"east": {"uv": [6, 4, 7.75, 5.75], "texture": "#6"},
				"south": {"uv": [0, 2, 3.25, 3.75], "texture": "#6"},
				"west": {"uv": [6, 6, 7.75, 7.75], "texture": "#6"},
				"up": {"uv": [6.75, 1.75, 3.5, 0], "texture": "#6"},
				"down": {"uv": [6.75, 2, 3.5, 3.75], "texture": "#6"}
			}
		},
		{
			"name": "rope1",
			"from": [7.35, 9.425, 6.0375],
			"to": [8.85, 13.4125, 9.9625],
			"rotation": {"angle": 0, "axis": "y", "origin": [0.0625, 0, 0]},
			"faces": {
				"north": {"uv": [7, 0, 7.75, 2], "texture": "#6"},
				"east": {"uv": [4, 4, 6, 6], "texture": "#6"},
				"south": {"uv": [7, 2, 7.75, 4], "texture": "#6"},
				"west": {"uv": [4, 6, 6, 8], "texture": "#6"},
				"up": {"uv": [8.75, 2, 8, 0], "texture": "#6"},
				"down": {"uv": [8.75, 2, 8, 4], "texture": "#6"}
			}
		},
		{
			"name": "rope2",
			"from": [7.625, 9.1375, 5.9875],
			"to": [9.125, 13.7125, 10.0125],
			"rotation": {"angle": -22.5, "axis": "z", "origin": [8.375, 11.4625, 8]},
			"faces": {
				"north": {"uv": [0, 6.5, 0.75, 8.75], "texture": "#6"},
				"east": {"uv": [0, 4, 2, 6.25], "texture": "#6"},
				"south": {"uv": [1, 6.5, 1.75, 8.75], "texture": "#6"},
				"west": {"uv": [2, 4, 4, 6.25], "texture": "#6"},
				"up": {"uv": [4.75, 10, 4, 8], "texture": "#6"},
				"down": {"uv": [8.75, 4, 8, 6], "texture": "#6"}
			}
		}
	],
	"gui_light": "front",
	"display": {
		"thirdperson_righthand": {
			"rotation": [0, 90, 0],
			"translation": [0, 3.75, 1],
			"scale": [1.5, 1.5, 1.5]
		},
		"thirdperson_lefthand": {
			"rotation": [0, 90, 0],
			"translation": [0, 3.75, 1],
			"scale": [1.5, 1.5, 1.5]
		},
		"firstperson_righthand": {
			"rotation": [-19, 99, 0],
			"translation": [2, 2.5, 1],
			"scale": [1.5, 1.5, 1.5]
		},
		"firstperson_lefthand": {
			"rotation": [-19, -81, 0],
			"translation": [2, 2.5, 1],
			"scale": [1.5, 1.5, 1.5]
		},
		"ground": {
			"rotation": [80, 10, 0],
			"translation": [0, -1.25, 0],
			"scale": [1.5, 1.5, 1.5]
		},
		"gui": {
			"rotation": [0, 0, -45],
			"translation": [-0.25, -0.25, 0],
			"scale": [1.5, 1.5, 1.5]
		},
		"head": {
			"rotation": [180, 0, 0],
			"scale": [4, 4, 4]
		},
		"fixed": {
			"translation": [0, 0, -0.25],
			"scale": [4, 4, 4]
		}
	},
	"groups": [
		{
			"name": "Stone Hammer",
			"origin": [8.70387, 5.31304, 7.99459],
			"color": 0,
			"nbt": "{}",
			"children": [0, 1, 2, 3, 4, 5, 6]
		}
	]
}