{
	"credit": "Made with Blockbench",
	"texture_size": [64, 64],
	"textures": {
		"0": "custom/weapons/scythe/goldscythe",
		"particle": "custom/weapons/scythe/goldscythe"
	},
	"elements": [
		{
			"from": [7.0001, 22.46088, 6.31703],
			"to": [9.0031, 26.46088, 14.31703],
			"rotation": {"angle": 0, "axis": "y", "origin": [0, 16.46088, 5.31703]},
			"faces": {
				"north": {"uv": [7.515, 7.015, 7.985, 7.985], "texture": "#0"},
				"east": {"uv": [2.015, 0.015, 3.985, 0.985], "texture": "#0"},
				"west": {"uv": [2.015, 1.015, 3.985, 1.985], "texture": "#0"},
				"up": {"uv": [5.985, 7.485, 5.515, 5.515], "texture": "#0"},
				"down": {"uv": [6.235, 0.765, 5.765, 2.735], "texture": "#0"}
			}
		},
		{
			"from": [7.001, 24.54147, 18.74404],
			"to": [9.001, 26.54147, 23.74404],
			"rotation": {"angle": -22.5, "axis": "x", "origin": [8, 25.54147, 21.24404]},
			"faces": {
				"east": {"uv": [7.265, 1.515, 8.485, 1.985], "texture": "#0"},
				"south": {"uv": [5.265, 0.765, 5.735, 1.235], "texture": "#0"},
				"west": {"uv": [7.265, 2.015, 8.485, 2.485], "texture": "#0"},
				"up": {"uv": [7.985, 3.735, 7.515, 2.515], "texture": "#0"},
				"down": {"uv": [3.485, 7.515, 3.015, 8.735], "texture": "#0"}
			}
		},
		{
			"from": [7.501, 25.54147, 23.74404],
			"to": [8.499, 26.54147, 26.04404],
			"rotation": {"angle": -22.5, "axis": "x", "origin": [8, 25.54147, 21.24404]},
			"faces": {
				"east": {"uv": [8.265, 6.515, 8.735, 6.735], "texture": "#0"},
				"west": {"uv": [8.265, 6.765, 8.735, 6.985], "texture": "#0"},
				"up": {"uv": [4.985, 1.735, 4.765, 1.265], "texture": "#0"}
			}
		},
		{
			"from": [7.5, 27.19562, 22.85064],
			"to": [8.5, 28.19562, 27.85064],
			"rotation": {"angle": -45, "axis": "x", "origin": [7.5, 27.69562, 25.35064]},
			"faces": {
				"east": {"uv": [7.765, 1.015, 8.985, 1.235], "texture": "#0"},
				"south": {"uv": [4.765, 1.765, 4.985, 1.985], "texture": "#0"},
				"west": {"uv": [7.765, 1.265, 8.985, 1.485], "texture": "#0"},
				"up": {"uv": [3.235, 6.985, 3.015, 5.765], "texture": "#0"},
				"down": {"uv": [5.985, 7.515, 5.765, 8.735], "texture": "#0"}
			}
		},
		{
			"from": [7, 22.53912, 15.31703],
			"to": [9.002, 26.43912, 21.31703],
			"rotation": {"angle": 0, "axis": "y", "origin": [0, 33.53912, 5.31703]},
			"faces": {
				"east": {"uv": [3.265, 4.515, 4.735, 5.485], "texture": "#0"},
				"south": {"uv": [7.765, 0.015, 8.235, 0.985], "texture": "#0"},
				"west": {"uv": [4.765, 4.515, 6.235, 5.485], "texture": "#0"},
				"up": {"uv": [2.485, 8.235, 2.015, 6.765], "texture": "#0"},
				"down": {"uv": [2.985, 6.765, 2.515, 8.235], "texture": "#0"}
			}
		},
		{
			"from": [7.002, 22.45853, 18.74404],
			"to": [9, 24.45853, 23.74404],
			"rotation": {"angle": 22.5, "axis": "x", "origin": [8, 23.45853, 21.24404]},
			"faces": {
				"east": {"uv": [3.515, 7.515, 4.735, 7.985], "texture": "#0"},
				"south": {"uv": [8.265, 0.015, 8.735, 0.485], "texture": "#0"},
				"west": {"uv": [7.515, 3.765, 8.735, 4.235], "texture": "#0"},
				"up": {"uv": [5.235, 8.735, 4.765, 7.515], "texture": "#0"},
				"down": {"uv": [5.735, 7.515, 5.265, 8.735], "texture": "#0"}
			}
		},
		{
			"from": [7.5, 20.80438, 22.85064],
			"to": [8.5, 21.80438, 27.85064],
			"rotation": {"angle": 45, "axis": "x", "origin": [7.5, 21.30438, 25.35064]},
			"faces": {
				"east": {"uv": [8.015, 3.515, 9.235, 3.735], "texture": "#0"},
				"south": {"uv": [6.515, 3.765, 6.735, 3.985], "texture": "#0"},
				"west": {"uv": [8.015, 7.765, 9.235, 7.985], "texture": "#0"},
				"up": {"uv": [4.735, 9.235, 4.515, 8.015], "texture": "#0"},
				"down": {"uv": [8.235, 8.015, 8.015, 9.235], "texture": "#0"}
			}
		},
		{
			"from": [7.501, 22.45853, 23.74404],
			"to": [8.499, 23.45853, 26.04404],
			"rotation": {"angle": 22.5, "axis": "x", "origin": [8, 23.45853, 21.24404]},
			"faces": {
				"east": {"uv": [8.265, 8.015, 8.735, 8.235], "texture": "#0"},
				"west": {"uv": [8.265, 8.265, 8.735, 8.485], "texture": "#0"},
				"down": {"uv": [6.735, 3.265, 6.515, 3.735], "texture": "#0"}
			}
		},
		{
			"from": [5, 24.46088, 13.31703],
			"to": [11, 29.46088, 18.31703],
			"rotation": {"angle": -45, "axis": "x", "origin": [8, 24.46088, 19.31703]},
			"faces": {
				"north": {"uv": [2.015, 2.015, 3.485, 3.235], "texture": "#0"},
				"east": {"uv": [4.015, 0.015, 5.235, 1.235], "texture": "#0"},
				"south": {"uv": [2.015, 3.265, 3.485, 4.485], "texture": "#0"},
				"west": {"uv": [2.015, 4.515, 3.235, 5.735], "texture": "#0"},
				"up": {"uv": [4.985, 3.235, 3.515, 2.015], "texture": "#0"},
				"down": {"uv": [4.985, 3.265, 3.515, 4.485], "texture": "#0"}
			}
		},
		{
			"from": [6.999, 27.46088, 16.31703],
			"to": [9.001, 31.46088, 20.31703],
			"rotation": {"angle": -45, "axis": "x", "origin": [8, 24.46088, 19.31703]},
			"faces": {
				"north": {"uv": [7.765, 4.265, 8.235, 5.235], "texture": "#0"},
				"east": {"uv": [2.015, 5.765, 2.985, 6.735], "texture": "#0"},
				"south": {"uv": [7.765, 5.265, 8.235, 6.235], "texture": "#0"},
				"west": {"uv": [6.015, 5.515, 6.985, 6.485], "texture": "#0"},
				"up": {"uv": [7.485, 8.735, 7.015, 7.765], "texture": "#0"},
				"down": {"uv": [8.485, 2.515, 8.015, 3.485], "texture": "#0"}
			}
		},
		{
			"from": [6.5, -2.63912, -14.98],
			"to": [9.5, 1.36088, -10.98],
			"rotation": {"angle": -45, "axis": "x", "origin": [8, 25.86088, 19.41703]},
			"faces": {
				"north": {"uv": [6.265, 4.515, 6.985, 5.485], "texture": "#0"},
				"east": {"uv": [6.265, 0.765, 7.235, 1.735], "texture": "#0"},
				"south": {"uv": [6.765, 3.265, 7.485, 4.235], "texture": "#0"},
				"west": {"uv": [6.265, 1.765, 7.235, 2.735], "texture": "#0"},
				"up": {"uv": [7.735, 5.235, 7.015, 4.265], "texture": "#0"},
				"down": {"uv": [7.735, 5.265, 7.015, 6.235], "texture": "#0"}
			}
		},
		{
			"from": [7.0015, 22.46088, 4.31703],
			"to": [8.9995, 23.46088, 6.31703],
			"rotation": {"angle": 0, "axis": "y", "origin": [0, 16.46088, 2.31703]},
			"faces": {
				"east": {"uv": [8.515, 1.515, 8.985, 1.735], "texture": "#0"},
				"west": {"uv": [8.515, 1.765, 8.985, 1.985], "texture": "#0"},
				"down": {"uv": [8.735, 0.515, 8.265, 0.985], "texture": "#0"}
			}
		},
		{
			"from": [7.001, 22.42702, 1.11941],
			"to": [9.001, 25.42702, 7.11941],
			"rotation": {"angle": -22.5, "axis": "x", "origin": [8, 23.92702, 4.11941]},
			"faces": {
				"north": {"uv": [6.765, 0.015, 7.235, 0.735], "texture": "#0"},
				"east": {"uv": [5.015, 3.265, 6.485, 3.985], "texture": "#0"},
				"west": {"uv": [5.265, 0.015, 6.735, 0.735], "texture": "#0"},
				"up": {"uv": [7.485, 7.735, 7.015, 6.265], "texture": "#0"},
				"down": {"uv": [7.735, 0.015, 7.265, 1.485], "texture": "#0"}
			}
		},
		{
			"from": [7.001, 22.42702, -0.88059],
			"to": [8.999, 23.42702, 1.11941],
			"rotation": {"angle": -22.5, "axis": "x", "origin": [8, 23.92702, 4.11941]},
			"faces": {
				"north": {"uv": [8.515, 2.015, 8.985, 2.235], "texture": "#0"},
				"east": {"uv": [8.515, 2.265, 8.985, 2.485], "texture": "#0"},
				"west": {"uv": [8.515, 2.515, 8.985, 2.735], "texture": "#0"},
				"down": {"uv": [8.735, 4.265, 8.265, 4.735], "texture": "#0"}
			}
		},
		{
			"from": [7, 19.9828, -4.49402],
			"to": [9, 21.9828, 2.50598],
			"rotation": {"angle": -45, "axis": "x", "origin": [8, 20.9828, -0.99402]},
			"faces": {
				"north": {"uv": [8.265, 4.765, 8.735, 5.235], "texture": "#0"},
				"east": {"uv": [5.015, 4.015, 6.735, 4.485], "texture": "#0"},
				"south": {"uv": [8.265, 5.265, 8.735, 5.735], "texture": "#0"},
				"west": {"uv": [5.765, 2.765, 7.485, 3.235], "texture": "#0"},
				"up": {"uv": [6.485, 8.235, 6.015, 6.515], "texture": "#0"},
				"down": {"uv": [6.985, 6.515, 6.515, 8.235], "texture": "#0"}
			}
		},
		{
			"from": [7.501, 19.9828, -6.69402],
			"to": [8.499, 20.9828, -4.49402],
			"rotation": {"angle": -45, "axis": "x", "origin": [8.5, 20.9828, -0.99402]},
			"faces": {
				"north": {"uv": [6.765, 4.265, 6.985, 4.485], "texture": "#0"},
				"east": {"uv": [8.515, 2.765, 8.985, 2.985], "texture": "#0"},
				"west": {"uv": [8.515, 3.015, 8.985, 3.235], "texture": "#0"},
				"down": {"uv": [3.235, 7.015, 3.015, 7.485], "texture": "#0"}
			}
		},
		{
			"from": [7.5, 14.52818, -5.74479],
			"to": [8.5, 19.32818, -4.74479],
			"rotation": {"angle": 22.5, "axis": "x", "origin": [8, 15.32818, -5.24479]},
			"faces": {
				"north": {"uv": [2.015, 8.265, 2.235, 9.485], "texture": "#0"},
				"east": {"uv": [2.265, 8.265, 2.485, 9.485], "texture": "#0"},
				"south": {"uv": [2.515, 8.265, 2.735, 9.485], "texture": "#0"},
				"west": {"uv": [2.765, 8.265, 2.985, 9.485], "texture": "#0"},
				"down": {"uv": [7.485, 2.515, 7.265, 2.735], "texture": "#0"}
			}
		},
		{
			"from": [7, -15.6, 14.18],
			"to": [9, 26.4, 16.18],
			"rotation": {"angle": 0, "axis": "y", "origin": [0, 0.4, 0.1]},
			"faces": {
				"north": {"uv": [0.015, 0.015, 0.485, 10.485], "texture": "#0"},
				"east": {"uv": [0.515, 0.015, 0.985, 10.485], "texture": "#0"},
				"south": {"uv": [1.015, 0.015, 1.485, 10.485], "texture": "#0"},
				"west": {"uv": [1.515, 0.015, 1.985, 10.485], "texture": "#0"}
			}
		},
		{
			"from": [1.99497, 15.4, 11.39497],
			"to": [4.99497, 23.4, 14.39497],
			"rotation": {"angle": 45, "axis": "y", "origin": [8.49497, 15.4, 8.59497]},
			"faces": {
				"north": {"uv": [5.015, 1.265, 5.735, 3.235], "texture": "#0"},
				"east": {"uv": [3.265, 5.515, 3.985, 7.485], "texture": "#0"},
				"south": {"uv": [4.015, 5.515, 4.735, 7.485], "texture": "#0"},
				"west": {"uv": [4.765, 5.515, 5.485, 7.485], "texture": "#0"},
				"up": {"uv": [4.735, 1.985, 4.015, 1.265], "texture": "#0"},
				"down": {"uv": [8.235, 6.265, 7.515, 6.985], "texture": "#0"}
			}
		},
		{
			"from": [7.001, 29.1993, 10.66566],
			"to": [8.999, 30.1993, 13.66566],
			"rotation": {"angle": 22.5, "axis": "x", "origin": [9.002, 28.6993, 9.66566]},
			"faces": {
				"north": {"uv": [6.015, 8.515, 6.485, 8.735], "texture": "#0"},
				"east": {"uv": [8.265, 6.015, 8.985, 6.235], "texture": "#0"},
				"west": {"uv": [8.265, 6.265, 8.985, 6.485], "texture": "#0"},
				"up": {"uv": [8.485, 7.735, 8.015, 7.015], "texture": "#0"},
				"down": {"uv": [7.985, 8.015, 7.515, 8.735], "texture": "#0"}
			}
		},
		{
			"from": [7.003, 27.47723, 16.82565],
			"to": [9.001, 28.47723, 19.82565],
			"rotation": {"angle": -22.5, "axis": "x", "origin": [8.002, 27.17723, 16.32565]},
			"faces": {
				"east": {"uv": [8.765, 6.765, 9.485, 6.985], "texture": "#0"},
				"south": {"uv": [9.015, 5.515, 9.485, 5.735], "texture": "#0"},
				"west": {"uv": [8.765, 6.515, 9.485, 6.735], "texture": "#0"},
				"up": {"uv": [9.485, 6.485, 9.015, 5.765], "rotation": 180, "texture": "#0"},
				"down": {"uv": [9.485, 7.015, 9.015, 7.735], "rotation": 180, "texture": "#0"}
			}
		}
	],
	"gui_light": "front",
	"display": {
		"thirdperson_righthand": {
			"rotation": [0, 17, 0],
			"translation": [-1.5, 6, -4],
			"scale": [0.75, 0.75, 0.75]
		},
		"thirdperson_lefthand": {
			"rotation": [0, 17, 0],
			"translation": [-1.5, 6, -4],
			"scale": [0.75, 0.75, 0.75]
		},
		"firstperson_righthand": {
			"rotation": [-6, 21, 0],
			"translation": [10, 1.75, -15]
		},
		"firstperson_lefthand": {
			"rotation": [-6, 21, 0],
			"translation": [10, 1.75, -15]
		},
		"ground": {
			"rotation": [78, 95, 0],
			"translation": [0, 2, 4],
			"scale": [0.75, 0.75, 0.75]
		},
		"gui": {
			"rotation": [90, 45, -90],
			"translation": [-3, 1.25, 0],
			"scale": [0.4, 0.4, 0.4]
		},
		"head": {
			"rotation": [90, 67.5, -90],
			"translation": [-2.75, -2.5, 3.25],
			"scale": [1.5, 1.5, 1.5]
		},
		"fixed": {
			"rotation": [0, -90, 0],
			"translation": [14, 0, -2],
			"scale": [2, 2, 2]
		}
	},
	"groups": [
		{
			"name": "goldscythe",
			"origin": [8, 8, 8],
			"color": 0,
			"nbt": "{}",
			"children": [0, 1, 2, 3, 4, 5, 6, 7, 8, 9, 10, 11, 12, 13, 14, 15, 16, 17, 18, 19, 20]
		}
	]
}