{
	"credit": "Made with Blockbench",
	"texture_size": [64, 64],
	"textures": {
		"0": "custom/weapons/scythe/ironscythe",
		"particle": "custom/weapons/scythe/ironscythe"
	},
	"elements": [
		{
			"from": [7.0001, 23.46088, 6.31703],
			"to": [9.0031, 27.46088, 14.31703],
			"rotation": {"angle": 0, "axis": "y", "origin": [0, 17.46088, 5.31703]},
			"faces": {
				"north": {"uv": [5.015, 3.515, 5.485, 4.485], "texture": "#0"},
				"east": {"uv": [2.015, 0.015, 3.985, 0.985], "texture": "#0"},
				"west": {"uv": [2.015, 1.015, 3.985, 1.985], "texture": "#0"},
				"up": {"uv": [5.985, 1.985, 5.515, 0.015], "texture": "#0"},
				"down": {"uv": [5.985, 3.515, 5.515, 5.485], "texture": "#0"}
			}
		},
		{
			"from": [5, 25.46088, 13.31703],
			"to": [11, 30.46088, 18.31703],
			"rotation": {"angle": -45, "axis": "x", "origin": [8, 25.46088, 19.31703]},
			"faces": {
				"north": {"uv": [2.015, 2.015, 3.485, 3.235], "texture": "#0"},
				"east": {"uv": [4.015, 0.015, 5.235, 1.235], "texture": "#0"},
				"south": {"uv": [2.015, 3.265, 3.485, 4.485], "texture": "#0"},
				"west": {"uv": [2.015, 4.515, 3.235, 5.735], "texture": "#0"},
				"up": {"uv": [4.985, 3.235, 3.515, 2.015], "texture": "#0"},
				"down": {"uv": [4.985, 3.265, 3.515, 4.485], "texture": "#0"}
			}
		},
		{
			"from": [6.998, -0.63912, -13.98],
			"to": [9.001, 1.36088, -11.98],
			"rotation": {"angle": -45, "axis": "x", "origin": [8, 26.86088, 19.41703]},
			"faces": {
				"north": {"uv": [6.015, 4.015, 6.485, 4.485], "texture": "#0"},
				"east": {"uv": [4.765, 6.015, 5.235, 6.485], "texture": "#0"},
				"south": {"uv": [6.015, 4.765, 6.485, 5.235], "texture": "#0"},
				"west": {"uv": [5.515, 6.015, 5.985, 6.485], "texture": "#0"},
				"up": {"uv": [6.735, 6.485, 6.265, 6.015], "texture": "#0"},
				"down": {"uv": [6.985, 0.015, 6.515, 0.485], "texture": "#0"}
			}
		},
		{
			"from": [7.0015, 23.46088, 4.31703],
			"to": [8.9995, 24.46088, 6.31703],
			"rotation": {"angle": 0, "axis": "y", "origin": [0, 17.46088, 2.31703]},
			"faces": {
				"east": {"uv": [6.265, 6.765, 6.735, 6.985], "texture": "#0"},
				"west": {"uv": [7.015, 1.515, 7.485, 1.735], "texture": "#0"},
				"down": {"uv": [6.985, 1.515, 6.515, 1.985], "texture": "#0"}
			}
		},
		{
			"from": [7.001, 23.42702, 1.11941],
			"to": [9.001, 26.42702, 7.11941],
			"rotation": {"angle": -22.5, "axis": "x", "origin": [8, 24.92702, 4.11941]},
			"faces": {
				"north": {"uv": [6.515, 3.265, 6.985, 3.985], "texture": "#0"},
				"east": {"uv": [4.015, 1.265, 5.485, 1.985], "texture": "#0"},
				"west": {"uv": [3.265, 4.515, 4.735, 5.235], "texture": "#0"},
				"up": {"uv": [6.485, 1.485, 6.015, 0.015], "texture": "#0"},
				"down": {"uv": [6.485, 2.515, 6.015, 3.985], "texture": "#0"}
			}
		},
		{
			"from": [7.001, 23.42702, -0.88059],
			"to": [8.999, 24.42702, 1.11941],
			"rotation": {"angle": -22.5, "axis": "x", "origin": [8, 24.92702, 4.11941]},
			"faces": {
				"north": {"uv": [7.015, 1.765, 7.485, 1.985], "texture": "#0"},
				"east": {"uv": [7.015, 3.265, 7.485, 3.485], "texture": "#0"},
				"west": {"uv": [7.015, 3.765, 7.485, 3.985], "texture": "#0"},
				"down": {"uv": [7.235, 4.015, 6.765, 4.485], "texture": "#0"}
			}
		},
		{
			"from": [7, 20.9828, -4.49402],
			"to": [9, 22.9828, 2.50598],
			"rotation": {"angle": -45, "axis": "x", "origin": [8, 21.9828, -0.99402]},
			"faces": {
				"north": {"uv": [4.515, 6.765, 4.985, 7.235], "texture": "#0"},
				"east": {"uv": [5.515, 5.515, 7.235, 5.985], "texture": "#0"},
				"south": {"uv": [6.765, 4.515, 7.235, 4.985], "texture": "#0"},
				"west": {"uv": [5.765, 2.015, 7.485, 2.485], "texture": "#0"},
				"up": {"uv": [2.485, 7.485, 2.015, 5.765], "texture": "#0"},
				"down": {"uv": [2.985, 5.765, 2.515, 7.485], "texture": "#0"}
			}
		},
		{
			"from": [7.501, 20.9828, -6.69402],
			"to": [8.499, 21.9828, -4.49402],
			"rotation": {"angle": -45, "axis": "x", "origin": [8.5, 21.9828, -0.99402]},
			"faces": {
				"north": {"uv": [5.765, 3.265, 5.985, 3.485], "texture": "#0"},
				"east": {"uv": [5.765, 7.015, 6.235, 7.235], "texture": "#0"},
				"west": {"uv": [7.015, 6.015, 7.485, 6.235], "texture": "#0"},
				"down": {"uv": [6.485, 7.015, 6.265, 7.485], "texture": "#0"}
			}
		},
		{
			"from": [7.5, 17.52818, -5.74479],
			"to": [8.5, 20.32818, -4.74479],
			"rotation": {"angle": 22.5, "axis": "x", "origin": [8, 16.32818, -5.24479]},
			"faces": {
				"north": {"uv": [5.265, 0.015, 5.485, 0.735], "texture": "#0"},
				"east": {"uv": [5.765, 2.515, 5.985, 3.235], "texture": "#0"},
				"south": {"uv": [3.015, 5.765, 3.235, 6.485], "texture": "#0"},
				"west": {"uv": [5.515, 6.765, 5.735, 7.485], "texture": "#0"},
				"down": {"uv": [6.735, 7.015, 6.515, 7.235], "texture": "#0"}
			}
		},
		{
			"from": [7, -14.6, 14.18],
			"to": [9, 26.4, 16.18],
			"rotation": {"angle": 0, "axis": "y", "origin": [0, 1.4, 0.1]},
			"faces": {
				"north": {"uv": [0.015, 0.015, 0.485, 10.235], "texture": "#0"},
				"east": {"uv": [0.515, 0.015, 0.985, 10.235], "texture": "#0"},
				"south": {"uv": [1.015, 0.015, 1.485, 10.235], "texture": "#0"},
				"west": {"uv": [1.515, 0.015, 1.985, 10.235], "texture": "#0"}
			}
		},
		{
			"from": [1.99497, 18.4, 11.39497],
			"to": [4.99497, 24.4, 14.39497],
			"rotation": {"angle": 45, "axis": "y", "origin": [8.49497, 16.4, 8.59497]},
			"faces": {
				"north": {"uv": [4.765, 4.515, 5.485, 5.985], "texture": "#0"},
				"east": {"uv": [5.015, 2.015, 5.735, 3.485], "texture": "#0"},
				"south": {"uv": [3.265, 5.265, 3.985, 6.735], "texture": "#0"},
				"west": {"uv": [4.015, 5.265, 4.735, 6.735], "texture": "#0"},
				"up": {"uv": [7.235, 1.485, 6.515, 0.765], "texture": "#0"},
				"down": {"uv": [7.235, 2.515, 6.515, 3.235], "texture": "#0"}
			}
		},
		{
			"from": [7, 24.15853, 15.54404],
			"to": [9, 26.15853, 20.54404],
			"rotation": {"angle": 22.5, "axis": "x", "origin": [8, 25.15853, 18.04404]},
			"faces": {
				"east": {"uv": [7.015, 0.015, 8.235, 0.485], "texture": "#0"},
				"south": {"uv": [7.265, 1.015, 7.735, 1.485], "texture": "#0"},
				"west": {"uv": [6.765, 7.015, 7.985, 7.485], "texture": "#0"},
				"up": {"uv": [4.485, 8.485, 4.015, 7.265], "texture": "#0"},
				"down": {"uv": [7.735, 4.015, 7.265, 5.235], "texture": "#0"}
			}
		},
		{
			"from": [7.501, 24.15853, 20.54404],
			"to": [8.499, 25.15853, 22.84404],
			"rotation": {"angle": 22.5, "axis": "x", "origin": [8, 25.15853, 18.04404]},
			"faces": {
				"east": {"uv": [6.015, 4.515, 6.485, 4.735], "texture": "#0"},
				"west": {"uv": [6.015, 5.265, 6.485, 5.485], "texture": "#0"},
				"down": {"uv": [6.235, 6.015, 6.015, 6.485], "texture": "#0"}
			}
		},
		{
			"from": [7.5, 22.50438, 19.65064],
			"to": [8.5, 23.50438, 23.65064],
			"rotation": {"angle": 45, "axis": "x", "origin": [8.5, 23.00438, 22.15064]},
			"faces": {
				"east": {"uv": [4.765, 6.515, 5.735, 6.735], "texture": "#0"},
				"south": {"uv": [6.765, 0.515, 6.985, 0.735], "texture": "#0"},
				"west": {"uv": [5.765, 6.515, 6.735, 6.735], "texture": "#0"},
				"up": {"uv": [6.735, 4.985, 6.515, 4.015], "texture": "#0"},
				"down": {"uv": [4.735, 7.265, 4.515, 8.235], "texture": "#0"}
			}
		}
	],
	"gui_light": "front",
	"display": {
		"thirdperson_righthand": {
			"rotation": [0, 17, 0],
			"translation": [-1.5, 6, -4],
			"scale": [0.75, 0.75, 0.75]
		},
		"thirdperson_lefthand": {
			"rotation": [0, 17, 0],
			"translation": [-1.5, 6, -4],
			"scale": [0.75, 0.75, 0.75]
		},
		"firstperson_righthand": {
			"rotation": [-6, 21, 0],
			"translation": [10, 1.75, -15]
		},
		"firstperson_lefthand": {
			"rotation": [-6, 21, 0],
			"translation": [10, 1.75, -15]
		},
		"ground": {
			"rotation": [78, 95, 0],
			"translation": [0, 2, 4],
			"scale": [0.75, 0.75, 0.75]
		},
		"gui": {
			"rotation": [90, 45, -90],
			"translation": [-3, 1.25, 0],
			"scale": [0.4, 0.4, 0.4]
		},
		"head": {
			"rotation": [90, 67.5, -90],
			"translation": [-2.75, -2.5, 3.25],
			"scale": [1.5, 1.5, 1.5]
		},
		"fixed": {
			"rotation": [0, -90, 0],
			"translation": [14, 0, -2],
			"scale": [2, 2, 2]
		}
	},
	"groups": [
		{
			"name": "ironscythe",
			"origin": [8, 8, 8],
			"color": 0,
			"nbt": "{}",
			"children": [0, 1, 2, 3, 4, 5, 6, 7, 8, 9, 10, 11, 12, 13]
		}
	]
}