{
	"credit": "Made with Blockbench",
	"texture_size": [128, 128],
	"textures": {
		"0": "custom/weapons/scythe/silverscythe",
		"particle": "custom/weapons/scythe/silverscythe"
	},
	"elements": [
		{
			"from": [7.0001, 23.46088, 6.31703],
			"to": [9.0031, 27.46088, 14.31703],
			"rotation": {"angle": 0, "axis": "y", "origin": [0, 17.46088, 5.31703]},
			"faces": {
				"north": {"uv": [5.129, 0.004, 5.371, 0.496], "texture": "#0"},
				"east": {"uv": [2.504, 4.004, 3.496, 4.496], "texture": "#0"},
				"south": {"uv": [5.129, 2.754, 5.371, 3.246], "texture": "#0"},
				"west": {"uv": [4.004, 2.504, 4.996, 2.996], "texture": "#0"},
				"up": {"uv": [3.871, 5.621, 3.629, 4.629], "texture": "#0"},
				"down": {"uv": [4.121, 4.629, 3.879, 5.621], "texture": "#0"}
			}
		},
		{
			"from": [7.001, 24.46088, 15.31703],
			"to": [8.999, 27.46088, 18.31703],
			"rotation": {"angle": 0, "axis": "y", "origin": [0, 17.46088, 5.31703]},
			"faces": {
				"north": {"uv": [5.129, 3.504, 5.371, 3.871], "texture": "#0"},
				"east": {"uv": [4.754, 3.504, 5.121, 3.871], "texture": "#0"},
				"south": {"uv": [2.754, 5.254, 2.996, 5.621], "texture": "#0"},
				"west": {"uv": [4.879, 0.879, 5.246, 1.246], "texture": "#0"},
				"up": {"uv": [3.246, 5.621, 3.004, 5.254], "texture": "#0"},
				"down": {"uv": [4.871, 5.254, 4.629, 5.621], "texture": "#0"}
			}
		},
		{
			"from": [7.001, 25.46088, 18.31703],
			"to": [8.999, 27.46088, 20.31703],
			"rotation": {"angle": 0, "axis": "y", "origin": [0, 17.46088, 3.31703]},
			"faces": {
				"north": {"uv": [5.379, 1.379, 5.621, 1.621], "texture": "#0"},
				"east": {"uv": [5.379, 1.629, 5.621, 1.871], "texture": "#0"},
				"south": {"uv": [5.379, 1.879, 5.621, 2.121], "texture": "#0"},
				"west": {"uv": [5.379, 2.129, 5.621, 2.371], "texture": "#0"},
				"up": {"uv": [5.621, 2.621, 5.379, 2.379], "texture": "#0"},
				"down": {"uv": [5.621, 2.629, 5.379, 2.871], "texture": "#0"}
			}
		},
		{
			"from": [7, 25.34147, 17.74404],
			"to": [9, 27.34147, 22.74404],
			"rotation": {"angle": -22.5, "axis": "x", "origin": [8, 26.34147, 20.24404]},
			"faces": {
				"north": {"uv": [5.379, 2.879, 5.621, 3.121], "texture": "#0"},
				"east": {"uv": [4.754, 2.129, 5.371, 2.371], "texture": "#0"},
				"south": {"uv": [5.379, 3.129, 5.621, 3.371], "texture": "#0"},
				"west": {"uv": [4.754, 3.254, 5.371, 3.496], "texture": "#0"},
				"up": {"uv": [4.371, 5.496, 4.129, 4.879], "texture": "#0"},
				"down": {"uv": [4.621, 4.879, 4.379, 5.496], "texture": "#0"}
			}
		},
		{
			"from": [7.501, 26.34147, 22.74404],
			"to": [8.499, 27.34147, 25.04404],
			"rotation": {"angle": -22.5, "axis": "x", "origin": [8, 26.34147, 20.24404]},
			"faces": {
				"north": {"uv": [5.254, 2.004, 5.371, 2.121], "texture": "#0"},
				"east": {"uv": [4.004, 3.879, 4.246, 3.996], "texture": "#0"},
				"south": {"uv": [5.629, 1.629, 5.746, 1.746], "texture": "#0"},
				"west": {"uv": [3.254, 4.504, 3.496, 4.621], "texture": "#0"},
				"up": {"uv": [1.996, 4.871, 1.879, 4.629], "texture": "#0"},
				"down": {"uv": [5.121, 2.754, 5.004, 2.996], "texture": "#0"}
			}
		},
		{
			"from": [7.5, 27.99562, 21.85064],
			"to": [8.5, 28.99562, 25.85064],
			"rotation": {"angle": -45, "axis": "x", "origin": [7.5, 28.49562, 24.35064]},
			"faces": {
				"north": {"uv": [1.754, 5.629, 1.871, 5.746], "texture": "#0"},
				"east": {"uv": [5.379, 0.379, 5.871, 0.496], "texture": "#0"},
				"south": {"uv": [5.629, 1.754, 5.746, 1.871], "texture": "#0"},
				"west": {"uv": [5.379, 3.379, 5.871, 3.496], "texture": "#0"},
				"up": {"uv": [1.996, 4.621, 1.879, 4.129], "texture": "#0"},
				"down": {"uv": [4.996, 5.254, 4.879, 5.746], "texture": "#0"}
			}
		},
		{
			"from": [5, 25.46088, 13.31703],
			"to": [11, 30.46088, 18.31703],
			"rotation": {"angle": -45, "axis": "x", "origin": [8, 25.46088, 19.31703]},
			"faces": {
				"north": {"uv": [4.004, 3.254, 4.746, 3.871], "texture": "#0"},
				"east": {"uv": [4.129, 1.254, 4.746, 1.871], "texture": "#0"},
				"south": {"uv": [3.504, 4.004, 4.246, 4.621], "texture": "#0"},
				"west": {"uv": [4.129, 1.879, 4.746, 2.496], "texture": "#0"},
				"up": {"uv": [4.871, 0.621, 4.129, 0.004], "texture": "#0"},
				"down": {"uv": [4.871, 0.629, 4.129, 1.246], "texture": "#0"}
			}
		},
		{
			"from": [6.5, -1.63912, -14.98],
			"to": [9.5, 1.36088, -11.98],
			"rotation": {"angle": -45, "axis": "x", "origin": [8, 26.86088, 19.41703]},
			"faces": {
				"north": {"uv": [4.629, 4.879, 4.996, 5.246], "texture": "#0"},
				"east": {"uv": [5.004, 1.254, 5.371, 1.621], "texture": "#0"},
				"south": {"uv": [5.004, 1.629, 5.371, 1.996], "texture": "#0"},
				"west": {"uv": [5.004, 2.379, 5.371, 2.746], "texture": "#0"},
				"up": {"uv": [5.371, 4.246, 5.004, 3.879], "texture": "#0"},
				"down": {"uv": [5.371, 4.254, 5.004, 4.621], "texture": "#0"}
			}
		},
		{
			"from": [7.0015, 23.46088, 4.31703],
			"to": [8.9995, 24.46088, 6.31703],
			"rotation": {"angle": 0, "axis": "y", "origin": [0, 17.46088, 2.31703]},
			"faces": {
				"north": {"uv": [4.754, 2.379, 4.996, 2.496], "texture": "#0"},
				"east": {"uv": [5.004, 2.004, 5.246, 2.121], "texture": "#0"},
				"south": {"uv": [5.379, 5.254, 5.621, 5.371], "texture": "#0"},
				"west": {"uv": [5.504, 0.879, 5.746, 0.996], "texture": "#0"},
				"up": {"uv": [3.496, 5.621, 3.254, 5.379], "texture": "#0"},
				"down": {"uv": [5.621, 3.504, 5.379, 3.746], "texture": "#0"}
			}
		},
		{
			"from": [7.001, 23.42702, 1.11941],
			"to": [9.001, 26.42702, 7.11941],
			"rotation": {"angle": -22.5, "axis": "x", "origin": [8, 24.92702, 4.11941]},
			"faces": {
				"north": {"uv": [5.379, 0.004, 5.621, 0.371], "texture": "#0"},
				"east": {"uv": [4.254, 3.879, 4.996, 4.246], "texture": "#0"},
				"south": {"uv": [5.379, 1.004, 5.621, 1.371], "texture": "#0"},
				"west": {"uv": [4.254, 4.254, 4.996, 4.621], "texture": "#0"},
				"up": {"uv": [1.746, 5.621, 1.504, 4.879], "texture": "#0"},
				"down": {"uv": [1.996, 4.879, 1.754, 5.621], "texture": "#0"}
			}
		},
		{
			"from": [7.001, 23.42702, -0.88059],
			"to": [8.999, 24.42702, 1.11941],
			"rotation": {"angle": -22.5, "axis": "x", "origin": [8, 24.92702, 4.11941]},
			"faces": {
				"north": {"uv": [4.129, 5.504, 4.371, 5.621], "texture": "#0"},
				"east": {"uv": [4.379, 5.504, 4.621, 5.621], "texture": "#0"},
				"south": {"uv": [5.504, 5.379, 5.746, 5.496], "texture": "#0"},
				"west": {"uv": [5.504, 5.504, 5.746, 5.621], "texture": "#0"},
				"up": {"uv": [5.621, 3.996, 5.379, 3.754], "texture": "#0"},
				"down": {"uv": [5.621, 4.004, 5.379, 4.246], "texture": "#0"}
			}
		},
		{
			"from": [7, 20.9828, -4.49402],
			"to": [9, 22.9828, 2.50598],
			"rotation": {"angle": -45, "axis": "x", "origin": [8, 21.9828, -0.99402]},
			"faces": {
				"north": {"uv": [5.379, 4.254, 5.621, 4.496], "texture": "#0"},
				"east": {"uv": [4.254, 3.004, 5.121, 3.246], "texture": "#0"},
				"south": {"uv": [5.379, 4.504, 5.621, 4.746], "texture": "#0"},
				"west": {"uv": [4.129, 4.629, 4.996, 4.871], "texture": "#0"},
				"up": {"uv": [4.996, 2.121, 4.754, 1.254], "texture": "#0"},
				"down": {"uv": [5.121, 0.004, 4.879, 0.871], "texture": "#0"}
			}
		},
		{
			"from": [7.501, 20.9828, -6.69402],
			"to": [8.499, 21.9828, -4.49402],
			"rotation": {"angle": -45, "axis": "x", "origin": [8.5, 21.9828, -0.99402]},
			"faces": {
				"north": {"uv": [1.879, 5.629, 1.996, 5.746], "texture": "#0"},
				"east": {"uv": [5.629, 0.004, 5.871, 0.121], "texture": "#0"},
				"south": {"uv": [5.629, 1.879, 5.746, 1.996], "texture": "#0"},
				"west": {"uv": [5.629, 0.129, 5.871, 0.246], "texture": "#0"},
				"up": {"uv": [5.371, 1.246, 5.254, 1.004], "texture": "#0"},
				"down": {"uv": [0.996, 5.504, 0.879, 5.746], "texture": "#0"}
			}
		},
		{
			"from": [7.5, 17.52818, -5.74479],
			"to": [8.5, 20.32818, -4.74479],
			"rotation": {"angle": 22.5, "axis": "x", "origin": [8, 16.32818, -5.24479]},
			"faces": {
				"north": {"uv": [5.129, 0.504, 5.246, 0.871], "texture": "#0"},
				"east": {"uv": [3.504, 5.379, 3.621, 5.746], "texture": "#0"},
				"south": {"uv": [5.504, 0.504, 5.621, 0.871], "texture": "#0"},
				"west": {"uv": [0.754, 5.504, 0.871, 5.871], "texture": "#0"},
				"up": {"uv": [5.746, 2.121, 5.629, 2.004], "texture": "#0"},
				"down": {"uv": [5.746, 2.129, 5.629, 2.246], "texture": "#0"}
			}
		},
		{
			"from": [7, -14.6, 14.18],
			"to": [9, 29.4, 16.18],
			"rotation": {"angle": 0, "axis": "y", "origin": [0, 1.4, 0.1]},
			"faces": {
				"north": {"uv": [1.004, 3.754, 1.246, 9.246], "texture": "#0"},
				"east": {"uv": [1.254, 3.754, 1.496, 9.246], "texture": "#0"},
				"south": {"uv": [2.004, 4.004, 2.246, 9.496], "texture": "#0"},
				"west": {"uv": [2.254, 4.004, 2.496, 9.496], "texture": "#0"},
				"up": {"uv": [5.621, 4.996, 5.379, 4.754], "texture": "#0"},
				"down": {"uv": [5.246, 5.379, 5.004, 5.621], "texture": "#0"}
			}
		},
		{
			"from": [1.99497, 18.4, 11.39497],
			"to": [4.99497, 24.4, 14.39497],
			"rotation": {"angle": 45, "axis": "y", "origin": [8.49497, 16.4, 8.59497]},
			"faces": {
				"north": {"uv": [1.504, 4.129, 1.871, 4.871], "texture": "#0"},
				"east": {"uv": [2.504, 4.504, 2.871, 5.246], "texture": "#0"},
				"south": {"uv": [2.879, 4.504, 3.246, 5.246], "texture": "#0"},
				"west": {"uv": [3.254, 4.629, 3.621, 5.371], "texture": "#0"},
				"up": {"uv": [5.371, 4.996, 5.004, 4.629], "texture": "#0"},
				"down": {"uv": [5.371, 5.004, 5.004, 5.371], "texture": "#0"}
			}
		},
		{
			"from": [7, 29.4, 13.1],
			"to": [9, 30.4, 17.1],
			"rotation": {"angle": 0, "axis": "y", "origin": [0, 1.4, 0.1]},
			"faces": {
				"north": {"uv": [5.629, 0.254, 5.871, 0.371], "texture": "#0"},
				"east": {"uv": [5.379, 5.004, 5.871, 5.121], "texture": "#0"},
				"south": {"uv": [5.629, 0.504, 5.871, 0.621], "texture": "#0"},
				"west": {"uv": [5.379, 5.129, 5.871, 5.246], "texture": "#0"},
				"up": {"uv": [5.496, 0.996, 5.254, 0.504], "texture": "#0"},
				"down": {"uv": [2.746, 5.254, 2.504, 5.746], "texture": "#0"}
			}
		},
		{
			"from": [7.001, 29.93596, 16.79448],
			"to": [8.999, 30.93596, 18.79448],
			"rotation": {"angle": -22.5, "axis": "x", "origin": [7, 30.43596, 18.29448]},
			"faces": {
				"north": {"uv": [5.629, 0.629, 5.871, 0.746], "texture": "#0"},
				"east": {"uv": [5.629, 0.754, 5.871, 0.871], "texture": "#0"},
				"south": {"uv": [5.629, 1.004, 5.871, 1.121], "texture": "#0"},
				"west": {"uv": [5.629, 1.129, 5.871, 1.246], "texture": "#0"},
				"up": {"uv": [5.496, 5.621, 5.254, 5.379], "texture": "#0"},
				"down": {"uv": [0.246, 5.504, 0.004, 5.746], "texture": "#0"}
			}
		},
		{
			"from": [7.001, 30.12731, 11.44358],
			"to": [8.999, 31.12731, 13.44358],
			"rotation": {"angle": 22.5, "axis": "x", "origin": [9, 30.62731, 11.44358]},
			"faces": {
				"north": {"uv": [5.629, 1.254, 5.871, 1.371], "texture": "#0"},
				"east": {"uv": [5.629, 1.379, 5.871, 1.496], "texture": "#0"},
				"south": {"uv": [1.504, 5.629, 1.746, 5.746], "texture": "#0"},
				"west": {"uv": [5.629, 1.504, 5.871, 1.621], "texture": "#0"},
				"up": {"uv": [0.496, 5.746, 0.254, 5.504], "texture": "#0"},
				"down": {"uv": [0.746, 5.504, 0.504, 5.746], "texture": "#0"}
			}
		}
	],
	"gui_light": "front",
	"display": {
		"thirdperson_righthand": {
			"rotation": [0, 17, 0],
			"translation": [-1.5, 6, -4],
			"scale": [0.75, 0.75, 0.75]
		},
		"thirdperson_lefthand": {
			"rotation": [0, 17, 0],
			"translation": [-1.5, 6, -4],
			"scale": [0.75, 0.75, 0.75]
		},
		"firstperson_righthand": {
			"rotation": [-6, 21, 0],
			"translation": [10, 1.75, -15]
		},
		"firstperson_lefthand": {
			"rotation": [-6, 21, 0],
			"translation": [10, 1.75, -15]
		},
		"ground": {
			"rotation": [78, 95, 0],
			"translation": [0, 2, 4],
			"scale": [0.75, 0.75, 0.75]
		},
		"gui": {
			"rotation": [90, 45, -90],
			"translation": [-3, 1.25, 0],
			"scale": [0.4, 0.4, 0.4]
		},
		"head": {
			"rotation": [90, 67.5, -90],
			"translation": [-2.75, -2.5, 3.25],
			"scale": [1.5, 1.5, 1.5]
		},
		"fixed": {
			"rotation": [0, -90, 0],
			"translation": [14, 0, -2],
			"scale": [2, 2, 2]
		}
	},
	"groups": [
		{
			"name": "silverscythe",
			"origin": [8, 8, 8],
			"color": 0,
			"nbt": "{}",
			"children": [0, 1, 2, 3, 4, 5, 6, 7, 8, 9, 10, 11, 12, 13, 14, 15, 16, 17, 18]
		}
	]
}