{
	"credit": "Made with Blockbench",
	"textures": {
		"1": "custom/weapons/sword/irondagger",
		"particle": "custom/weapons/sword/irondagger"
	},
	"elements": [
		{
			"name": "hiltM",
			"from": [5.08704, 3.71548, 7.2815],
			"to": [6.52337, 5.15181, 8.71783],
			"rotation": {"angle": 45, "axis": "z", "origin": [8.0552, 6.68364, 7.99967]},
			"faces": {
				"north": {"uv": [2, 4, 1, 5], "texture": "#1"},
				"east": {"uv": [1, 4, 2, 5], "texture": "#1"},
				"south": {"uv": [1, 4, 2, 5], "texture": "#1"},
				"west": {"uv": [1, 4, 2, 5], "texture": "#1"},
				"up": {"uv": [1, 4, 2, 5], "texture": "#1"},
				"down": {"uv": [1, 4, 2, 5], "texture": "#1"}
			}
		},
		{
			"from": [7.18513, 3.3973, 7.71056],
			"to": [8.92527, 8.06941, 8.28878],
			"rotation": {"angle": 0, "axis": "y", "origin": [8.01074, 3.07769, 7.99927]},
			"faces": {
				"north": {"uv": [0, 0, 1.5, 4], "texture": "#1"},
				"east": {"uv": [3, 4, 3.5, 8], "texture": "#1"},
				"south": {"uv": [1.5, 0, 0, 4], "texture": "#1"},
				"west": {"uv": [4, 3, 4.5, 7], "texture": "#1"},
				"up": {"uv": [8.5, 4.5, 7, 4], "texture": "#1"},
				"down": {"uv": [6.5, 7, 5, 7.5], "texture": "#1"}
			}
		},
		{
			"from": [7.18513, 8.03966, 7.71407],
			"to": [8.33348, 8.66578, 8.29122],
			"rotation": {"angle": 0, "axis": "y", "origin": [8.01074, 2.9898, 7.99927]},
			"faces": {
				"north": {"uv": [7, 5, 8, 5.5], "texture": "#1"},
				"east": {"uv": [3, 8, 3.5, 8.5], "texture": "#1"},
				"south": {"uv": [7, 5, 8, 5.5], "texture": "#1"},
				"west": {"uv": [8, 3, 8.5, 3.5], "texture": "#1"},
				"up": {"uv": [8, 7.5, 7, 7], "texture": "#1"},
				"down": {"uv": [1, 8, 0, 8.5], "texture": "#1"}
			}
		},
		{
			"from": [7.18513, 8.6506, 7.71407],
			"to": [7.76228, 9.08352, 8.29229],
			"rotation": {"angle": 0, "axis": "y", "origin": [8.01074, 2.90192, 7.99927]},
			"faces": {
				"north": {"uv": [5, 8, 5.5, 8.5], "texture": "#1"},
				"east": {"uv": [8, 5, 8.5, 5.5], "texture": "#1"},
				"south": {"uv": [5, 8, 5.5, 8.5], "texture": "#1"},
				"west": {"uv": [8, 6, 8.5, 6.5], "texture": "#1"},
				"up": {"uv": [7.5, 8.5, 7, 8], "texture": "#1"},
				"down": {"uv": [8.5, 7, 8, 7.5], "texture": "#1"}
			}
		},
		{
			"from": [8.31325, 7.80183, 7.70931],
			"to": [8.82859, 9.74829, 8.29241],
			"rotation": {"angle": 45, "axis": "z", "origin": [8.55148, 8.05421, 7.99967]},
			"faces": {
				"north": {"uv": [8, 8, 8.5, 8.5], "texture": "#1"},
				"east": {"uv": [0, 9, 0.5, 9.5], "texture": "#1"},
				"south": {"uv": [8, 8, 8.5, 8.5], "texture": "#1"},
				"west": {"uv": [1, 9, 1.5, 9.5], "texture": "#1"},
				"up": {"uv": [9.5, 1.5, 9, 1], "texture": "#1"},
				"down": {"uv": [2.5, 9, 2, 9.5], "texture": "#1"}
			}
		},
		{
			"from": [7.5554, 0.47232, 7.49987],
			"to": [8.555, 3.47112, 8.49947],
			"rotation": {"angle": 0, "axis": "y", "origin": [8.00467, 3.63073, 7.99921]},
			"faces": {
				"north": {"uv": [0, 4, 1, 6.5], "texture": "#1"},
				"east": {"uv": [0, 4, 1, 6.5], "texture": "#1"},
				"south": {"uv": [1, 4, 0, 6.5], "texture": "#1"},
				"west": {"uv": [1, 4, 0, 6.5], "texture": "#1"},
				"up": {"uv": [7, 3, 6, 2], "texture": "#1"},
				"down": {"uv": [7, 3, 6, 4], "texture": "#1"}
			}
		},
		{
			"from": [7.45194, -0.40656, 7.39641],
			"to": [8.65746, 0.79995, 8.60293],
			"rotation": {"angle": 45, "axis": "z", "origin": [8.0547, 0.1967, 7.99967]},
			"faces": {
				"north": {"uv": [6, 4, 7, 5], "texture": "#1"},
				"east": {"uv": [7, 4, 6, 5], "texture": "#1"},
				"south": {"uv": [7, 4, 6, 5], "texture": "#1"},
				"west": {"uv": [6, 4, 7, 5], "texture": "#1"},
				"up": {"uv": [7, 4, 6, 5], "texture": "#1"},
				"down": {"uv": [7, 4, 6, 5], "texture": "#1"}
			}
		}
	],
	"gui_light": "front",
	"display": {
		"thirdperson_righthand": {
			"rotation": [0, 90, 0],
			"translation": [0, 7, 1],
			"scale": [1.48, 1.48, 1.48]
		},
		"thirdperson_lefthand": {
			"rotation": [0, -90, 0],
			"translation": [0, 7, 1],
			"scale": [1.48, 1.48, 1.48]
		},
		"firstperson_righthand": {
			"rotation": [-10, 99, 0],
			"translation": [2.75, 7.25, -0.75],
			"scale": [1.5, 1.5, 1.5]
		},
		"firstperson_lefthand": {
			"rotation": [-10, -81, 0],
			"translation": [2.75, 7.25, -0.75],
			"scale": [1.5, 1.5, 1.5]
		},
		"ground": {
			"rotation": [80, 10, 0],
			"translation": [0, -1, 3.5],
			"scale": [1.5, 1.5, 1.5]
		},
		"gui": {
			"rotation": [0, 180, 45],
			"translation": [3.5, 3.75, 0],
			"scale": [1.5, 1.5, 1.5]
		},
		"head": {
			"rotation": [180, 0, 0],
			"scale": [4, 4, 4]
		},
		"fixed": {
			"translation": [0, 9.25, -0.25],
			"scale": [4, 4, 4]
		}
	},
	"groups": [
		{
			"name": "Iron Dagger",
			"origin": [7.99958, 1.02038, 8],
			"color": 0,
			"nbt": "{}",
			"children": [0, 1, 2, 3, 4, 5, 6]
		}
	]
}