{
	"credit": "Made with Blockbench",
	"textures": {
		"2": "custom/weapons/knife/silverdagger"
	},
	"elements": [
		{
			"from": [7.14131, 3.44419, 7.71054],
			"to": [8.88145, 8.11631, 8.28876],
			"rotation": {"angle": 0, "axis": "y", "origin": [7.96692, 3.12458, 7.99926]},
			"faces": {
				"north": {"uv": [0, 0, 1.5, 4], "texture": "#2"},
				"east": {"uv": [3, 4, 3.5, 8], "texture": "#2"},
				"south": {"uv": [1.5, 0, 0, 4], "texture": "#2"},
				"west": {"uv": [4, 3, 4.5, 7], "texture": "#2"},
				"up": {"uv": [8.5, 4.5, 7, 4], "texture": "#2"},
				"down": {"uv": [6.5, 7, 5, 7.5], "texture": "#2"}
			}
		},
		{
			"from": [7.14131, 8.08656, 7.71405],
			"to": [8.28966, 8.71268, 8.2912],
			"rotation": {"angle": 0, "axis": "y", "origin": [7.96692, 3.0367, 7.99926]},
			"faces": {
				"north": {"uv": [7, 5, 8, 5.5], "texture": "#2"},
				"east": {"uv": [3, 8, 3.5, 8.5], "texture": "#2"},
				"south": {"uv": [7, 5, 8, 5.5], "texture": "#2"},
				"west": {"uv": [8, 3, 8.5, 3.5], "texture": "#2"},
				"up": {"uv": [8, 7.5, 7, 7], "texture": "#2"},
				"down": {"uv": [1, 8, 0, 8.5], "texture": "#2"}
			}
		},
		{
			"from": [7.14131, 8.69749, 7.71405],
			"to": [7.71846, 9.13041, 8.29227],
			"rotation": {"angle": 0, "axis": "y", "origin": [7.96692, 2.94882, 7.99926]},
			"faces": {
				"north": {"uv": [5, 8, 5.5, 8.5], "texture": "#2"},
				"east": {"uv": [8, 5, 8.5, 5.5], "texture": "#2"},
				"south": {"uv": [5, 8, 5.5, 8.5], "texture": "#2"},
				"west": {"uv": [8, 6, 8.5, 6.5], "texture": "#2"},
				"up": {"uv": [7.5, 8.5, 7, 8], "texture": "#2"},
				"down": {"uv": [8.5, 7, 8, 7.5], "texture": "#2"}
			}
		},
		{
			"from": [8.26943, 7.84873, 7.70929],
			"to": [8.78477, 9.79518, 8.29239],
			"rotation": {"angle": 45, "axis": "z", "origin": [8.50766, 8.1011, 7.99965]},
			"faces": {
				"north": {"uv": [8, 8, 8.5, 8.5], "texture": "#2"},
				"east": {"uv": [0, 9, 0.5, 9.5], "texture": "#2"},
				"south": {"uv": [8, 8, 8.5, 8.5], "texture": "#2"},
				"west": {"uv": [1, 9, 1.5, 9.5], "texture": "#2"},
				"up": {"uv": [9.5, 1.5, 9, 1], "texture": "#2"},
				"down": {"uv": [2.5, 9, 2, 9.5], "texture": "#2"}
			}
		},
		{
			"from": [7.51158, 0.51922, 7.49985],
			"to": [8.51118, 3.51802, 8.49945],
			"rotation": {"angle": 0, "axis": "y", "origin": [7.96085, 3.67762, 7.9992]},
			"faces": {
				"north": {"uv": [0, 4, 1, 7], "texture": "#2"},
				"east": {"uv": [0, 4, 1, 7], "texture": "#2"},
				"south": {"uv": [1, 4, 0, 7], "texture": "#2"},
				"west": {"uv": [1, 4, 0, 7], "texture": "#2"},
				"up": {"uv": [7, 3, 6, 2], "texture": "#2"},
				"down": {"uv": [7, 3, 6, 4], "texture": "#2"}
			}
		},
		{
			"from": [7.40812, -0.35967, 7.39639],
			"to": [8.61364, 0.84685, 8.60291],
			"rotation": {"angle": 45, "axis": "z", "origin": [8.01088, 0.24359, 7.99965]},
			"faces": {
				"north": {"uv": [6, 4, 7, 5], "texture": "#2"},
				"east": {"uv": [7, 4, 6, 5], "texture": "#2"},
				"south": {"uv": [7, 4, 6, 5], "texture": "#2"},
				"west": {"uv": [6, 4, 7, 5], "texture": "#2"},
				"up": {"uv": [7, 4, 6, 5], "texture": "#2"},
				"down": {"uv": [7, 4, 6, 5], "texture": "#2"}
			}
		},
		{
			"name": "hiltR",
			"from": [6.78519, 2.35676, 7.35336],
			"to": [8.24462, 3.53384, 8.6463],
			"rotation": {"angle": -22.5, "axis": "z", "origin": [8.01138, 2.90909, 7.99965]},
			"faces": {
				"north": {"uv": [6.00833, 4, 6.99792, 5], "texture": "#2"},
				"east": {"uv": [0.66667, 12, 1.33333, 13], "texture": "#2"},
				"south": {"uv": [6.00833, 4, 6.99792, 5], "texture": "#2"},
				"west": {"uv": [6.00833, 5, 6.99792, 6], "texture": "#2"},
				"up": {"uv": [6.00833, 5, 6.99792, 6], "texture": "#2"},
				"down": {"uv": [6.00833, 5, 7.00833, 5.98959], "rotation": 270, "texture": "#2"}
			}
		},
		{
			"name": "hiltR",
			"from": [7.77814, 2.35676, 7.35336],
			"to": [9.23757, 3.53384, 8.6463],
			"rotation": {"angle": 22.5, "axis": "z", "origin": [8.01138, 2.90909, 7.99965]},
			"faces": {
				"north": {"uv": [6.99792, 4, 6.00833, 5], "texture": "#2"},
				"east": {"uv": [6.00833, 5, 6.99792, 6], "texture": "#2"},
				"south": {"uv": [6.00833, 4, 6.99792, 5], "texture": "#2"},
				"west": {"uv": [1.33333, 12, 0.66667, 13], "texture": "#2"},
				"up": {"uv": [6.00833, 5, 6.99792, 6], "texture": "#2"},
				"down": {"uv": [6.00833, 5, 7.00833, 5.98959], "rotation": 90, "texture": "#2"}
			}
		},
		{
			"name": "hiltM",
			"from": [2.24672, 4.38712, 7.26661],
			"to": [3.68305, 5.82345, 8.73269],
			"rotation": {"angle": 45, "axis": "z", "origin": [8.01138, 10.15178, 7.99965]},
			"faces": {
				"north": {"uv": [6.00833, 4, 6.99792, 5], "texture": "#2"},
				"east": {"uv": [6.99792, 5, 6.00833, 6], "texture": "#2"},
				"south": {"uv": [6.00833, 4, 6.99792, 5], "texture": "#2"},
				"west": {"uv": [6.00833, 4, 6.99792, 5], "texture": "#2"},
				"up": {"uv": [6.00833, 5, 7.00833, 5.98959], "rotation": 90, "texture": "#2"},
				"down": {"uv": [6.00833, 4, 6.99792, 5], "texture": "#2"}
			}
		}
	],
	"gui_light": "front",
	"display": {
		"thirdperson_righthand": {
			"rotation": [0, 90, 0],
			"translation": [0, 7, 1],
			"scale": [1.48, 1.48, 1.48]
		},
		"thirdperson_lefthand": {
			"rotation": [0, -90, 0],
			"translation": [0, 7, 1],
			"scale": [1.48, 1.48, 1.48]
		},
		"firstperson_righthand": {
			"rotation": [-10, 99, 0],
			"translation": [2.75, 7.25, -0.75],
			"scale": [1.5, 1.5, 1.5]
		},
		"firstperson_lefthand": {
			"rotation": [-10, -81, 0],
			"translation": [2.75, 7.25, -0.75],
			"scale": [1.5, 1.5, 1.5]
		},
		"ground": {
			"rotation": [80, 10, 0],
			"translation": [0, -1, 3.5],
			"scale": [1.5, 1.5, 1.5]
		},
		"gui": {
			"rotation": [0, 180, 45],
			"translation": [3.5, 3.75, 0],
			"scale": [1.5, 1.5, 1.5]
		},
		"head": {
			"rotation": [180, 0, 0],
			"scale": [4, 4, 4]
		},
		"fixed": {
			"translation": [0, 9.25, -0.25],
			"scale": [4, 4, 4]
		}
	},
	"groups": [
		{
			"name": "Silver Dagger",
			"origin": [8, 9.34659, 8],
			"color": 0,
			"nbt": "{}",
			"children": [0, 1, 2, 3, 4, 5, 6, 7, 8]
		}
	]
}