{
	"credit": "Made with Blockbench",
	"textures": {
		"3": "custom/weapons/knife/stonedagger",
		"particle": "custom/weapons/knife/stonedagger"
	},
	"elements": [
		{
			"from": [7.17824, 3.36046, 7.71056],
			"to": [8.91837, 8.03258, 8.28878],
			"rotation": {"angle": 0, "axis": "y", "origin": [8.00385, 3.04085, 7.99927]},
			"faces": {
				"north": {"uv": [0, 0, 1.5, 4], "texture": "#3"},
				"east": {"uv": [3, 4, 3.5, 8], "texture": "#3"},
				"south": {"uv": [2, 0, 3.5, 4], "texture": "#3"},
				"west": {"uv": [4, 3, 4.5, 7], "texture": "#3"},
				"up": {"uv": [2.5, 7.5, 1, 7], "texture": "#3"},
				"down": {"uv": [8.5, 1, 7, 1.5], "texture": "#3"}
			}
		},
		{
			"from": [7.17824, 8.00283, 7.71407],
			"to": [8.32659, 8.62895, 8.29122],
			"rotation": {"angle": 0, "axis": "y", "origin": [8.00385, 2.95297, 7.99927]},
			"faces": {
				"north": {"uv": [2, 8, 3, 8.5], "texture": "#3"},
				"east": {"uv": [8, 7, 8.5, 7.5], "texture": "#3"},
				"south": {"uv": [8, 2, 9, 2.5], "texture": "#3"},
				"west": {"uv": [8, 8, 8.5, 8.5], "texture": "#3"},
				"up": {"uv": [4, 8.5, 3, 8], "texture": "#3"},
				"down": {"uv": [9, 3, 8, 3.5], "texture": "#3"}
			}
		},
		{
			"from": [7.17824, 8.61376, 7.71407],
			"to": [7.75539, 9.04668, 8.29229],
			"rotation": {"angle": 0, "axis": "y", "origin": [8.00385, 2.86509, 7.99927]},
			"faces": {
				"north": {"uv": [0, 9, 0.5, 9.5], "texture": "#3"},
				"east": {"uv": [1, 9, 1.5, 9.5], "texture": "#3"},
				"south": {"uv": [9, 1, 9.5, 1.5], "texture": "#3"},
				"west": {"uv": [2, 9, 2.5, 9.5], "texture": "#3"},
				"up": {"uv": [9.5, 2.5, 9, 2], "texture": "#3"},
				"down": {"uv": [3.5, 9, 3, 9.5], "texture": "#3"}
			}
		},
		{
			"from": [8.30636, 7.765, 7.70931],
			"to": [8.8217, 9.71145, 8.29241],
			"rotation": {"angle": 45, "axis": "z", "origin": [8.54458, 8.01737, 7.99967]},
			"faces": {
				"north": {"uv": [7, 2, 7.5, 3.5], "texture": "#3"},
				"east": {"uv": [4, 7, 4.5, 8.5], "texture": "#3"},
				"south": {"uv": [7, 4, 7.5, 5.5], "texture": "#3"},
				"west": {"uv": [5, 7, 5.5, 8.5], "texture": "#3"},
				"up": {"uv": [9.5, 3.5, 9, 3], "texture": "#3"},
				"down": {"uv": [4.5, 9, 4, 9.5], "texture": "#3"}
			}
		},
		{
			"from": [7.5485, 0.43549, 7.49987],
			"to": [8.5481, 3.43429, 8.49947],
			"rotation": {"angle": 0, "axis": "y", "origin": [7.99778, 3.59389, 7.99921]},
			"faces": {
				"north": {"uv": [0, 4, 1, 6.5], "texture": "#3"},
				"east": {"uv": [4, 0, 5, 2.5], "texture": "#3"},
				"south": {"uv": [1, 4, 2, 6.5], "texture": "#3"},
				"west": {"uv": [2, 4, 3, 6.5], "texture": "#3"},
				"up": {"uv": [6, 5, 5, 4], "texture": "#3"},
				"down": {"uv": [6, 5, 5, 6], "texture": "#3"}
			}
		},
		{
			"from": [7.44505, -0.4434, 7.39641],
			"to": [8.65056, 0.76312, 8.60293],
			"rotation": {"angle": 45, "axis": "z", "origin": [8.0478, 0.15986, 7.99967]},
			"faces": {
				"north": {"uv": [6, 4, 7, 5], "texture": "#3"},
				"east": {"uv": [5, 6, 6, 7], "texture": "#3"},
				"south": {"uv": [6, 5, 7, 6], "texture": "#3"},
				"west": {"uv": [6, 6, 7, 7], "texture": "#3"},
				"up": {"uv": [1, 8, 0, 7], "texture": "#3"},
				"down": {"uv": [8, 0, 7, 1], "texture": "#3"}
			}
		},
		{
			"name": "pommel",
			"from": [7.03264, 3.09899, 7.2815],
			"to": [9.00447, 3.70232, 8.71783],
			"rotation": {"angle": -22.5, "axis": "z", "origin": [8.0483, 3.51966, 7.99967]},
			"faces": {
				"north": {"uv": [0, 8, 1.5, 8.5], "texture": "#3"},
				"east": {"uv": [6, 8, 7, 8.5], "texture": "#3"},
				"south": {"uv": [8, 0, 9.5, 0.5], "texture": "#3"},
				"west": {"uv": [7, 8, 8, 8.5], "texture": "#3"},
				"up": {"uv": [6.5, 3, 5, 2], "texture": "#3"},
				"down": {"uv": [6.5, 3, 5, 4], "texture": "#3"}
			}
		},
		{
			"name": "pommel",
			"from": [7.09214, 3.09899, 7.341],
			"to": [9.06397, 3.70232, 8.65833],
			"rotation": {"angle": 22.5, "axis": "z", "origin": [8.0483, 3.51966, 7.99967]},
			"faces": {
				"north": {"uv": [6, 7, 7.5, 7.5], "texture": "#3"},
				"east": {"uv": [8, 4, 9, 4.5], "texture": "#3"},
				"south": {"uv": [7, 6, 8.5, 6.5], "texture": "#3"},
				"west": {"uv": [8, 5, 9, 5.5], "texture": "#3"},
				"up": {"uv": [6.5, 1, 5, 0], "texture": "#3"},
				"down": {"uv": [6.5, 1, 5, 2], "texture": "#3"}
			}
		}
	],
	"gui_light": "front",
	"display": {
		"thirdperson_righthand": {
			"rotation": [0, 90, 0],
			"translation": [0, 7, 1],
			"scale": [1.48, 1.48, 1.48]
		},
		"thirdperson_lefthand": {
			"rotation": [0, -90, 0],
			"translation": [0, 7, 1],
			"scale": [1.48, 1.48, 1.48]
		},
		"firstperson_righthand": {
			"rotation": [-10, 99, 0],
			"translation": [2.75, 7.25, -0.75],
			"scale": [1.5, 1.5, 1.5]
		},
		"firstperson_lefthand": {
			"rotation": [-10, -81, 0],
			"translation": [2.75, 7.25, -0.75],
			"scale": [1.5, 1.5, 1.5]
		},
		"ground": {
			"rotation": [80, 10, 0],
			"translation": [0, -1, 3.5],
			"scale": [1.5, 1.5, 1.5]
		},
		"gui": {
			"rotation": [0, 180, 45],
			"translation": [3.5, 3.75, 0],
			"scale": [1.5, 1.5, 1.5]
		},
		"head": {
			"rotation": [180, 0, 0],
			"scale": [4, 4, 4]
		},
		"fixed": {
			"translation": [0, 9.25, -0.25],
			"scale": [4, 4, 4]
		}
	}
}