{
	"credit": "Made with Blockbench",
	"texture_size": [256, 64],
	"textures": {
		"4": "custom/environment/barrels/normal-barrel"
	},
	"elements": [
		{
			"from": [0.5, 1, 0.5],
			"to": [15.5, 15, 15.5],
			"faces": {
				"north": {"uv": [12.9375, 0, 13.875, 3.5], "texture": "#4"},
				"east": {"uv": [12.9375, 0, 13.875, 3.5], "texture": "#4"},
				"south": {"uv": [12.9375, 0, 13.875, 3.5], "texture": "#4"},
				"west": {"uv": [12.9375, 0, 13.875, 3.5], "texture": "#4"},
				"up": {"uv": [12.9375, 3.75, 12, 0], "texture": "#4"},
				"down": {"uv": [12.9375, 3.75, 12, 0], "texture": "#4"}
			}
		},
		{
			"from": [1.5, 15, 1.5],
			"to": [14.5, 16, 14.5],
			"faces": {
				"north": {"uv": [12.9375, 10.5, 13.75, 10.75], "texture": "#4"},
				"east": {"uv": [14.6875, 0, 15.5, 0.25], "texture": "#4"},
				"south": {"uv": [14.6875, 0.25, 15.5, 0.5], "texture": "#4"},
				"west": {"uv": [14.6875, 0.5, 15.5, 0.75], "texture": "#4"},
				"up": {"uv": [14.6875, 3.25, 13.875, 0], "texture": "#4"},
				"down": {"uv": [14.6875, 3.25, 13.875, 6.5], "texture": "#4"}
			}
		},
		{
			"from": [1.5, 0, 1.5],
			"to": [14.5, 1, 14.5],
			"faces": {
				"north": {"uv": [12.9375, 10.5, 13.75, 10.75], "texture": "#4"},
				"east": {"uv": [14.6875, 0, 15.5, 0.25], "texture": "#4"},
				"south": {"uv": [14.6875, 0.25, 15.5, 0.5], "texture": "#4"},
				"west": {"uv": [14.6875, 0.5, 15.5, 0.75], "texture": "#4"},
				"up": {"uv": [14.6875, 3.25, 13.875, 0], "texture": "#4"},
				"down": {"uv": [14.6875, 3.25, 13.875, 6.5], "texture": "#4"}
			}
		},
		{
			"from": [1.5, 15, 1.5],
			"to": [14.5, 16, 14.5],
			"faces": {
				"north": {"uv": [12.9375, 10.5, 13.75, 10.75], "texture": "#4"},
				"east": {"uv": [14.6875, 0, 15.5, 0.25], "texture": "#4"},
				"south": {"uv": [14.6875, 0.25, 15.5, 0.5], "texture": "#4"},
				"west": {"uv": [14.6875, 0.5, 15.5, 0.75], "texture": "#4"},
				"up": {"uv": [14.6875, 3.25, 13.875, 0], "texture": "#4"},
				"down": {"uv": [14.6875, 3.25, 13.875, 6.5], "texture": "#4"}
			}
		},
		{
			"from": [0, 11, 0],
			"to": [16, 13, 16],
			"rotation": {"angle": 0, "axis": "y", "origin": [0, 16, 0]},
			"faces": {
				"north": {"uv": [0, 8, 2, 8.5], "texture": "#4"},
				"east": {"uv": [4, 0, 6, 0.5], "texture": "#4"},
				"south": {"uv": [4, 0.5, 6, 1], "texture": "#4"},
				"west": {"uv": [4, 1, 6, 1.5], "texture": "#4"},
				"up": {"uv": [2, 4, 0, 0], "texture": "#4"},
				"down": {"uv": [2, 4, 0, 8], "texture": "#4"}
			}
		},
		{
			"from": [0, 3, 0],
			"to": [16, 5, 16],
			"rotation": {"angle": 0, "axis": "y", "origin": [0, 16, 0]},
			"faces": {
				"north": {"uv": [4, 1.5, 6, 2], "texture": "#4"},
				"east": {"uv": [4, 2, 6, 2.5], "texture": "#4"},
				"south": {"uv": [4, 2.5, 6, 3], "texture": "#4"},
				"west": {"uv": [4, 3, 6, 3.5], "texture": "#4"},
				"up": {"uv": [4, 4, 2, 0], "texture": "#4"},
				"down": {"uv": [4, 4, 2, 8], "texture": "#4"}
			}
		}
	],
	"gui_light": "front",
	"display": {
		"thirdperson_righthand": {
			"rotation": [75, 45, 0],
			"translation": [0, 2.5, 0],
			"scale": [0.375, 0.375, 0.375]
		},
		"thirdperson_lefthand": {
			"rotation": [75, 45, 0],
			"translation": [0, 2.5, 0],
			"scale": [0.375, 0.375, 0.375]
		},
		"firstperson_righthand": {
			"rotation": [0, 45, 0],
			"scale": [0.4, 0.4, 0.4]
		},
		"firstperson_lefthand": {
			"rotation": [0, 225, 0],
			"scale": [0.4, 0.4, 0.4]
		},
		"ground": {
			"translation": [0, 3, 0],
			"scale": [0.25, 0.25, 0.25]
		},
		"gui": {
			"rotation": [30, 225, 0],
			"scale": [0.625, 0.625, 0.625]
		},
		"head": {
			"scale": [1.1, 1.1, 1.1]
		},
		"fixed": {
			"rotation": [-90, 0, 0],
			"translation": [0, 0, -16],
			"scale": [2, 2, 2]
		}
	},
	"groups": [
		{
			"name": "Barrel",
			"origin": [0, 16, 0],
			"color": 0,
			"nbt": "{}",
			"children": [0, 1, 2, 3, 4, 5]
		}
	]
}