{
	"credit": "Made with Blockbench",
	"texture_size": [256, 128],
	"textures": {
		"5": "custom/environment/barrels/fire-barrel"
	},
	"elements": [
		{
			"from": [0.5, 1, 0.5],
			"to": [15.5, 15, 15.5],
			"faces": {
				"north": {"uv": [4.9375, 8, 5.875, 9.75], "texture": "#5"},
				"east": {"uv": [4.9375, 8, 5.875, 9.75], "texture": "#5"},
				"south": {"uv": [4.9375, 8, 5.875, 9.75], "texture": "#5"},
				"west": {"uv": [4.9375, 8, 5.875, 9.75], "texture": "#5"},
				"up": {"uv": [4.9375, 9.875, 4, 8], "texture": "#5"},
				"down": {"uv": [4.9375, 9.875, 4, 8], "texture": "#5"}
			}
		},
		{
			"from": [0, 3, 0],
			"to": [16, 5, 16],
			"rotation": {"angle": 0, "axis": "y", "origin": [0, 16, 0]},
			"faces": {
				"north": {"uv": [12, 0.75, 14, 1], "texture": "#5"},
				"east": {"uv": [12, 1, 14, 1.25], "texture": "#5"},
				"south": {"uv": [12, 1.25, 14, 1.5], "texture": "#5"},
				"west": {"uv": [12, 1.5, 14, 1.75], "texture": "#5"},
				"up": {"uv": [12, 2, 10, 0], "texture": "#5"},
				"down": {"uv": [12, 2, 10, 4], "texture": "#5"}
			}
		},
		{
			"from": [0, 11, 0],
			"to": [16, 13, 16],
			"rotation": {"angle": 0, "axis": "y", "origin": [0, 16, 0]},
			"faces": {
				"north": {"uv": [8, 4, 10, 4.25], "texture": "#5"},
				"east": {"uv": [12, 0, 14, 0.25], "texture": "#5"},
				"south": {"uv": [12, 0.25, 14, 0.5], "texture": "#5"},
				"west": {"uv": [12, 0.5, 14, 0.75], "texture": "#5"},
				"up": {"uv": [10, 2, 8, 0], "texture": "#5"},
				"down": {"uv": [10, 2, 8, 4], "texture": "#5"}
			}
		},
		{
			"from": [1.5, 15, 1.5],
			"to": [14.5, 16, 14.5],
			"rotation": {"angle": 0, "axis": "y", "origin": [8, 11.75, 4]},
			"faces": {
				"north": {"uv": [4.9375, 13.25, 5.75, 13.375], "texture": "#5"},
				"east": {"uv": [6.6875, 8, 7.5, 8.125], "texture": "#5"},
				"south": {"uv": [6.6875, 8.125, 7.5, 8.25], "texture": "#5"},
				"west": {"uv": [6.6875, 8.25, 7.5, 8.375], "texture": "#5"},
				"up": {"uv": [6.6875, 9.625, 5.875, 8], "texture": "#5"},
				"down": {"uv": [6.6875, 9.625, 5.875, 11.25], "texture": "#5"}
			}
		},
		{
			"from": [1.5, 0, 1.5],
			"to": [14.5, 1, 14.5],
			"rotation": {"angle": 0, "axis": "y", "origin": [8, 11.75, 4]},
			"faces": {
				"north": {"uv": [4.9375, 13.25, 5.75, 13.375], "texture": "#5"},
				"east": {"uv": [6.6875, 8, 7.5, 8.125], "texture": "#5"},
				"south": {"uv": [6.6875, 8.125, 7.5, 8.25], "texture": "#5"},
				"west": {"uv": [6.6875, 8.25, 7.5, 8.375], "texture": "#5"},
				"up": {"uv": [6.6875, 9.625, 5.875, 8], "texture": "#5"},
				"down": {"uv": [6.6875, 9.625, 5.875, 11.25], "texture": "#5"}
			}
		},
		{
			"from": [2.5, 5.25, 0],
			"to": [13.5, 10.75, 0],
			"rotation": {"angle": 0, "axis": "y", "origin": [8, 8, 8]},
			"faces": {
				"north": {"uv": [0, 3, 5.5, 6], "texture": "#5"},
				"east": {"uv": [0, 0, 0, 0.75], "texture": "#missing"},
				"south": {"uv": [0, 3, 5.5, 6], "texture": "#5"},
				"west": {"uv": [0, 0, 0, 0.75], "texture": "#missing"},
				"up": {"uv": [0.75, 0, 0, 0], "texture": "#missing"},
				"down": {"uv": [0.75, 0, 0, 0], "texture": "#missing"}
			}
		},
		{
			"from": [0, 5.25, 2],
			"to": [0, 10.75, 14],
			"rotation": {"angle": 0, "axis": "y", "origin": [8, 8, 8]},
			"faces": {
				"north": {"uv": [0, 0, 0, 0.625], "texture": "#missing"},
				"east": {"uv": [0, 3, 5.5, 6], "texture": "#5"},
				"south": {"uv": [0, 0, 0, 0.625], "texture": "#missing"},
				"west": {"uv": [0, 3, 5.5, 6], "texture": "#5"},
				"up": {"uv": [0, 1.5, 0, 0], "texture": "#missing"},
				"down": {"uv": [0, 0, 0, 1.5], "texture": "#missing"}
			}
		},
		{
			"from": [16, 5.25, 2],
			"to": [16, 10.75, 14],
			"rotation": {"angle": 0, "axis": "y", "origin": [8, 8, 8]},
			"faces": {
				"north": {"uv": [0, 0, 0, 0.625], "texture": "#missing"},
				"east": {"uv": [0, 3, 5.5, 6], "texture": "#5"},
				"south": {"uv": [0, 0, 0, 0.625], "texture": "#missing"},
				"west": {"uv": [0, 3, 5.5, 6], "texture": "#5"},
				"up": {"uv": [0, 1.5, 0, 0], "texture": "#missing"},
				"down": {"uv": [0, 0, 0, 1.5], "texture": "#missing"}
			}
		},
		{
			"from": [2.5, 5.25, 16],
			"to": [13.5, 10.75, 16],
			"rotation": {"angle": 0, "axis": "y", "origin": [8, 8, 8]},
			"faces": {
				"north": {"uv": [0, 0, 5.5, 3], "texture": "#5"},
				"east": {"uv": [0, 0, 0, 3], "texture": "#5"},
				"south": {"uv": [0, 3, 5.5, 6], "texture": "#5"},
				"west": {"uv": [0, 0, 0, 3], "texture": "#5"},
				"up": {"uv": [5.5, 0, 0, 0], "texture": "#5"},
				"down": {"uv": [5.5, 0, 0, 0], "texture": "#5"}
			}
		}
	],
	"display": {
		"fixed": {
			"rotation": [-90, 0, 0],
			"translation": [0, 0, -16],
			"scale": [2, 2, 2]
		}
	},
	"groups": [
		{
			"name": "FireBarrel",
			"origin": [8, 8, 8],
			"color": 0,
			"nbt": "{}",
			"children": [0, 1, 2, 3, 4, 5, 6, 7, 8]
		}
	]
}